<?xml version="1.0" encoding="utf-8"?>
<COLLADA xmlns="http://www.collada.org/2005/11/COLLADASchema" version="1.4.1" xmlns:xsi="http://www.w3.org/2001/XMLSchema-instance">
  <asset>
    <contributor>
      <author>Blender User</author>
      <authoring_tool>Blender 2.92.0 commit date:2021-02-24, commit time:16:25, hash:02948a2cab44</authoring_tool>
    </contributor>
    <created>2026-05-13T18:51:40</created>
    <modified>2026-05-13T18:51:40</modified>
    <unit name="meter" meter="1"/>
    <up_axis>Z_UP</up_axis>
  </asset>
  <library_cameras>
    <camera id="Camera-camera" name="Camera">
      <optics>
        <technique_common>
          <perspective>
            <xfov sid="xfov">39.59775</xfov>
            <aspect_ratio>1.777778</aspect_ratio>
            <znear sid="znear">0.1</znear>
            <zfar sid="zfar">100</zfar>
          </perspective>
        </technique_common>
      </optics>
      <extra>
        <technique profile="blender">
          <shiftx sid="shiftx" type="float">0</shiftx>
          <shifty sid="shifty" type="float">0</shifty>
          <dof_distance sid="dof_distance" type="float">10</dof_distance>
        </technique>
      </extra>
    </camera>
  </library_cameras>
  <library_lights>
    <light id="Light-light" name="Light">
      <technique_common>
        <point>
          <color sid="color">1000 1000 1000</color>
          <constant_attenuation>1</constant_attenuation>
          <linear_attenuation>0</linear_attenuation>
          <quadratic_attenuation>0.00111109</quadratic_attenuation>
        </point>
      </technique_common>
      <extra>
        <technique profile="blender">
          <type sid="type" type="int">0</type>
          <flag sid="flag" type="int">0</flag>
          <mode sid="mode" type="int">1</mode>
          <gamma sid="blender_gamma" type="float">1</gamma>
          <red sid="red" type="float">1</red>
          <green sid="green" type="float">1</green>
          <blue sid="blue" type="float">1</blue>
          <shadow_r sid="blender_shadow_r" type="float">0</shadow_r>
          <shadow_g sid="blender_shadow_g" type="float">0</shadow_g>
          <shadow_b sid="blender_shadow_b" type="float">0</shadow_b>
          <energy sid="blender_energy" type="float">1000</energy>
          <dist sid="blender_dist" type="float">29.99998</dist>
          <spotsize sid="spotsize" type="float">75</spotsize>
          <spotblend sid="spotblend" type="float">0.15</spotblend>
          <att1 sid="att1" type="float">0</att1>
          <att2 sid="att2" type="float">1</att2>
          <falloff_type sid="falloff_type" type="int">2</falloff_type>
          <clipsta sid="clipsta" type="float">0.04999995</clipsta>
          <clipend sid="clipend" type="float">30.002</clipend>
          <bias sid="bias" type="float">1</bias>
          <soft sid="soft" type="float">3</soft>
          <bufsize sid="bufsize" type="int">2880</bufsize>
          <samp sid="samp" type="int">3</samp>
          <buffers sid="buffers" type="int">1</buffers>
          <area_shape sid="area_shape" type="int">1</area_shape>
          <area_size sid="area_size" type="float">0.1</area_size>
          <area_sizey sid="area_sizey" type="float">0.1</area_sizey>
          <area_sizez sid="area_sizez" type="float">1</area_sizez>
        </technique>
      </extra>
    </light>
  </library_lights>
  <library_effects>
    <effect id="Material_002-effect">
      <profile_COMMON>
        <technique sid="common">
          <lambert>
            <emission>
              <color sid="emission">0 0 0 1</color>
            </emission>
            <diffuse>
              <color sid="diffuse">0.8 0.8 0.8 1</color>
            </diffuse>
            <index_of_refraction>
              <float sid="ior">1.45</float>
            </index_of_refraction>
          </lambert>
        </technique>
      </profile_COMMON>
    </effect>
    <effect id="Material_001-effect">
      <profile_COMMON>
        <technique sid="common">
          <lambert>
            <emission>
              <color sid="emission">0 0 0 1</color>
            </emission>
            <diffuse>
              <color sid="diffuse">0.8 0.8 0.8 1</color>
            </diffuse>
            <index_of_refraction>
              <float sid="ior">1.45</float>
            </index_of_refraction>
          </lambert>
        </technique>
      </profile_COMMON>
    </effect>
    <effect id="Material_003-effect">
      <profile_COMMON>
        <technique sid="common">
          <lambert>
            <emission>
              <color sid="emission">0 0 0 1</color>
            </emission>
            <diffuse>
              <color sid="diffuse">0.03482358 0.1092316 0.8000001 1</color>
            </diffuse>
            <index_of_refraction>
              <float sid="ior">1.45</float>
            </index_of_refraction>
          </lambert>
        </technique>
      </profile_COMMON>
    </effect>
    <effect id="Material-effect">
      <profile_COMMON>
        <technique sid="common">
          <lambert>
            <emission>
              <color sid="emission">0 0 0 1</color>
            </emission>
            <diffuse>
              <color sid="diffuse">0.8 0.8 0.8 1</color>
            </diffuse>
            <index_of_refraction>
              <float sid="ior">1.45</float>
            </index_of_refraction>
          </lambert>
        </technique>
      </profile_COMMON>
    </effect>
  </library_effects>
  <library_images/>
  <library_materials>
    <material id="Material_002-material" name="Material.002">
      <instance_effect url="#Material_002-effect"/>
    </material>
    <material id="Material_001-material" name="Material.001">
      <instance_effect url="#Material_001-effect"/>
    </material>
    <material id="Material_003-material" name="Material.003">
      <instance_effect url="#Material_003-effect"/>
    </material>
    <material id="Material-material" name="Material">
      <instance_effect url="#Material-effect"/>
    </material>
  </library_materials>
  <library_geometries>
    <geometry id="Cube_002-mesh" name="Cube.002">
      <mesh>
        <source id="Cube_002-mesh-positions">
          <float_array id="Cube_002-mesh-positions-array" count="24">1 1 1 1 1 -1 1 -1 1 1 -1 -1 -1 1 1 -1 1 -1 -1 -1 1 -1 -1 -1</float_array>
          <technique_common>
            <accessor source="#Cube_002-mesh-positions-array" count="8" stride="3">
              <param name="X" type="float"/>
              <param name="Y" type="float"/>
              <param name="Z" type="float"/>
            </accessor>
          </technique_common>
        </source>
        <source id="Cube_002-mesh-normals">
          <float_array id="Cube_002-mesh-normals-array" count="18">0 0 1 0 -1 0 -1 0 0 0 0 -1 1 0 0 0 1 0</float_array>
          <technique_common>
            <accessor source="#Cube_002-mesh-normals-array" count="6" stride="3">
              <param name="X" type="float"/>
              <param name="Y" type="float"/>
              <param name="Z" type="float"/>
            </accessor>
          </technique_common>
        </source>
        <source id="Cube_002-mesh-map-0">
          <float_array id="Cube_002-mesh-map-0-array" count="72">0.875 0.5 0.625 0.75 0.625 0.5 0.625 0.75 0.375 1 0.375 0.75 0.625 0 0.375 0.25 0.375 0 0.375 0.5 0.125 0.75 0.125 0.5 0.625 0.5 0.375 0.75 0.375 0.5 0.625 0.25 0.375 0.5 0.375 0.25 0.875 0.5 0.875 0.75 0.625 0.75 0.625 0.75 0.625 1 0.375 1 0.625 0 0.625 0.25 0.375 0.25 0.375 0.5 0.375 0.75 0.125 0.75 0.625 0.5 0.625 0.75 0.375 0.75 0.625 0.25 0.625 0.5 0.375 0.5</float_array>
          <technique_common>
            <accessor source="#Cube_002-mesh-map-0-array" count="36" stride="2">
              <param name="S" type="float"/>
              <param name="T" type="float"/>
            </accessor>
          </technique_common>
        </source>
        <vertices id="Cube_002-mesh-vertices">
          <input semantic="POSITION" source="#Cube_002-mesh-positions"/>
        </vertices>
        <triangles material="Material_002-material" count="12">
          <input semantic="VERTEX" source="#Cube_002-mesh-vertices" offset="0"/>
          <input semantic="NORMAL" source="#Cube_002-mesh-normals" offset="1"/>
          <input semantic="TEXCOORD" source="#Cube_002-mesh-map-0" offset="2" set="0"/>
          <p>4 0 0 2 0 1 0 0 2 2 1 3 7 1 4 3 1 5 6 2 6 5 2 7 7 2 8 1 3 9 7 3 10 5 3 11 0 4 12 3 4 13 1 4 14 4 5 15 1 5 16 5 5 17 4 0 18 6 0 19 2 0 20 2 1 21 6 1 22 7 1 23 6 2 24 4 2 25 5 2 26 1 3 27 3 3 28 7 3 29 0 4 30 2 4 31 3 4 32 4 5 33 0 5 34 1 5 35</p>
        </triangles>
      </mesh>
    </geometry>
    <geometry id="Cube_001-mesh" name="Cube.001">
      <mesh>
        <source id="Cube_001-mesh-positions">
          <float_array id="Cube_001-mesh-positions-array" count="24">1 1 1 1 1 -1 1 -1 1 1 -1 -1 -1 1 1 -1 1 -1 -1 -1 1 -1 -1 -1</float_array>
          <technique_common>
            <accessor source="#Cube_001-mesh-positions-array" count="8" stride="3">
              <param name="X" type="float"/>
              <param name="Y" type="float"/>
              <param name="Z" type="float"/>
            </accessor>
          </technique_common>
        </source>
        <source id="Cube_001-mesh-normals">
          <float_array id="Cube_001-mesh-normals-array" count="18">0 0 1 0 -1 0 -1 0 0 0 0 -1 1 0 0 0 1 0</float_array>
          <technique_common>
            <accessor source="#Cube_001-mesh-normals-array" count="6" stride="3">
              <param name="X" type="float"/>
              <param name="Y" type="float"/>
              <param name="Z" type="float"/>
            </accessor>
          </technique_common>
        </source>
        <source id="Cube_001-mesh-map-0">
          <float_array id="Cube_001-mesh-map-0-array" count="72">0.875 0.5 0.625 0.75 0.625 0.5 0.625 0.75 0.375 1 0.375 0.75 0.625 0 0.375 0.25 0.375 0 0.375 0.5 0.125 0.75 0.125 0.5 0.625 0.5 0.375 0.75 0.375 0.5 0.625 0.25 0.375 0.5 0.375 0.25 0.875 0.5 0.875 0.75 0.625 0.75 0.625 0.75 0.625 1 0.375 1 0.625 0 0.625 0.25 0.375 0.25 0.375 0.5 0.375 0.75 0.125 0.75 0.625 0.5 0.625 0.75 0.375 0.75 0.625 0.25 0.625 0.5 0.375 0.5</float_array>
          <technique_common>
            <accessor source="#Cube_001-mesh-map-0-array" count="36" stride="2">
              <param name="S" type="float"/>
              <param name="T" type="float"/>
            </accessor>
          </technique_common>
        </source>
        <vertices id="Cube_001-mesh-vertices">
          <input semantic="POSITION" source="#Cube_001-mesh-positions"/>
        </vertices>
        <triangles material="Material_001-material" count="12">
          <input semantic="VERTEX" source="#Cube_001-mesh-vertices" offset="0"/>
          <input semantic="NORMAL" source="#Cube_001-mesh-normals" offset="1"/>
          <input semantic="TEXCOORD" source="#Cube_001-mesh-map-0" offset="2" set="0"/>
          <p>4 0 0 2 0 1 0 0 2 2 1 3 7 1 4 3 1 5 6 2 6 5 2 7 7 2 8 1 3 9 7 3 10 5 3 11 0 4 12 3 4 13 1 4 14 4 5 15 1 5 16 5 5 17 4 0 18 6 0 19 2 0 20 2 1 21 6 1 22 7 1 23 6 2 24 4 2 25 5 2 26 1 3 27 3 3 28 7 3 29 0 4 30 2 4 31 3 4 32 4 5 33 0 5 34 1 5 35</p>
        </triangles>
      </mesh>
    </geometry>
    <geometry id="Rack-mesh" name="Rack">
      <mesh>
        <source id="Rack-mesh-positions">
          <float_array id="Rack-mesh-positions-array" count="5976">0 0.00999999 0.01999998 0 0.0949999 0.1169999 0.006999969 0.00999999 0.01999998 0.006999969 0.0949999 0.1169999 0 0.00999999 0.02799993 0 0.008187472 0.02149993 0 0.008187472 0.1324999 0 0.001812458 0.1324999 0 0.001812458 0.1414999 0 0 0.1414999 0 0 0.2528123 0 0.0949999 0.02149993 0 0.09681242 0.02149993 0 0.09681242 0.1324999 0 0.1049999 0.02149993 0 0.1049999 0.1324999 0.006999969 0.0949999 0.01499998 0 0.0949999 0.01499998 0.006999969 0.00999999 0.02799993 0.006999969 0.0949999 0.1249999 0.00999999 0.00999999 0.2649998 0.006999969 0.00999999 0.1299999 0.006999969 0.00999999 0.1349999 0.006999969 0.00999999 0.01499998 0.00999999 0.00999999 0 0 0.00999999 0.01499998 0 0.008187472 0.01218748 0 0.09681242 0.01218748 0 0.0949999 0.00999999 0 0.0949999 0.003312468 0.00999993 0.0949999 0.2649998 0.00999993 0.0949999 0 0.006999969 0.0949999 0.00999999 0.006999969 0.00999999 0.00999999 0 0.1049999 0.01218748 0 0.0949999 0.1249999 0 0.00999999 0.1299999 0.006999969 0.0949999 0.1299999 0.006999969 0.0949999 0.1349999 0.006999969 0.0949999 0.1399999 0 0.0949999 0.1349999 0 0.0949999 0.1399999 0 0.0949999 0.1299999 0 0.00999999 0.1349999 0 0.00999999 0.1414999 0 0.09681242 0.1414999 0 0.0949999 0.1479998 0 0.09681242 0.2528123 0 0.0949999 0.2499998 0 0.008187472 0.2528123 0 0.00999999 0.2499998 0 0.00999999 0.2449998 0 0.1049999 0.1414999 0.006999969 0.00999999 0.2449998 0.006999969 0.0949999 0.1479998 0.006999969 0.00999999 0.2369998 0.006999969 0.00999999 0.2499998 0.006999969 0.00999999 0.2549998 0.006999969 0.0949999 0.2499998 0.006999969 0.0949999 0.2549998 0 0.0949999 0.2549998 0 0.00999999 0.2549998 0 0.00999999 0.2649998 0 0.0949999 0.2649998 0 0.09681242 0.2649998 0 0.0986458 0.2572386 0 0.09870779 0.2574701 0 0.00999999 0.00999999 0 0.008187472 0.003312468 0 0.006354093 0.00776118 0 0.006292045 0.007529675 0 0.00999999 0.003312468 0 0.00999999 0 0 0.008187472 0 0 0.00999999 0.2369998 0 0.008187472 0.1414999 0.00999999 0.005470216 0.2557077 0.00999999 0.005238711 0.2556457 0.00999999 0.003624975 0.007999956 0.00999999 0 0 0.00999999 0.003645837 0.00776118 0.00999999 0.003707885 0.007529675 0 0.005470216 0.2557077 0 0.005687475 0.255809 0.00999999 0.004999995 0.2556248 0 0.005238711 0.2556457 0.00999999 0.004761219 0.2556457 0.00999999 0.004529714 0.2557077 0 0.004999995 0.2556248 0.00999999 0 0.2649998 0.00999999 0.003707885 0.2565295 0.00999999 0.003809154 0.2563123 0.006374955 0 0.1949998 0.006354093 0 0.1952386 0 0 0 0.005238711 0 0.01364582 0.005470216 0 0.01370787 0 0.001812458 0 0.00999999 0.004999995 0.006624937 0.00999999 0.005238711 0.006645858 0 0.004761219 0.2556457 0.00999999 0.004312455 0.255809 0 0.004529714 0.2557077 0.00999999 0.004116117 0.2559465 0.00999999 0.003946661 0.256116 0 0.004312455 0.255809 0 0.004116117 0.2559465 0 0.003946661 0.256116 0 0.003809154 0.2563123 0.00999999 0.003645837 0.256761 0 0.003707885 0.2565295 0.00999999 0.003624975 0.2569998 0.00999999 0.003645837 0.2572386 0.00999999 0.004999995 0.2583748 0.00999999 0.004761219 0.2583539 0 0.001812458 0.2649998 0 0.008187472 0.2649998 0 0 0.2649998 0.004999995 0 0.1963748 0.004761219 0 0.1963539 0 0.005238711 0.006645858 0 0.005470216 0.006707906 0.00999999 0.004761219 0.006645858 0 0.004999995 0.006624937 0.00999999 0.004529714 0.006707906 0.00999999 0.004312455 0.006809175 0 0.004761219 0.006645858 0.00999999 0.006354093 0.256761 0.00999999 0.006374955 0.2569998 0 0.004529714 0.006707906 0.00999999 0.004116117 0.006946682 0 0.004312455 0.006809175 0.00999999 0.003946661 0.007116138 0.00999999 0.003809154 0.007312476 0 0.004116117 0.006946682 0 0.003946661 0.007116138 0 0.003809154 0.007312476 0 0.003707885 0.007529675 0 0.003645837 0.00776118 0.00999999 0.003645837 0.008238732 0 0.003624975 0.007999956 0.00999999 0.005687475 0.255809 0.00999999 0.005883812 0.2559465 0.00999999 0.006190776 0.2563123 0.00999999 0.006053268 0.256116 0.00999999 0.006292045 0.008470237 0.00999999 0.006190776 0.008687436 0 0.006190776 0.2563123 0 0.006292045 0.2565295 0 0.006053268 0.256116 0 0.005883812 0.2559465 0.00999999 0.006292045 0.2565295 0 0.006354093 0.256761 0 0.006374955 0.2569998 0 0.006354093 0.2572386 0.00999999 0.006292045 0.007529675 0.00999999 0.006190776 0.007312476 0.00999999 0.006053268 0.007116138 0.00999999 0.005883812 0.006946682 0 0.006190776 0.007312476 0 0.006053268 0.007116138 0.00999999 0.005687475 0.006809175 0 0.005883812 0.006946682 0.00999999 0.005470216 0.006707906 0 0.005687475 0.006809175 0 0.006190776 0.008687436 0 0.006053268 0.008883774 0.00999999 0.006354093 0.008238732 0 0.006292045 0.008470237 0.00999999 0.006374955 0.007999956 0.00999999 0.006354093 0.00776118 0 0.006354093 0.008238732 0 0.006374955 0.007999956 0.00999999 0.003707885 0.008470237 0 0.003645837 0.008238732 0.00999999 0.003809154 0.008687436 0.00999999 0.003946661 0.008883774 0 0.003707885 0.008470237 0 0.003809154 0.008687436 0.00999999 0.006053268 0.008883774 0 0.005883812 0.009053289 0.00999999 0.004116117 0.009053289 0 0.003946661 0.008883774 0.00999999 0.004312455 0.009190738 0.00999999 0.004529714 0.009292066 0.00999999 0.005883812 0.009053289 0 0.005687475 0.009190738 0 0.004116117 0.009053289 0.00999999 0.005687475 0.009190738 0 0.005470216 0.009292066 0 0.004312455 0.009190738 0.00999999 0.005470216 0.009292066 0 0.005238711 0.009354054 0.00999999 0.004761219 0.009354054 0 0.004529714 0.009292066 0.00999999 0.004999995 0.009374976 0.00999999 0.005238711 0.009354054 0 0.004999995 0.009374976 0 0.004761219 0.009354054 0 0.003645837 0.256761 0 0.003624975 0.2569998 0.00999999 0.006354093 0.2572386 0 0.006292045 0.2574701 0.00999999 0.003707885 0.2574701 0 0.003645837 0.2572386 0.00999999 0.003809154 0.2576873 0.00999999 0.003946661 0.2578837 0.00999999 0.006292045 0.2574701 0 0.006190776 0.2576873 0 0.003707885 0.2574701 0.00999999 0.006190776 0.2576873 0 0.006053268 0.2578837 0 0.003809154 0.2576873 0.00999999 0.006053268 0.2578837 0 0.005883812 0.2580531 0.00999999 0.004116117 0.2580531 0 0.003946661 0.2578837 0.00999999 0.004312455 0.2581906 0.00999999 0.004529714 0.2582919 0.00999999 0.005883812 0.2580531 0 0.005687475 0.2581906 0 0.004116117 0.2580531 0.00999999 0.005687475 0.2581906 0 0.005470216 0.2582919 0 0.004312455 0.2581906 0.00999999 0.005470216 0.2582919 0 0.005238711 0.2583539 0 0.004529714 0.2582919 0.00999999 0.005238711 0.2583539 0 0.004999995 0.2583748 0 0.004761219 0.2583539 0 0.0949999 0 0 0.09681242 0 0.00999993 0.1049999 0 0.00999993 0.1002387 0.006645858 0.00999993 0.1004702 0.006707906 0.00999993 0.09870779 0.2565295 0.00999993 0.09880912 0.2563123 0 0.09681242 0.003312468 0 0.1049999 0 0 0.1049999 0.003312468 0.00999993 0.1049999 0.2649998 0.00999993 0.0999999 0.2583748 0.00999993 0.09976112 0.2583539 0 0.1049999 0.2649998 0 0.001812458 0.2528123 0.004312455 0 0.1961906 0.004116117 0 0.1960531 0.005470216 0.004999995 0.01370787 0.005687475 0.004999995 0.0138092 0.004999995 0 0.01362496 0.005238711 0.004999995 0.01364582 0.004761219 0 0.01364582 0.004529714 0 0.01370787 0 0 0.003312468 0 0.001812458 0.003312468 0.004999995 0.004999995 0.01362496 0.004761219 0.004999995 0.01364582 0.004312455 0 0.0138092 0.004529714 0.004999995 0.01370787 0.004116117 0 0.01394665 0 0 0.01218748 0.003946661 0 0.0141161 0.003809154 0 0.01431244 0 0.001812458 0.01218748 0.006354093 0 0.194761 0.006292045 0 0.1945295 0.006190776 0 0.1943123 0.006053268 0 0.194116 0.006354093 0.004999995 0.194761 0.006374955 0.004999995 0.1949998 0.006292045 0.004999995 0.1945295 0.006190776 0.004999995 0.1943123 0.005883812 0 0.1939465 0.006053268 0.004999995 0.194116 0.006354093 0 0.01523876 0.006374955 0 0.01499998 0.005687475 0 0.193809 0.005883812 0.004999995 0.1939465 0.004761219 0 0.01635408 0.004529714 0 0.01629203 0.006354093 0.004999995 0.1952386 0.006292045 0.004999995 0.1954701 0.006354093 0 0.0147612 0.006292045 0 0.0145297 0.006190776 0 0.01431244 0.006374955 0.004999995 0.01499998 0.006354093 0.004999995 0.01523876 0.006354093 0.004999995 0.0147612 0.006292045 0.004999995 0.0145297 0.006053268 0 0.0141161 0.005883812 0 0.01394665 0.005687475 0 0.0138092 0.006053268 0.004999995 0.0141161 0.006190776 0.004999995 0.01431244 0.005883812 0.004999995 0.01394665 0.006292045 0 0.01547026 0.006292045 0.004999995 0.01547026 0.006190776 0.004999995 0.01568746 0.004312455 0.004999995 0.0138092 0.004116117 0.004999995 0.01394665 0 0 0.02149993 0.003624975 0 0.01499998 0.003645837 0 0.0147612 0 0.001812458 0.02149993 0.003946661 0.004999995 0.0141161 0.003707885 0 0.0145297 0.003809154 0.004999995 0.01431244 0.003707885 0.004999995 0.0145297 0.003645837 0.004999995 0.0147612 0.003645837 0 0.01523876 0.003624975 0.004999995 0.01499998 0.003707885 0 0.01547026 0.003809154 0 0.01568746 0 0 0.1324999 0.005470216 0 0.1937077 0.005238711 0 0.1936457 0.004999995 0 0.1936248 0.005470216 0.004999995 0.1937077 0.005687475 0.004999995 0.193809 0.005238711 0.004999995 0.1936457 0.004761219 0 0.1936457 0.004999995 0.004999995 0.1936248 0.004529714 0 0.1937077 0.004312455 0 0.193809 0.003645837 0.004999995 0.01523876 0.003707885 0.004999995 0.01547026 0.006190776 0 0.01568746 0.006053268 0.004999995 0.0158838 0.003946661 0 0.0158838 0.003809154 0.004999995 0.01568746 0.004116117 0 0.01605325 0.004312455 0 0.01619076 0.006053268 0 0.0158838 0.005883812 0.004999995 0.01605325 0.003946661 0.004999995 0.0158838 0.005883812 0 0.01605325 0.005687475 0.004999995 0.01619076 0.004116117 0.004999995 0.01605325 0.005687475 0 0.01619076 0.005470216 0.004999995 0.01629203 0.004312455 0.004999995 0.01619076 0.005470216 0 0.01629203 0.005238711 0.004999995 0.01635408 0.004529714 0.004999995 0.01629203 0.005238711 0 0.01635408 0.004999995 0.004999995 0.01637494 0.004999995 0 0.01637494 0.004761219 0.004999995 0.01635408 0.003624975 0 0.1949998 0.003645837 0 0.194761 0.004529714 0.004999995 0.1937077 0.004761219 0.004999995 0.1936457 0.004116117 0 0.1939465 0.004312455 0.004999995 0.193809 0.003946661 0 0.194116 0.003809154 0 0.1943123 0.004116117 0.004999995 0.1939465 0.003946661 0.004999995 0.194116 0.003707885 0 0.1945295 0.003809154 0.004999995 0.1943123 0.003707885 0.004999995 0.1945295 0.003645837 0.004999995 0.194761 0.003645837 0 0.1952386 0.003624975 0.004999995 0.1949998 0.003707885 0 0.1954701 0.003809154 0 0.1956873 0.003645837 0.004999995 0.1952386 0.006292045 0 0.1954701 0.006190776 0.004999995 0.1956873 0.003707885 0.004999995 0.1954701 0.006190776 0 0.1956873 0.006053268 0.004999995 0.1958836 0.003946661 0 0.1958836 0.003809154 0.004999995 0.1956873 0.006053268 0 0.1958836 0.005883812 0.004999995 0.1960531 0.003946661 0.004999995 0.1958836 0.005883812 0 0.1960531 0.005687475 0.004999995 0.1961906 0.004116117 0.004999995 0.1960531 0.005687475 0 0.1961906 0.005470216 0.004999995 0.1962919 0.004529714 0 0.1962919 0.004312455 0.004999995 0.1961906 0.005470216 0 0.1962919 0.005238711 0.004999995 0.1963539 0.004529714 0.004999995 0.1962919 0.005238711 0 0.1963539 0.004999995 0.004999995 0.1963748 0.004761219 0.004999995 0.1963539 0.004761219 0.1049999 0.01364582 0.004529714 0.1049999 0.01370787 0.006374955 0.1049999 0.1949998 0.006354093 0.1049999 0.194761 0.00999993 0.101354 0.256761 0.00999993 0.1013749 0.2569998 0.004312455 0.1049999 0.0138092 0.004116117 0.1049999 0.01394665 0.004529714 0.0999999 0.01370787 0.004312455 0.0999999 0.0138092 0.004999935 0.1049999 0.01362496 0.004761219 0.0999999 0.01364582 0.005238711 0.1049999 0.01364582 0.005470216 0.1049999 0.01370787 0 0.101354 0.00776118 0 0.101292 0.007529675 0.003946661 0.1049999 0.0141161 0.003809154 0.1049999 0.01431244 0.004116117 0.0999999 0.01394665 0.003946661 0.0999999 0.0141161 0.005470216 0.1049999 0.1937077 0.005687475 0.1049999 0.193809 0.005883812 0.1049999 0.1939465 0.006053268 0.1049999 0.194116 0.005470216 0.0999999 0.1937077 0.005238711 0.0999999 0.1936457 0.005687475 0.0999999 0.193809 0.005883812 0.0999999 0.1939465 0.006190717 0.1049999 0.1943123 0.006053268 0.0999999 0.194116 0.006292045 0.1049999 0.1945295 0.006190717 0.0999999 0.1943123 0.006292045 0.0999999 0.1945295 0.004999935 0.0999999 0.01362496 0.005238711 0.0999999 0.01364582 0.005687475 0.1049999 0.0138092 0.005470216 0.0999999 0.01370787 0.005883812 0.1049999 0.01394665 0.006053268 0.1049999 0.0141161 0.005687475 0.0999999 0.0138092 0.006354093 0.0999999 0.194761 0.006354093 0.1049999 0.1952386 0.006374955 0.0999999 0.1949998 0.006292045 0.1049999 0.1954701 0.006190717 0.1049999 0.1956873 0 0.1049999 0.2528123 0.004761219 0.1049999 0.1963539 0.004529714 0.1049999 0.1962919 0.005883812 0.0999999 0.01394665 0.006190717 0.1049999 0.01431244 0.006053268 0.0999999 0.0141161 0.006292045 0.1049999 0.0145297 0.006354093 0.1049999 0.0147612 0.006190717 0.0999999 0.01431244 0.006292045 0.0999999 0.0145297 0.006374955 0.1049999 0.01499998 0.006354093 0.0999999 0.0147612 0.005238711 0.1049999 0.1936457 0.006354093 0.1049999 0.01523876 0.006374955 0.0999999 0.01499998 0.004312455 0.1049999 0.193809 0.006292045 0.1049999 0.01547026 0.006190717 0.1049999 0.01568746 0.004999935 0.1049999 0.1936248 0.004999935 0.0999999 0.1936248 0.004761219 0.0999999 0.1936457 0.003645837 0.1049999 0.01523876 0.003707885 0.1049999 0.01547026 0.003809154 0.0999999 0.01431244 0.003707885 0.0999999 0.0145297 0.003624975 0.1049999 0.01499998 0.003645837 0.1049999 0.0147612 0.003707885 0.1049999 0.0145297 0.003624975 0.0999999 0.01499998 0.003645837 0.0999999 0.01523876 0.003645837 0.0999999 0.0147612 0.004761219 0.1049999 0.01635408 0.004999935 0.1049999 0.01637494 0.003707885 0.0999999 0.01547026 0.003809154 0.0999999 0.01568746 0.004529714 0.1049999 0.1937077 0.004761219 0.1049999 0.1936457 0.004312455 0.0999999 0.193809 0.004116117 0.0999999 0.1939465 0.004529714 0.0999999 0.1937077 0.004116117 0.1049999 0.1939465 0.003946661 0.0999999 0.194116 0.006354093 0.0999999 0.01523876 0.003809154 0.1049999 0.01568746 0.003946661 0.0999999 0.0158838 0.006292045 0.0999999 0.01547026 0.003946661 0.1049999 0.0158838 0.004116117 0.0999999 0.01605325 0.006053268 0.1049999 0.0158838 0.006190717 0.0999999 0.01568746 0.005883812 0.1049999 0.01605325 0.005687475 0.1049999 0.01619076 0.004116117 0.1049999 0.01605325 0.004312455 0.0999999 0.01619076 0.006053268 0.0999999 0.0158838 0.004312455 0.1049999 0.01619076 0.004529714 0.0999999 0.01629203 0.005883812 0.0999999 0.01605325 0.004529714 0.1049999 0.01629203 0.004761219 0.0999999 0.01635408 0.005470216 0.1049999 0.01629203 0.005687475 0.0999999 0.01619076 0.005238711 0.1049999 0.01635408 0.004999935 0.0999999 0.01637494 0.005470216 0.0999999 0.01629203 0.005238711 0.0999999 0.01635408 0.003624975 0.1049999 0.1949998 0.003645837 0.1049999 0.1952386 0.003707885 0.1049999 0.1945295 0.003809154 0.1049999 0.1943123 0.003946661 0.1049999 0.194116 0.003707885 0.0999999 0.1945295 0.003645837 0.0999999 0.194761 0.003809154 0.0999999 0.1943123 0.003645837 0.1049999 0.194761 0.003624975 0.0999999 0.1949998 0 0.1013749 0.2569998 0 0.101354 0.256761 0.003645837 0.0999999 0.1952386 0.003707885 0.0999999 0.1954701 0.003707885 0.1049999 0.1954701 0.003809154 0.0999999 0.1956873 0.006354093 0.0999999 0.1952386 0.003809154 0.1049999 0.1956873 0.003946661 0.0999999 0.1958836 0.006292045 0.0999999 0.1954701 0.003946661 0.1049999 0.1958836 0.004116117 0.0999999 0.1960531 0.006053268 0.1049999 0.1958836 0.006190717 0.0999999 0.1956873 0.005883812 0.1049999 0.1960531 0.005687475 0.1049999 0.1961906 0.004116117 0.1049999 0.1960531 0.004312455 0.0999999 0.1961906 0.006053268 0.0999999 0.1958836 0.004312455 0.1049999 0.1961906 0.004529714 0.0999999 0.1962919 0.005883812 0.0999999 0.1960531 0.004761219 0.0999999 0.1963539 0.005470216 0.1049999 0.1962919 0.005687475 0.0999999 0.1961906 0.005238711 0.1049999 0.1963539 0.004999935 0.1049999 0.1963748 0.004999935 0.0999999 0.1963748 0.005470216 0.0999999 0.1962919 0.005238711 0.0999999 0.1963539 0 0.1002387 0.2583539 0 0.1004702 0.2582919 0.00999993 0.1002387 0.2556457 0.00999993 0.0999999 0.2556248 0.00999993 0.09976112 0.2556457 0.00999993 0.09952962 0.2557077 0 0.1002387 0.2556457 0 0.1004702 0.2557077 0 0.0999999 0.2556248 0 0.1006874 0.255809 0 0.09976112 0.2556457 0 0.09952962 0.2557077 0.00999993 0.09931242 0.255809 0.00999993 0.1004702 0.2557077 0.00999993 0.09862488 0.007999956 0.00999993 0.0986458 0.00776118 0.00999993 0.09870779 0.007529675 0.00999993 0.09911608 0.2559465 0.00999993 0.09894657 0.256116 0 0.09931242 0.255809 0.00999993 0.1006874 0.255809 0 0.1008837 0.2559465 0 0.09911608 0.2559465 0 0.1010532 0.256116 0 0.1011907 0.2563123 0.00999993 0.1008837 0.2559465 0 0.09894657 0.256116 0.00999993 0.1010532 0.256116 0.00999993 0.0986458 0.008238732 0 0.09880912 0.2563123 0.00999993 0.1011907 0.2563123 0.00999993 0.101292 0.008470237 0.00999993 0.101354 0.008238732 0 0.101292 0.2565295 0 0.09870779 0.2565295 0.00999993 0.0986458 0.256761 0.00999993 0.101292 0.2565295 0.00999993 0.09862488 0.2569998 0.00999993 0.0986458 0.2572386 0 0.0986458 0.256761 0 0.09862488 0.2569998 0 0.101354 0.2572386 0.00999993 0.09870779 0.2574701 0 0.101292 0.2574701 0 0.1011907 0.2576873 0.00999993 0.101354 0.2572386 0.00999993 0.09880912 0.2576873 0.00999993 0.09894657 0.2578837 0.00999993 0.101292 0.2574701 0 0.09880912 0.2576873 0.00999993 0.1011907 0.2576873 0 0.1010532 0.2578837 0 0.09894657 0.2578837 0.00999993 0.09911608 0.2580531 0 0.1008837 0.2580531 0 0.1006874 0.2581906 0.00999993 0.1010532 0.2578837 0.00999993 0.09931242 0.2581906 0.00999993 0.09952962 0.2582919 0 0.09911608 0.2580531 0.00999993 0.1008837 0.2580531 0 0.09931242 0.2581906 0.00999993 0.1006874 0.2581906 0 0.09952962 0.2582919 0.00999993 0.1004702 0.2582919 0 0.09976112 0.2583539 0.00999993 0.1002387 0.2583539 0 0.0999999 0.2583748 0.00999993 0.0999999 0.006624937 0.00999993 0.09976112 0.006645858 0.00999993 0.09952962 0.006707906 0 0.1002387 0.006645858 0 0.1004702 0.006707906 0 0.0999999 0.006624937 0 0.1006874 0.006809175 0 0.09976112 0.006645858 0 0.09952962 0.006707906 0.00999993 0.09931242 0.006809175 0.00999993 0.09911608 0.006946682 0.00999993 0.09894657 0.007116138 0 0.09931242 0.006809175 0.00999993 0.1006874 0.006809175 0 0.1008837 0.006946682 0 0.09911608 0.006946682 0 0.1010532 0.007116138 0 0.1011907 0.007312476 0.00999993 0.1008837 0.006946682 0 0.09894657 0.007116138 0.00999993 0.09880912 0.007312476 0.00999993 0.1010532 0.007116138 0 0.09880912 0.007312476 0.00999993 0.1011907 0.007312476 0 0.09870779 0.007529675 0.00999993 0.101292 0.007529675 0 0.0986458 0.00776118 0.00999993 0.101354 0.00776118 0 0.1013749 0.007999956 0 0.09862488 0.007999956 0 0.101354 0.008238732 0 0.101292 0.008470237 0.00999993 0.1013749 0.007999956 0 0.0986458 0.008238732 0.00999993 0.09870779 0.008470237 0.00999993 0.09880912 0.008687436 0.00999993 0.09894657 0.008883774 0 0.09870779 0.008470237 0 0.1011907 0.008687436 0 0.09880912 0.008687436 0 0.1010532 0.008883774 0 0.1008837 0.009053289 0.00999993 0.1011907 0.008687436 0 0.09894657 0.008883774 0.00999993 0.09911608 0.009053289 0.00999993 0.1010532 0.008883774 0.00999993 0.09931242 0.009190738 0.00999993 0.09952962 0.009292066 0 0.09911608 0.009053289 0.00999993 0.1008837 0.009053289 0 0.1006874 0.009190738 0 0.09931242 0.009190738 0 0.1004702 0.009292066 0 0.1002387 0.009354054 0.00999993 0.1006874 0.009190738 0 0.09952962 0.009292066 0.00999993 0.09976112 0.009354054 0.00999993 0.1004702 0.009292066 0.00999993 0.0999999 0.009374976 0.00999993 0.1002387 0.009354054 0 0.09976112 0.009354054 0 0.0999999 0.009374976 0.004999935 0.0999999 0.01499998 0.004999935 0.0999999 0.1949998 0.004999995 0.004999995 0.01499998 0.004999995 0.004999995 0.1949998 0.003621757 0.1080871 0.01538556 0.003559768 0.1080871 0.01515406 -8.61253e-5 0.1080871 0.01991528 -8.61253e-5 0.1080871 0.009915292 0.003621757 0.1050871 0.01538556 0.003723025 0.1050871 0.01560282 0.003538846 0.1080871 0.01491528 0.003559768 0.1050871 0.01515406 0.003559768 0.1080871 0.01467657 0.003621757 0.1080871 0.01444506 0.003538846 0.1050871 0.01491528 0.3499136 0.1080871 0.009915292 0.3444433 0.1080871 0.01362323 0.3442261 0.1080871 0.0137245 -8.61251e-5 0.1050871 0.009915292 0.3499136 0.1050871 0.009915292 -8.61251e-5 0.1050871 0.01991528 0.3499136 0.1050871 0.01991528 0.3499136 0.1080871 0.01991528 0.005601346 0.1080871 0.01610606 0.005797624 0.1080871 0.01596862 0.003559768 0.1050871 0.01467657 0.003723025 0.1080871 0.0142278 0.003621757 0.1050871 0.01444506 0.003860533 0.1080871 0.01403146 0.004029929 0.1080871 0.01386201 0.003723025 0.1050871 0.0142278 0.003860533 0.1050871 0.01403146 0.004226326 0.1080871 0.0137245 0.004029929 0.1050871 0.01386201 0.004443526 0.1080871 0.01362323 0.00467503 0.1080871 0.01356118 0.004226326 0.1050871 0.0137245 0.3436215 0.1080871 0.01444506 0.3437228 0.1080871 0.0142278 0.3438603 0.1080871 0.01403146 0.3440298 0.1080871 0.01386201 0.3436215 0.1050871 0.01444506 0.3435595 0.1050871 0.01467657 0.3437228 0.1050871 0.0142278 0.3438603 0.1050871 0.01403146 0.3440298 0.1050871 0.01386201 0.3442261 0.1050871 0.0137245 0.3446748 0.1080871 0.01356118 0.3444433 0.1050871 0.01362323 0.3449136 0.1080871 0.01354032 0.3451524 0.1080871 0.01356118 0.3462677 0.1080871 0.01467657 0.3462057 0.1080871 0.01444506 0.004443526 0.1050871 0.01362323 0.004913866 0.1080871 0.01354032 0.00467503 0.1050871 0.01356118 0.3435595 0.1080871 0.01467657 0.005152642 0.1080871 0.01356118 0.004913866 0.1050871 0.01354032 0.3446748 0.1080871 0.01626944 0.3449136 0.1080871 0.0162903 0.3435386 0.1080871 0.01491528 0.3435386 0.1050871 0.01491528 0.3435595 0.1050871 0.01515406 0.3446748 0.1050871 0.01356118 0.3449136 0.1050871 0.01354032 0.3453839 0.1080871 0.01362323 0.3451524 0.1050871 0.01356118 0.3456011 0.1080871 0.0137245 0.3457974 0.1080871 0.01386201 0.3453839 0.1050871 0.01362323 0.3456011 0.1050871 0.0137245 0.3459669 0.1080871 0.01403146 0.3457974 0.1050871 0.01386201 0.3461044 0.1080871 0.0142278 0.3459669 0.1050871 0.01403146 0.3461044 0.1050871 0.0142278 0.3462057 0.1050871 0.01444506 0.3462886 0.1080871 0.01491528 0.3462677 0.1050871 0.01467657 0.3462677 0.1080871 0.01515406 0.3462057 0.1080871 0.01538556 0.3444433 0.1080871 0.01620739 0.3442261 0.1080871 0.01610606 0.3440298 0.1080871 0.01596862 0.3438603 0.1080871 0.01579916 0.3444433 0.1050871 0.01620739 0.3446748 0.1050871 0.01626944 0.3442261 0.1050871 0.01610606 0.3440298 0.1050871 0.01596862 0.3437228 0.1080871 0.01560282 0.3438603 0.1050871 0.01579916 0.3436215 0.1080871 0.01538556 0.3435595 0.1080871 0.01515406 0.3437228 0.1050871 0.01560282 0.3436215 0.1050871 0.01538556 0.005384147 0.1080871 0.01362323 0.005152642 0.1050871 0.01356118 0.005601346 0.1080871 0.0137245 0.005797624 0.1080871 0.01386201 0.3449136 0.1050871 0.0162903 0.3451524 0.1050871 0.01626944 0.005384147 0.1050871 0.01362323 0.3451524 0.1080871 0.01626944 0.006267964 0.1080871 0.01467657 0.006288826 0.1080871 0.01491528 0.3453839 0.1050871 0.01620739 0.005601346 0.1050871 0.0137245 0.00596714 0.1080871 0.01403146 0.005797624 0.1050871 0.01386201 0.006104648 0.1080871 0.0142278 0.006205976 0.1080871 0.01444506 0.00596714 0.1050871 0.01403146 0.006104648 0.1050871 0.0142278 0.006205976 0.1050871 0.01444506 0.006267964 0.1050871 0.01467657 0.006267964 0.1080871 0.01515406 0.006288826 0.1050871 0.01491528 0.006205976 0.1080871 0.01538556 0.006104648 0.1080871 0.01560282 0.3462886 0.1050871 0.01491528 0.006267964 0.1050871 0.01515406 0.3462677 0.1050871 0.01515406 0.003723025 0.1080871 0.01560282 0.003860533 0.1050871 0.01579916 0.006205976 0.1050871 0.01538556 0.3461044 0.1080871 0.01560282 0.3462057 0.1050871 0.01538556 0.3459669 0.1080871 0.01579916 0.3457974 0.1080871 0.01596862 0.003860533 0.1080871 0.01579916 0.004029929 0.1050871 0.01596862 0.00596714 0.1080871 0.01579916 0.006104648 0.1050871 0.01560282 0.3461044 0.1050871 0.01560282 0.004029929 0.1080871 0.01596862 0.004226326 0.1050871 0.01610606 0.00596714 0.1050871 0.01579916 0.3459669 0.1050871 0.01579916 0.004226326 0.1080871 0.01610606 0.004443526 0.1050871 0.01620739 0.005797624 0.1050871 0.01596862 0.3456011 0.1080871 0.01610606 0.3457974 0.1050871 0.01596862 0.3453839 0.1080871 0.01620739 0.004443526 0.1080871 0.01620739 0.00467503 0.1050871 0.01626944 0.005384147 0.1080871 0.01620739 0.005601346 0.1050871 0.01610606 0.005152642 0.1080871 0.01626944 0.004913866 0.1080871 0.0162903 0.3456011 0.1050871 0.01610606 0.00467503 0.1080871 0.01626944 0.004913866 0.1050871 0.0162903 0.005384147 0.1050871 0.01620739 0.005152642 0.1050871 0.01626944 0.3394136 0.1050871 0.0179153 0.3394136 0.1050871 0.0114153 0.3394136 0.1000871 0.01641529 0.3394136 0.1000871 0.0179153 0.01041382 0.1000871 0.01641529 0.01041382 0.1050871 0.0114153 0.01041382 0.1000871 0.0179153 0.01041382 0.1050871 0.0179153 0.339808 0.01027202 0.01978707 0.339808 0.09527194 0.116787 0.346808 0.01027202 0.01978707 0.346808 0.09527194 0.116787 0.339808 0.01027202 0.02778708 0.339808 0.008459508 0.02128708 0.339808 0.008459508 0.132287 0.339808 0.002084553 0.132287 0.339808 0.002084553 0.141287 0.339808 2.72066e-4 0.141287 0.339808 2.72066e-4 0.2525994 0.339808 0.09527194 0.02128708 0.339808 0.09708446 0.02128708 0.339808 0.09708446 0.132287 0.339808 0.1052719 0.02128708 0.339808 0.1052719 0.132287 0.346808 0.09527194 0.01478707 0.339808 0.09527194 0.01478707 0.346808 0.01027202 0.02778708 0.346808 0.09527194 0.124787 0.349808 0.01027202 0.2647869 0.346808 0.01027202 0.129787 0.346808 0.01027202 0.134787 0.346808 0.01027202 0.01478707 0.349808 0.01027202 -2.12893e-4 0.339808 0.01027202 0.01478707 0.339808 0.008459508 0.01197457 0.339808 0.09708446 0.01197457 0.339808 0.09527194 0.009787082 0.339808 0.09527194 0.00309956 0.349808 0.09527194 0.2647869 0.349808 0.09527194 -2.12893e-4 0.346808 0.09527194 0.009787082 0.346808 0.01027202 0.009787082 0.339808 0.1052719 0.01197457 0.339808 0.09527194 0.124787 0.339808 0.01027202 0.129787 0.346808 0.09527194 0.129787 0.346808 0.09527194 0.134787 0.346808 0.09527194 0.139787 0.339808 0.09527194 0.134787 0.339808 0.09527194 0.139787 0.339808 0.09527194 0.129787 0.339808 0.01027202 0.134787 0.339808 0.01027202 0.141287 0.339808 0.09708446 0.141287 0.339808 0.09527194 0.147787 0.339808 0.09708446 0.2525994 0.339808 0.09527194 0.2497869 0.339808 0.008459508 0.2525994 0.339808 0.01027202 0.2497869 0.339808 0.01027202 0.2447869 0.339808 0.1052719 0.141287 0.346808 0.01027202 0.2447869 0.346808 0.09527194 0.147787 0.346808 0.01027202 0.2367869 0.346808 0.01027202 0.2497869 0.346808 0.01027202 0.2547869 0.346808 0.09527194 0.2497869 0.346808 0.09527194 0.2547869 0.339808 0.09527194 0.2547869 0.339808 0.01027202 0.2547869 0.339808 0.01027202 0.2647869 0.339808 0.09527194 0.2647869 0.339808 0.09708446 0.2647869 0.339808 0.09891784 0.2570257 0.339808 0.09897989 0.2572572 0.339808 0.01027202 0.009787082 0.339808 0.008459508 0.00309956 0.339808 0.006626129 0.007548332 0.339808 0.00656408 0.007316768 0.339808 0.01027202 0.00309956 0.339808 0.01027202 -2.12893e-4 0.339808 0.008459508 -2.12893e-4 0.339808 0.01027202 0.2367869 0.339808 0.008459508 0.141287 0.349808 0.005742311 0.2554948 0.349808 0.005510807 0.2554328 0.349808 0.003897011 0.007787048 0.349808 2.72066e-4 -2.12893e-4 0.349808 0.003917932 0.007548332 0.349808 0.00397998 0.007316768 0.339808 0.005742311 0.2554948 0.339808 0.00595951 0.2555961 0.349808 0.00527203 0.2554119 0.339808 0.005510807 0.2554328 0.349808 0.005033254 0.2554328 0.349808 0.00480175 0.2554948 0.339808 0.00527203 0.2554119 0.349808 2.72066e-4 0.2647869 0.349808 0.00397998 0.2563166 0.349808 0.004081249 0.2560994 0.346183 2.72066e-4 0.1947869 0.3461621 2.72066e-4 0.1950258 0.339808 2.72066e-4 -2.12893e-4 0.3450468 2.72066e-4 0.01343297 0.3452783 2.72066e-4 0.01349496 0.339808 0.002084553 -2.12893e-4 0.349808 0.00527203 0.006412088 0.349808 0.005510807 0.00643295 0.339808 0.005033254 0.2554328 0.349808 0.00458455 0.2555961 0.339808 0.00480175 0.2554948 0.349808 0.004388213 0.2557336 0.349808 0.004218697 0.2559031 0.339808 0.00458455 0.2555961 0.339808 0.004388213 0.2557336 0.339808 0.004218697 0.2559031 0.339808 0.004081249 0.2560994 0.349808 0.003917932 0.2565481 0.339808 0.00397998 0.2563166 0.349808 0.003897011 0.2567869 0.349808 0.003917932 0.2570257 0.349808 0.00527203 0.2581619 0.349808 0.005033254 0.258141 0.339808 0.002084553 0.2647869 0.339808 0.008459508 0.2647869 0.339808 2.72066e-4 0.2647869 0.344808 2.72066e-4 0.1961619 0.3445692 2.72066e-4 0.196141 0.339808 0.005510807 0.00643295 0.339808 0.005742311 0.006494998 0.349808 0.005033254 0.00643295 0.339808 0.00527203 0.006412088 0.349808 0.00480175 0.006494998 0.349808 0.00458455 0.006596267 0.339808 0.005033254 0.00643295 0.349808 0.006626129 0.2565481 0.349808 0.00664705 0.2567869 0.339808 0.00480175 0.006494998 0.349808 0.004388213 0.006733775 0.339808 0.00458455 0.006596267 0.349808 0.004218697 0.006903231 0.349808 0.004081249 0.007099568 0.339808 0.004388213 0.006733775 0.339808 0.004218697 0.006903231 0.339808 0.004081249 0.007099568 0.339808 0.00397998 0.007316768 0.339808 0.003917932 0.007548332 0.349808 0.003917932 0.008025825 0.339808 0.003897011 0.007787048 0.349808 0.00595951 0.2555961 0.349808 0.006155848 0.2557336 0.349808 0.006462812 0.2560994 0.349808 0.006325364 0.2559031 0.349808 0.00656408 0.008257329 0.349808 0.006462812 0.008474588 0.339808 0.006462812 0.2560994 0.339808 0.00656408 0.2563166 0.339808 0.006325364 0.2559031 0.339808 0.006155848 0.2557336 0.349808 0.00656408 0.2563166 0.339808 0.006626129 0.2565481 0.339808 0.00664705 0.2567869 0.339808 0.006626129 0.2570257 0.349808 0.00656408 0.007316768 0.349808 0.006462812 0.007099568 0.349808 0.006325364 0.006903231 0.349808 0.006155848 0.006733775 0.339808 0.006462812 0.007099568 0.339808 0.006325364 0.006903231 0.349808 0.00595951 0.006596267 0.339808 0.006155848 0.006733775 0.349808 0.005742311 0.006494998 0.339808 0.00595951 0.006596267 0.339808 0.006462812 0.008474588 0.339808 0.006325364 0.008670926 0.349808 0.006626129 0.008025825 0.339808 0.00656408 0.008257329 0.349808 0.00664705 0.007787048 0.349808 0.006626129 0.007548332 0.339808 0.006626129 0.008025825 0.339808 0.00664705 0.007787048 0.349808 0.00397998 0.008257329 0.339808 0.003917932 0.008025825 0.349808 0.004081249 0.008474588 0.349808 0.004218697 0.008670926 0.339808 0.00397998 0.008257329 0.339808 0.004081249 0.008474588 0.349808 0.006325364 0.008670926 0.339808 0.006155848 0.008840382 0.349808 0.004388213 0.008840382 0.339808 0.004218697 0.008670926 0.349808 0.00458455 0.00897783 0.349808 0.00480175 0.009079158 0.349808 0.006155848 0.008840382 0.339808 0.00595951 0.00897783 0.339808 0.004388213 0.008840382 0.349808 0.00595951 0.00897783 0.339808 0.005742311 0.009079158 0.339808 0.00458455 0.00897783 0.349808 0.005742311 0.009079158 0.339808 0.005510807 0.009141206 0.349808 0.005033254 0.009141206 0.339808 0.00480175 0.009079158 0.349808 0.00527203 0.009162068 0.349808 0.005510807 0.009141206 0.339808 0.00527203 0.009162068 0.339808 0.005033254 0.009141206 0.339808 0.003917932 0.2565481 0.339808 0.003897011 0.2567869 0.349808 0.006626129 0.2570257 0.339808 0.00656408 0.2572572 0.349808 0.00397998 0.2572572 0.339808 0.003917932 0.2570257 0.349808 0.004081249 0.2574744 0.349808 0.004218697 0.2576708 0.349808 0.00656408 0.2572572 0.339808 0.006462812 0.2574744 0.339808 0.00397998 0.2572572 0.349808 0.006462812 0.2574744 0.339808 0.006325364 0.2576708 0.339808 0.004081249 0.2574744 0.349808 0.006325364 0.2576708 0.339808 0.006155848 0.2578402 0.349808 0.004388213 0.2578402 0.339808 0.004218697 0.2576708 0.349808 0.00458455 0.2579777 0.349808 0.00480175 0.258079 0.349808 0.006155848 0.2578402 0.339808 0.00595951 0.2579777 0.339808 0.004388213 0.2578402 0.349808 0.00595951 0.2579777 0.339808 0.005742311 0.258079 0.339808 0.00458455 0.2579777 0.349808 0.005742311 0.258079 0.339808 0.005510807 0.258141 0.339808 0.00480175 0.258079 0.349808 0.005510807 0.258141 0.339808 0.00527203 0.2581619 0.339808 0.005033254 0.258141 0.339808 0.09527194 -2.12893e-4 0.339808 0.09708446 -2.12893e-4 0.349808 0.1052719 -2.12893e-4 0.349808 0.1005108 0.00643295 0.349808 0.1007423 0.006494998 0.349808 0.09897989 0.2563166 0.349808 0.09908115 0.2560994 0.339808 0.09708446 0.00309956 0.339808 0.1052719 -2.12893e-4 0.339808 0.1052719 0.00309956 0.349808 0.1052719 0.2647869 0.349808 0.1002719 0.2581619 0.349808 0.1000332 0.258141 0.339808 0.1052719 0.2647869 0.339808 0.002084553 0.2525994 0.3441205 2.72066e-4 0.1959777 0.3439242 2.72066e-4 0.1958402 0.3452783 0.00527203 0.01349496 0.3454955 0.00527203 0.01359629 0.344808 2.72066e-4 0.01341205 0.3450468 0.00527203 0.01343297 0.3445692 2.72066e-4 0.01343297 0.3443377 2.72066e-4 0.01349496 0.339808 2.72066e-4 0.00309956 0.339808 0.002084553 0.00309956 0.344808 0.00527203 0.01341205 0.3445692 0.00527203 0.01343297 0.3441205 2.72066e-4 0.01359629 0.3443377 0.00527203 0.01349496 0.3439242 2.72066e-4 0.01373374 0.339808 2.72066e-4 0.01197457 0.3437547 2.72066e-4 0.01390326 0.3436172 2.72066e-4 0.01409959 0.339808 0.002084553 0.01197457 0.3461621 2.72066e-4 0.1945481 0.3461 2.72066e-4 0.1943166 0.3459988 2.72066e-4 0.1940994 0.3458613 2.72066e-4 0.1939032 0.3461621 0.00527203 0.1945481 0.346183 0.00527203 0.1947869 0.3461 0.00527203 0.1943166 0.3459988 0.00527203 0.1940994 0.3456918 2.72066e-4 0.1937336 0.3458613 0.00527203 0.1939032 0.3461621 2.72066e-4 0.01502585 0.346183 2.72066e-4 0.01478707 0.3454955 2.72066e-4 0.1935961 0.3456918 0.00527203 0.1937336 0.3445692 2.72066e-4 0.01614117 0.3443377 2.72066e-4 0.01607912 0.3461621 0.00527203 0.1950258 0.3461 0.00527203 0.1952573 0.3461621 2.72066e-4 0.0145483 0.3461 2.72066e-4 0.01431679 0.3459988 2.72066e-4 0.01409959 0.346183 0.00527203 0.01478707 0.3461621 0.00527203 0.01502585 0.3461621 0.00527203 0.0145483 0.3461 0.00527203 0.01431679 0.3458613 2.72066e-4 0.01390326 0.3456918 2.72066e-4 0.01373374 0.3454955 2.72066e-4 0.01359629 0.3458613 0.00527203 0.01390326 0.3459988 0.00527203 0.01409959 0.3456918 0.00527203 0.01373374 0.3461 2.72066e-4 0.01525735 0.3461 0.00527203 0.01525735 0.3459988 0.00527203 0.01547455 0.3441205 0.00527203 0.01359629 0.3439242 0.00527203 0.01373374 0.339808 2.72066e-4 0.02128708 0.343433 2.72066e-4 0.01478707 0.3434538 2.72066e-4 0.0145483 0.339808 0.002084553 0.02128708 0.3437547 0.00527203 0.01390326 0.3435159 2.72066e-4 0.01431679 0.3436172 0.00527203 0.01409959 0.3435159 0.00527203 0.01431679 0.3434538 0.00527203 0.0145483 0.3434538 2.72066e-4 0.01502585 0.343433 0.00527203 0.01478707 0.3435159 2.72066e-4 0.01525735 0.3436172 2.72066e-4 0.01547455 0.339808 2.72066e-4 0.132287 0.3452783 2.72066e-4 0.1934948 0.3450468 2.72066e-4 0.1934328 0.344808 2.72066e-4 0.193412 0.3452783 0.00527203 0.1934948 0.3454955 0.00527203 0.1935961 0.3450468 0.00527203 0.1934328 0.3445692 2.72066e-4 0.1934328 0.344808 0.00527203 0.193412 0.3443377 2.72066e-4 0.1934948 0.3441205 2.72066e-4 0.1935961 0.3434538 0.00527203 0.01502585 0.3435159 0.00527203 0.01525735 0.3459988 2.72066e-4 0.01547455 0.3458613 0.00527203 0.01567089 0.3437547 2.72066e-4 0.01567089 0.3436172 0.00527203 0.01547455 0.3439242 2.72066e-4 0.01584041 0.3441205 2.72066e-4 0.01597785 0.3458613 2.72066e-4 0.01567089 0.3456918 0.00527203 0.01584041 0.3437547 0.00527203 0.01567089 0.3456918 2.72066e-4 0.01584041 0.3454955 0.00527203 0.01597785 0.3439242 0.00527203 0.01584041 0.3454955 2.72066e-4 0.01597785 0.3452783 0.00527203 0.01607912 0.3441205 0.00527203 0.01597785 0.3452783 2.72066e-4 0.01607912 0.3450468 0.00527203 0.01614117 0.3443377 0.00527203 0.01607912 0.3450468 2.72066e-4 0.01614117 0.344808 0.00527203 0.01616209 0.344808 2.72066e-4 0.01616209 0.3445692 0.00527203 0.01614117 0.343433 2.72066e-4 0.1947869 0.3434538 2.72066e-4 0.1945481 0.3443377 0.00527203 0.1934948 0.3445692 0.00527203 0.1934328 0.3439242 2.72066e-4 0.1937336 0.3441205 0.00527203 0.1935961 0.3437547 2.72066e-4 0.1939032 0.3436172 2.72066e-4 0.1940994 0.3439242 0.00527203 0.1937336 0.3437547 0.00527203 0.1939032 0.3435159 2.72066e-4 0.1943166 0.3436172 0.00527203 0.1940994 0.3435159 0.00527203 0.1943166 0.3434538 0.00527203 0.1945481 0.3434538 2.72066e-4 0.1950258 0.343433 0.00527203 0.1947869 0.3435159 2.72066e-4 0.1952573 0.3436172 2.72066e-4 0.1954745 0.3434538 0.00527203 0.1950258 0.3461 2.72066e-4 0.1952573 0.3459988 0.00527203 0.1954745 0.3435159 0.00527203 0.1952573 0.3459988 2.72066e-4 0.1954745 0.3458613 0.00527203 0.1956707 0.3437547 2.72066e-4 0.1956707 0.3436172 0.00527203 0.1954745 0.3458613 2.72066e-4 0.1956707 0.3456918 0.00527203 0.1958402 0.3437547 0.00527203 0.1956707 0.3456918 2.72066e-4 0.1958402 0.3454955 0.00527203 0.1959777 0.3439242 0.00527203 0.1958402 0.3454955 2.72066e-4 0.1959777 0.3452783 0.00527203 0.196079 0.3443377 2.72066e-4 0.196079 0.3441205 0.00527203 0.1959777 0.3452783 2.72066e-4 0.196079 0.3450468 0.00527203 0.196141 0.3443377 0.00527203 0.196079 0.3450468 2.72066e-4 0.196141 0.344808 0.00527203 0.1961619 0.3445692 0.00527203 0.196141 0.3445692 0.1052719 0.01343297 0.3443377 0.1052719 0.01349496 0.346183 0.1052719 0.1947869 0.3461621 0.1052719 0.1945481 0.349808 0.101626 0.2565481 0.349808 0.101647 0.2567869 0.3441205 0.1052719 0.01359629 0.3439242 0.1052719 0.01373374 0.3443377 0.1002719 0.01349496 0.3441205 0.1002719 0.01359629 0.344808 0.1052719 0.01341205 0.3445692 0.1002719 0.01343297 0.3450468 0.1052719 0.01343297 0.3452783 0.1052719 0.01349496 0.339808 0.101626 0.007548332 0.339808 0.1015641 0.007316768 0.3437547 0.1052719 0.01390326 0.3436172 0.1052719 0.01409959 0.3439242 0.1002719 0.01373374 0.3437547 0.1002719 0.01390326 0.3452783 0.1052719 0.1934948 0.3454955 0.1052719 0.1935961 0.3456918 0.1052719 0.1937336 0.3458613 0.1052719 0.1939032 0.3452783 0.1002719 0.1934948 0.3450468 0.1002719 0.1934328 0.3454955 0.1002719 0.1935961 0.3456918 0.1002719 0.1937336 0.3459988 0.1052719 0.1940994 0.3458613 0.1002719 0.1939032 0.3461 0.1052719 0.1943166 0.3459988 0.1002719 0.1940994 0.3461 0.1002719 0.1943166 0.344808 0.1002719 0.01341205 0.3450468 0.1002719 0.01343297 0.3454955 0.1052719 0.01359629 0.3452783 0.1002719 0.01349496 0.3456918 0.1052719 0.01373374 0.3458613 0.1052719 0.01390326 0.3454955 0.1002719 0.01359629 0.3461621 0.1002719 0.1945481 0.3461621 0.1052719 0.1950258 0.346183 0.1002719 0.1947869 0.3461 0.1052719 0.1952573 0.3459988 0.1052719 0.1954745 0.339808 0.1052719 0.2525994 0.3445692 0.1052719 0.196141 0.3443377 0.1052719 0.196079 0.3456918 0.1002719 0.01373374 0.3459988 0.1052719 0.01409959 0.3458613 0.1002719 0.01390326 0.3461 0.1052719 0.01431679 0.3461621 0.1052719 0.0145483 0.3459988 0.1002719 0.01409959 0.3461 0.1002719 0.01431679 0.346183 0.1052719 0.01478707 0.3461621 0.1002719 0.0145483 0.3450468 0.1052719 0.1934328 0.3461621 0.1052719 0.01502585 0.346183 0.1002719 0.01478707 0.3441205 0.1052719 0.1935961 0.3461 0.1052719 0.01525735 0.3459988 0.1052719 0.01547455 0.344808 0.1052719 0.193412 0.344808 0.1002719 0.193412 0.3445692 0.1002719 0.1934328 0.3434538 0.1052719 0.01502585 0.3435159 0.1052719 0.01525735 0.3436172 0.1002719 0.01409959 0.3435159 0.1002719 0.01431679 0.343433 0.1052719 0.01478707 0.3434538 0.1052719 0.0145483 0.3435159 0.1052719 0.01431679 0.343433 0.1002719 0.01478707 0.3434538 0.1002719 0.01502585 0.3434538 0.1002719 0.0145483 0.3445692 0.1052719 0.01614117 0.344808 0.1052719 0.01616209 0.3435159 0.1002719 0.01525735 0.3436172 0.1002719 0.01547455 0.3443377 0.1052719 0.1934948 0.3445692 0.1052719 0.1934328 0.3441205 0.1002719 0.1935961 0.3439242 0.1002719 0.1937336 0.3443377 0.1002719 0.1934948 0.3439242 0.1052719 0.1937336 0.3437547 0.1002719 0.1939032 0.3461621 0.1002719 0.01502585 0.3436172 0.1052719 0.01547455 0.3437547 0.1002719 0.01567089 0.3461 0.1002719 0.01525735 0.3437547 0.1052719 0.01567089 0.3439242 0.1002719 0.01584041 0.3458613 0.1052719 0.01567089 0.3459988 0.1002719 0.01547455 0.3456918 0.1052719 0.01584041 0.3454955 0.1052719 0.01597785 0.3439242 0.1052719 0.01584041 0.3441205 0.1002719 0.01597785 0.3458613 0.1002719 0.01567089 0.3441205 0.1052719 0.01597785 0.3443377 0.1002719 0.01607912 0.3456918 0.1002719 0.01584041 0.3443377 0.1052719 0.01607912 0.3445692 0.1002719 0.01614117 0.3452783 0.1052719 0.01607912 0.3454955 0.1002719 0.01597785 0.3450468 0.1052719 0.01614117 0.344808 0.1002719 0.01616209 0.3452783 0.1002719 0.01607912 0.3450468 0.1002719 0.01614117 0.343433 0.1052719 0.1947869 0.3434538 0.1052719 0.1950258 0.3435159 0.1052719 0.1943166 0.3436172 0.1052719 0.1940994 0.3437547 0.1052719 0.1939032 0.3435159 0.1002719 0.1943166 0.3434538 0.1002719 0.1945481 0.3436172 0.1002719 0.1940994 0.3434538 0.1052719 0.1945481 0.343433 0.1002719 0.1947869 0.339808 0.101647 0.2567869 0.339808 0.101626 0.2565481 0.3434538 0.1002719 0.1950258 0.3435159 0.1002719 0.1952573 0.3435159 0.1052719 0.1952573 0.3436172 0.1002719 0.1954745 0.3461621 0.1002719 0.1950258 0.3436172 0.1052719 0.1954745 0.3437547 0.1002719 0.1956707 0.3461 0.1002719 0.1952573 0.3437547 0.1052719 0.1956707 0.3439242 0.1002719 0.1958402 0.3458613 0.1052719 0.1956707 0.3459988 0.1002719 0.1954745 0.3456918 0.1052719 0.1958402 0.3454955 0.1052719 0.1959777 0.3439242 0.1052719 0.1958402 0.3441205 0.1002719 0.1959777 0.3458613 0.1002719 0.1956707 0.3441205 0.1052719 0.1959777 0.3443377 0.1002719 0.196079 0.3456918 0.1002719 0.1958402 0.3445692 0.1002719 0.196141 0.3452783 0.1052719 0.196079 0.3454955 0.1002719 0.1959777 0.3450468 0.1052719 0.196141 0.344808 0.1052719 0.1961619 0.344808 0.1002719 0.1961619 0.3452783 0.1002719 0.196079 0.3450468 0.1002719 0.196141 0.339808 0.1005108 0.258141 0.339808 0.1007423 0.258079 0.349808 0.1005108 0.2554328 0.349808 0.1002719 0.2554119 0.349808 0.1000332 0.2554328 0.349808 0.09980165 0.2554948 0.339808 0.1005108 0.2554328 0.339808 0.1007423 0.2554948 0.339808 0.1002719 0.2554119 0.339808 0.1009595 0.2555961 0.339808 0.1000332 0.2554328 0.339808 0.09980165 0.2554948 0.349808 0.09958446 0.2555961 0.349808 0.1007423 0.2554948 0.349808 0.09889698 0.007787048 0.349808 0.09891784 0.007548332 0.349808 0.09897989 0.007316768 0.349808 0.09938812 0.2557336 0.349808 0.09921866 0.2559031 0.339808 0.09958446 0.2555961 0.349808 0.1009595 0.2555961 0.339808 0.1011558 0.2557336 0.339808 0.09938812 0.2557336 0.339808 0.1013253 0.2559031 0.339808 0.1014628 0.2560994 0.349808 0.1011558 0.2557336 0.339808 0.09921866 0.2559031 0.349808 0.1013253 0.2559031 0.349808 0.09891784 0.008025825 0.339808 0.09908115 0.2560994 0.349808 0.1014628 0.2560994 0.349808 0.1015641 0.008257329 0.349808 0.101626 0.008025825 0.339808 0.1015641 0.2563166 0.339808 0.09897989 0.2563166 0.349808 0.09891784 0.2565481 0.349808 0.1015641 0.2563166 0.349808 0.09889698 0.2567869 0.349808 0.09891784 0.2570257 0.339808 0.09891784 0.2565481 0.339808 0.09889698 0.2567869 0.339808 0.101626 0.2570257 0.349808 0.09897989 0.2572572 0.339808 0.1015641 0.2572572 0.339808 0.1014628 0.2574744 0.349808 0.101626 0.2570257 0.349808 0.09908115 0.2574744 0.349808 0.09921866 0.2576708 0.349808 0.1015641 0.2572572 0.339808 0.09908115 0.2574744 0.349808 0.1014628 0.2574744 0.339808 0.1013253 0.2576708 0.339808 0.09921866 0.2576708 0.349808 0.09938812 0.2578402 0.339808 0.1011558 0.2578402 0.339808 0.1009595 0.2579777 0.349808 0.1013253 0.2576708 0.349808 0.09958446 0.2579777 0.349808 0.09980165 0.258079 0.339808 0.09938812 0.2578402 0.349808 0.1011558 0.2578402 0.339808 0.09958446 0.2579777 0.349808 0.1009595 0.2579777 0.339808 0.09980165 0.258079 0.349808 0.1007423 0.258079 0.339808 0.1000332 0.258141 0.349808 0.1005108 0.258141 0.339808 0.1002719 0.2581619 0.349808 0.1002719 0.006412088 0.349808 0.1000332 0.00643295 0.349808 0.09980165 0.006494998 0.339808 0.1005108 0.00643295 0.339808 0.1007423 0.006494998 0.339808 0.1002719 0.006412088 0.339808 0.1009595 0.006596267 0.339808 0.1000332 0.00643295 0.339808 0.09980165 0.006494998 0.349808 0.09958446 0.006596267 0.349808 0.09938812 0.006733775 0.349808 0.09921866 0.006903231 0.339808 0.09958446 0.006596267 0.349808 0.1009595 0.006596267 0.339808 0.1011558 0.006733775 0.339808 0.09938812 0.006733775 0.339808 0.1013253 0.006903231 0.339808 0.1014628 0.007099568 0.349808 0.1011558 0.006733775 0.339808 0.09921866 0.006903231 0.349808 0.09908115 0.007099568 0.349808 0.1013253 0.006903231 0.339808 0.09908115 0.007099568 0.349808 0.1014628 0.007099568 0.339808 0.09897989 0.007316768 0.349808 0.1015641 0.007316768 0.339808 0.09891784 0.007548332 0.349808 0.101626 0.007548332 0.339808 0.101647 0.007787048 0.339808 0.09889698 0.007787048 0.339808 0.101626 0.008025825 0.339808 0.1015641 0.008257329 0.349808 0.101647 0.007787048 0.339808 0.09891784 0.008025825 0.349808 0.09897989 0.008257329 0.349808 0.09908115 0.008474588 0.349808 0.09921866 0.008670926 0.339808 0.09897989 0.008257329 0.339808 0.1014628 0.008474588 0.339808 0.09908115 0.008474588 0.339808 0.1013253 0.008670926 0.339808 0.1011558 0.008840382 0.349808 0.1014628 0.008474588 0.339808 0.09921866 0.008670926 0.349808 0.09938812 0.008840382 0.349808 0.1013253 0.008670926 0.349808 0.09958446 0.00897783 0.349808 0.09980165 0.009079158 0.339808 0.09938812 0.008840382 0.349808 0.1011558 0.008840382 0.339808 0.1009595 0.00897783 0.339808 0.09958446 0.00897783 0.339808 0.1007423 0.009079158 0.339808 0.1005108 0.009141206 0.349808 0.1009595 0.00897783 0.339808 0.09980165 0.009079158 0.349808 0.1000332 0.009141206 0.349808 0.1007423 0.009079158 0.349808 0.1002719 0.009162068 0.349808 0.1005108 0.009141206 0.339808 0.1000332 0.009141206 0.339808 0.1002719 0.009162068 0.344808 0.1002719 0.01478707 0.344808 0.1002719 0.1947869 0.344808 0.00527203 0.01478707 0.344808 0.00527203 0.1947869 0.003584027 -0.002702534 0.01413154 0.003522038 -0.002702534 0.01436305 -1.2384e-4 -0.002702295 0.009601831 -1.2384e-4 -0.002702772 0.01960182 0.003584027 2.97458e-4 0.01413166 0.003685355 2.97469e-4 0.01391446 0.003501117 -0.002702534 0.01460182 0.003522038 2.97445e-4 0.01436322 0.003522038 -0.002702534 0.0148406 0.003584027 -0.002702534 0.0150721 0.003501117 2.97432e-4 0.01460194 0.3498759 -0.002702772 0.01960182 0.3444056 -0.002702593 0.01589387 0.3441884 -0.002702593 0.0157926 -1.2384e-4 2.97166e-4 0.01960194 0.3498759 2.97181e-4 0.01960194 -1.2384e-4 2.97699e-4 0.00960195 0.3498759 2.97714e-4 0.00960195 0.3498759 -0.002702236 0.009601831 0.005563616 -0.002702474 0.01341104 0.005759894 -0.002702474 0.01354849 0.003522038 2.9742e-4 0.01484072 0.003685355 -0.002702593 0.0152893 0.003584027 2.97407e-4 0.01507222 0.003822803 -0.002702593 0.01548564 0.003992199 -0.002702593 0.0156551 0.003685355 2.97396e-4 0.01528948 0.003822803 2.97385e-4 0.01548582 0.004188656 -0.002702593 0.0157926 0.003992199 2.97376e-4 0.01565527 0.004405796 -0.002702593 0.01589387 0.0046373 -0.002702593 0.01595592 0.004188656 2.97369e-4 0.01579272 0.3435838 -0.002702534 0.0150721 0.3436851 -0.002702534 0.0152893 0.3438225 -0.002702593 0.01548564 0.3439921 -0.002702593 0.0156551 0.3435838 2.97422e-4 0.01507222 0.3435218 2.97435e-4 0.01484072 0.3436851 2.97411e-4 0.01528948 0.3438225 2.974e-4 0.01548582 0.3439921 2.97391e-4 0.01565527 0.3441884 2.97384e-4 0.01579272 0.3446371 -0.002702593 0.01595592 0.3444056 2.97379e-4 0.01589405 0.3448759 -0.002702593 0.01597678 0.3451147 -0.002702593 0.01595592 0.34623 -0.002702534 0.0148406 0.346168 -0.002702534 0.0150721 0.004405796 2.97364e-4 0.01589405 0.004876136 -0.002702593 0.01597678 0.0046373 2.9736e-4 0.0159561 0.3435218 -0.002702534 0.0148406 0.005114912 -0.002702593 0.01595592 0.004876136 2.97359e-4 0.01597696 0.3446371 -0.002702474 0.01324772 0.3448759 -0.002702474 0.0132268 0.3435009 -0.002702534 0.01460182 0.3435009 2.97447e-4 0.01460194 0.3435218 2.9746e-4 0.01436322 0.3446371 2.97375e-4 0.0159561 0.3448759 2.97374e-4 0.01597696 0.3453462 -0.002702593 0.01589387 0.3451147 2.97375e-4 0.0159561 0.3455634 -0.002702593 0.0157926 0.3457597 -0.002702593 0.0156551 0.3453462 2.97379e-4 0.01589405 0.3455634 2.97384e-4 0.01579272 0.3459292 -0.002702593 0.01548564 0.3457597 2.97391e-4 0.01565527 0.3460667 -0.002702534 0.0152893 0.3459292 2.974e-4 0.01548582 0.3460667 2.97411e-4 0.01528948 0.346168 2.97422e-4 0.01507222 0.3462509 -0.002702534 0.01460182 0.34623 2.97435e-4 0.01484072 0.34623 -0.002702534 0.01436305 0.346168 -0.002702474 0.01413154 0.3444056 -0.002702474 0.01330971 0.3441884 -0.002702474 0.01341104 0.3439921 -0.002702474 0.01354849 0.3438225 -0.002702474 0.01371794 0.3444056 2.97516e-4 0.01330989 0.3446371 2.9752e-4 0.01324784 0.3441884 2.97511e-4 0.01341116 0.3439921 2.97503e-4 0.01354867 0.3436851 -0.002702474 0.01391428 0.3438225 2.97494e-4 0.01371812 0.3435838 -0.002702474 0.01413154 0.3435218 -0.002702534 0.01436305 0.3436851 2.97484e-4 0.01391446 0.3435838 2.97472e-4 0.01413166 0.005346417 -0.002702593 0.01589387 0.005114912 2.9736e-4 0.0159561 0.005563616 -0.002702593 0.0157926 0.005759894 -0.002702593 0.0156551 0.3448759 2.97521e-4 0.01322698 0.3451147 2.9752e-4 0.01324784 0.005346417 2.97364e-4 0.01589405 0.3451147 -0.002702474 0.01324772 0.006230235 -0.002702534 0.0148406 0.006251096 -0.002702534 0.01460182 0.3453462 2.97516e-4 0.01330989 0.005563616 2.97369e-4 0.01579272 0.00592941 -0.002702593 0.01548564 0.005759894 2.97377e-4 0.01565527 0.006066918 -0.002702593 0.0152893 0.006168246 -0.002702534 0.0150721 0.00592941 2.97386e-4 0.01548582 0.006066918 2.97396e-4 0.01528948 0.006168246 2.97408e-4 0.01507222 0.006230235 2.9742e-4 0.01484072 0.006230235 -0.002702534 0.01436305 0.006251096 2.97433e-4 0.01460194 0.006168246 -0.002702534 0.01413154 0.006066918 -0.002702474 0.01391428 0.3462509 2.97447e-4 0.01460194 0.006230235 2.97445e-4 0.01436322 0.34623 2.9746e-4 0.01436322 0.003685355 -0.002702474 0.01391428 0.003822803 2.9748e-4 0.01371812 0.006168246 2.97458e-4 0.01413166 0.3460667 -0.002702474 0.01391428 0.346168 2.97473e-4 0.01413166 0.3459292 -0.002702474 0.01371794 0.3457597 -0.002702474 0.01354849 0.003822803 -0.002702474 0.01371794 0.003992199 2.97489e-4 0.01354867 0.00592941 -0.002702474 0.01371794 0.006066918 2.97469e-4 0.01391446 0.3460667 2.97484e-4 0.01391446 0.003992199 -0.002702474 0.01354849 0.004188656 2.97496e-4 0.01341116 0.00592941 2.9748e-4 0.01371812 0.3459292 2.97495e-4 0.01371812 0.004188656 -0.002702474 0.01341104 0.004405796 2.97501e-4 0.01330989 0.005759894 2.97489e-4 0.01354867 0.3455634 -0.002702474 0.01341104 0.3457597 2.97504e-4 0.01354867 0.3453462 -0.002702474 0.01330971 0.004405796 -0.002702474 0.01330971 0.0046373 2.97505e-4 0.01324784 0.005346417 -0.002702474 0.01330971 0.005563616 2.97496e-4 0.01341116 0.005114912 -0.002702474 0.01324772 0.004876136 -0.002702474 0.0132268 0.3455634 2.97511e-4 0.01341116 0.0046373 -0.002702474 0.01324772 0.004876136 2.97506e-4 0.01322698 0.005346417 2.97501e-4 0.01330989 0.005114912 2.97505e-4 0.01324784 0.3393759 2.97607e-4 0.01160198 0.3393759 2.97261e-4 0.01810199 0.3393759 0.005297482 0.01310223 0.3393759 0.005297601 0.01160222 0.01037615 0.005297482 0.01310223 0.01037615 2.97246e-4 0.01810199 0.01037615 0.005297541 0.01160222 0.01037615 2.97593e-4 0.01160198 0.003459811 0.1080504 0.1953713 0.003397822 0.1080504 0.1951398 -2.48051e-4 0.1080507 0.1999011 -2.48051e-4 0.1080499 0.1899011 0.003459811 0.1050504 0.1953716 0.003561139 0.1050504 0.1955888 0.003376901 0.1080504 0.1949011 0.003397822 0.1050503 0.1951401 0.003397822 0.1080504 0.1946623 0.003459811 0.1080503 0.1944308 0.003376901 0.1050503 0.1949013 0.3497517 0.10805 0.1899011 0.3442814 0.1080502 0.193609 0.3440642 0.1080503 0.1937103 -2.48051e-4 0.10505 0.1899013 0.3497517 0.10505 0.1899013 -2.48051e-4 0.1050508 0.1999013 0.3497517 0.1050508 0.1999013 0.3497517 0.1080508 0.1999011 0.0054394 0.1080504 0.1960918 0.005635678 0.1080504 0.1959544 0.003397822 0.1050503 0.1946625 0.003561139 0.1080503 0.1942136 0.003459811 0.1050503 0.194431 0.003698587 0.1080503 0.1940172 0.003867983 0.1080502 0.1938477 0.003561139 0.1050503 0.1942138 0.003698587 0.1050503 0.1940175 0.00406444 0.1080502 0.1937103 0.003867983 0.1050503 0.193848 0.00428158 0.1080502 0.193609 0.004513144 0.1080502 0.193547 0.00406444 0.1050503 0.1937105 0.3434596 0.1080503 0.1944308 0.3435609 0.1080503 0.1942136 0.3436984 0.1080503 0.1940172 0.3438678 0.1080503 0.1938477 0.3434596 0.1050503 0.194431 0.3433976 0.1050503 0.1946625 0.3435609 0.1050503 0.1942138 0.3436984 0.1050503 0.1940175 0.3438678 0.1050503 0.193848 0.3440642 0.1050503 0.1937105 0.3445129 0.1080502 0.193547 0.3442814 0.1050503 0.1936092 0.3447517 0.1080502 0.193526 0.3449904 0.1080502 0.193547 0.3461058 0.1080504 0.1946623 0.3460438 0.1080503 0.1944308 0.00428158 0.1050503 0.1936092 0.00475192 0.1080502 0.193526 0.004513144 0.1050502 0.1935472 0.3433976 0.1080504 0.1946623 0.004990696 0.1080502 0.193547 0.00475192 0.1050502 0.1935263 0.3445129 0.1080505 0.1962552 0.3447517 0.1080505 0.1962761 0.3433767 0.1080504 0.1949011 0.3433767 0.1050503 0.1949013 0.3433976 0.1050504 0.1951401 0.3445129 0.1050503 0.1935472 0.3447517 0.1050503 0.1935263 0.3452219 0.1080502 0.193609 0.3449904 0.1050503 0.1935472 0.3454392 0.1080503 0.1937103 0.3456355 0.1080503 0.1938477 0.3452219 0.1050503 0.1936092 0.3454392 0.1050503 0.1937105 0.345805 0.1080503 0.1940172 0.3456355 0.1050503 0.193848 0.3459425 0.1080503 0.1942136 0.345805 0.1050503 0.1940175 0.3459425 0.1050503 0.1942138 0.3460438 0.1050503 0.194431 0.3461267 0.1080504 0.1949011 0.3461058 0.1050503 0.1946625 0.3461058 0.1080504 0.1951398 0.3460438 0.1080504 0.1953713 0.3442814 0.1080505 0.1961931 0.3440642 0.1080505 0.1960918 0.3438678 0.1080504 0.1959544 0.3436984 0.1080504 0.1957849 0.3442814 0.1050505 0.1961934 0.3445129 0.1050505 0.1962554 0.3440642 0.1050505 0.1960921 0.3438678 0.1050505 0.1959546 0.3435609 0.1080504 0.1955885 0.3436984 0.1050505 0.1957851 0.3434596 0.1080504 0.1953713 0.3433976 0.1080504 0.1951398 0.3435609 0.1050504 0.1955888 0.3434596 0.1050504 0.1953716 0.005222201 0.1080502 0.193609 0.004990696 0.1050502 0.1935472 0.0054394 0.1080502 0.1937103 0.005635678 0.1080502 0.1938477 0.3447517 0.1050505 0.1962763 0.3449904 0.1050505 0.1962554 0.005222201 0.1050503 0.1936092 0.3449904 0.1080505 0.1962552 0.006106019 0.1080504 0.1946623 0.00612694 0.1080504 0.1949011 0.3452219 0.1050505 0.1961934 0.0054394 0.1050503 0.1937105 0.005805253 0.1080503 0.1940172 0.005635678 0.1050503 0.193848 0.005942702 0.1080503 0.1942136 0.00604403 0.1080503 0.1944308 0.005805253 0.1050503 0.1940175 0.005942702 0.1050503 0.1942138 0.00604403 0.1050503 0.194431 0.006106019 0.1050503 0.1946625 0.006106019 0.1080504 0.1951398 0.00612694 0.1050503 0.1949013 0.00604403 0.1080504 0.1953713 0.005942702 0.1080504 0.1955885 0.3461267 0.1050503 0.1949013 0.006106019 0.1050503 0.1951401 0.3461058 0.1050504 0.1951401 0.003561139 0.1080504 0.1955885 0.003698587 0.1050504 0.1957851 0.00604403 0.1050504 0.1953716 0.3459425 0.1080504 0.1955885 0.3460438 0.1050504 0.1953716 0.345805 0.1080504 0.1957849 0.3456355 0.1080504 0.1959544 0.003698587 0.1080504 0.1957849 0.003867983 0.1050505 0.1959546 0.005805253 0.1080504 0.1957849 0.005942702 0.1050504 0.1955888 0.3459425 0.1050504 0.1955888 0.003867983 0.1080504 0.1959544 0.00406444 0.1050505 0.1960921 0.005805253 0.1050504 0.1957851 0.345805 0.1050505 0.1957851 0.00406444 0.1080504 0.1960918 0.00428158 0.1050505 0.1961934 0.005635678 0.1050505 0.1959546 0.3454392 0.1080505 0.1960918 0.3456355 0.1050505 0.1959546 0.3452219 0.1080505 0.1961931 0.00428158 0.1080505 0.1961931 0.004513144 0.1050505 0.1962554 0.005222201 0.1080505 0.1961931 0.0054394 0.1050505 0.1960921 0.004990696 0.1080505 0.1962552 0.00475192 0.1080505 0.1962761 0.3454392 0.1050505 0.1960921 0.004513144 0.1080505 0.1962552 0.00475192 0.1050505 0.1962763 0.005222201 0.1050505 0.1961934 0.004990696 0.1050505 0.1962554 0.3392517 0.1050506 0.1979013 0.3392517 0.1050501 0.1914013 0.3392517 0.1000505 0.1964017 0.3392517 0.1000506 0.1979017 0.01025193 0.1000505 0.1964017 0.01025193 0.1050501 0.1914013 0.01025193 0.1000506 0.1979017 0.01025193 0.1050506 0.1979013 0.003652811 -0.003041148 0.1943048 0.003590822 -0.003041148 0.1945364 -5.50535e-5 -0.003040909 0.1897751 -5.50535e-5 -0.003041446 0.1997751 0.003652811 -4.11668e-5 0.194305 0.003754138 -4.11552e-5 0.1940878 0.0035699 -0.003041148 0.1947751 0.003590822 -4.11791e-5 0.1945365 0.003590822 -0.003041148 0.1950139 0.003652811 -0.003041207 0.1952454 0.0035699 -4.11918e-5 0.1947753 0.3499447 -0.003041386 0.1997751 0.3444744 -0.003041207 0.1960672 0.3442572 -0.003041207 0.1959659 -5.50537e-5 -4.14582e-5 0.1997753 0.3499447 -4.14429e-5 0.1997753 -5.50537e-5 -4.09258e-5 0.1897753 0.3499447 -4.09105e-5 0.1897753 0.3499447 -0.00304085 0.1897751 0.0056324 -0.003041088 0.1935843 0.005828678 -0.003041088 0.1937218 0.003590822 -4.12045e-5 0.1950141 0.003754138 -0.003041207 0.1954627 0.003652811 -4.12168e-5 0.1952456 0.003891587 -0.003041207 0.1956589 0.004060983 -0.003041207 0.1958284 0.003754138 -4.12284e-5 0.1954628 0.003891587 -4.12388e-5 0.1956591 0.00425744 -0.003041207 0.1959659 0.004060983 -4.12479e-5 0.1958286 0.00447458 -0.003041207 0.1960672 0.004706084 -0.003041207 0.1961293 0.00425744 -4.12552e-5 0.1959661 0.3436526 -0.003041148 0.1952454 0.3437539 -0.003041207 0.1954627 0.3438914 -0.003041207 0.1956589 0.3440608 -0.003041207 0.1958284 0.3436526 -4.1202e-5 0.1952456 0.3435906 -4.11897e-5 0.1950141 0.3437539 -4.12135e-5 0.1954628 0.3438914 -4.1224e-5 0.1956591 0.3440608 -4.1233e-5 0.1958286 0.3442572 -4.12403e-5 0.1959661 0.3447059 -0.003041207 0.1961293 0.3444744 -4.12457e-5 0.1960673 0.3449447 -0.003041207 0.1961501 0.3451834 -0.003041207 0.1961293 0.3462988 -0.003041148 0.1950139 0.3462368 -0.003041148 0.1952454 0.00447458 -4.12606e-5 0.1960673 0.00494492 -0.003041207 0.1961501 0.004706084 -4.12638e-5 0.1961294 0.3435906 -0.003041148 0.1950139 0.005183696 -0.003041207 0.1961293 0.00494492 -4.1265e-5 0.1961503 0.3447059 -0.003041088 0.193421 0.3449447 -0.003041088 0.1934002 0.3435697 -0.003041148 0.1947751 0.3435697 -4.1177e-5 0.1947753 0.3435906 -4.11642e-5 0.1945365 0.3447059 -4.1249e-5 0.1961294 0.3449447 -4.12501e-5 0.1961503 0.3454149 -0.003041207 0.1960672 0.3451834 -4.1249e-5 0.1961294 0.3456322 -0.003041207 0.1959659 0.3458285 -0.003041207 0.1958284 0.3454149 -4.12457e-5 0.1960673 0.3456322 -4.12403e-5 0.1959661 0.345998 -0.003041207 0.1956589 0.3458285 -4.12329e-5 0.1958286 0.3461354 -0.003041207 0.1954627 0.345998 -4.12239e-5 0.1956591 0.3461354 -4.12134e-5 0.1954628 0.3462368 -4.12019e-5 0.1952456 0.3463197 -0.003041148 0.1947751 0.3462988 -4.11895e-5 0.1950141 0.3462988 -0.003041148 0.1945364 0.3462368 -0.003041148 0.1943048 0.3444744 -0.003041088 0.1934831 0.3442572 -0.003041088 0.1935843 0.3440608 -0.003041088 0.1937218 0.3438914 -0.003041088 0.1938913 0.3444744 -4.11081e-5 0.1934832 0.3447059 -4.11048e-5 0.1934212 0.3442572 -4.11135e-5 0.1935845 0.3440608 -4.11209e-5 0.193722 0.3437539 -0.003041088 0.1940876 0.3438914 -4.11299e-5 0.1938915 0.3436526 -0.003041148 0.1943048 0.3435906 -0.003041148 0.1945364 0.3437539 -4.11403e-5 0.1940878 0.3436526 -4.11519e-5 0.194305 0.005415201 -0.003041207 0.1960672 0.005183696 -4.12638e-5 0.1961294 0.0056324 -0.003041207 0.1959659 0.005828678 -0.003041207 0.1958284 0.3449447 -4.11037e-5 0.1934003 0.3451834 -4.11048e-5 0.1934212 0.005415201 -4.12605e-5 0.1960673 0.3451834 -0.003041088 0.193421 0.006299018 -0.003041148 0.1950139 0.00631994 -0.003041148 0.1947751 0.3454149 -4.11081e-5 0.1934832 0.0056324 -4.12551e-5 0.1959661 0.005998253 -0.003041207 0.1956589 0.005828678 -4.12478e-5 0.1958286 0.006135702 -0.003041207 0.1954627 0.00623703 -0.003041207 0.1952454 0.005998253 -4.12388e-5 0.1956591 0.006135702 -4.12283e-5 0.1954628 0.00623703 -4.12167e-5 0.1952456 0.006299018 -4.12044e-5 0.1950141 0.006299018 -0.003041148 0.1945364 0.00631994 -4.11917e-5 0.1947753 0.00623703 -0.003041148 0.1943048 0.006135702 -0.003041148 0.1940876 0.3463197 -4.11768e-5 0.1947753 0.006299018 -4.1179e-5 0.1945365 0.3462988 -4.11641e-5 0.1945365 0.003754138 -0.003041148 0.1940876 0.003891587 -4.11447e-5 0.1938915 0.00623703 -4.11667e-5 0.194305 0.3461354 -0.003041088 0.1940876 0.3462368 -4.11518e-5 0.194305 0.345998 -0.003041088 0.1938913 0.3458285 -0.003041088 0.1937218 0.003891587 -0.003041088 0.1938913 0.004060983 -4.11357e-5 0.193722 0.005998253 -0.003041088 0.1938913 0.006135702 -4.11551e-5 0.1940878 0.3461354 -4.11402e-5 0.1940878 0.004060983 -0.003041088 0.1937218 0.00425744 -4.11284e-5 0.1935845 0.005998253 -4.11447e-5 0.1938915 0.345998 -4.11298e-5 0.1938915 0.00425744 -0.003041088 0.1935843 0.00447458 -4.1123e-5 0.1934832 0.005828678 -4.11356e-5 0.193722 0.3456322 -0.003041088 0.1935843 0.3458285 -4.11208e-5 0.193722 0.3454149 -0.003041088 0.1934831 0.00447458 -0.003041088 0.1934831 0.004706084 -4.11197e-5 0.1934212 0.005415201 -0.003041088 0.1934831 0.0056324 -4.11283e-5 0.1935845 0.005183696 -0.003041088 0.193421 0.00494492 -0.003041088 0.1934002 0.3456322 -4.11135e-5 0.1935845 0.004706084 -0.003041088 0.193421 0.00494492 -4.11186e-5 0.1934003 0.005415201 -4.11229e-5 0.1934832 0.005183696 -4.11196e-5 0.1934212 0.3394447 -4.10174e-5 0.1917753 0.3394447 -4.13635e-5 0.1982753 0.3394447 0.004958868 0.1932755 0.3394447 0.004958927 0.1917756 0.01044493 0.004958868 0.1932755 0.01044493 -4.13778e-5 0.1982753 0.01044493 0.004958927 0.1917756 0.01044493 -4.10318e-5 0.1917753</float_array>
          <technique_common>
            <accessor source="#Rack-mesh-positions-array" count="1992" stride="3">
              <param name="X" type="float"/>
              <param name="Y" type="float"/>
              <param name="Z" type="float"/>
            </accessor>
          </technique_common>
        </source>
        <source id="Rack-mesh-normals">
          <float_array id="Rack-mesh-normals-array" count="9258">0 0.7520962 -0.6590533 -1 0 0 -1 0 0 -1 0 0 -1 0 0 -1 0 0 -1 0 0 -1 0 0 -1 0 0 -1 0 0 -1 0 0 0 -1 0 1 -1.71199e-7 0 1 1.712e-7 0 0 1 0 -1 0 0 -1 0 0 -1 0 0 0 -1 1.29261e-6 1 0 0 1 0 0 0 0 1 -1 0 0 -1 0 0 -1 0 0 -1 0 0 0 -0.7520962 0.6590533 -1 0 0 -1 0 0 -1 0 0 -1 0 0 -1 0 0 -1 0 0 1 0 0 -1 0 0 -1 0 0 -1 0 0 -1 0 0 -1 0 0 -1 0 0 -1 0 0 -1 0 0 -1 0 0 0 0.7520962 0.6590533 1 0 0 1 0 0 0 -1 -1.66308e-6 -1 0 0 1 0 0 -1 0 0 -1 0 0 -1 0 0 -1 0 0 -1 0 0 0 0 -1 -1 0 0 -1 0 0 0 1 -1.61576e-7 -1 0 0 -1 0 0 0 -0.7520962 -0.6590533 0 -0.7520964 -0.6590533 -1 0 0 -1 0 0 -1 0 0 -1 0 0 1 0 0 1 -3.77378e-6 0 2.21802e-6 -0.2585296 0.9660034 -3.03554e-6 -0.4227408 0.9062507 2.19378e-6 -0.08716475 0.996194 -3.03596e-6 -0.2585296 0.9660034 1 -7.64256e-6 0 1 7.61644e-6 0 1 -9.23184e-7 0 2.18566e-6 0.08716475 0.996194 0 -0.08716398 0.996194 1 6.38248e-6 0 0 -1 0 0 -1 0 0 -1 0 0 -1 0 0 0 -1 0 0 -1 0 0 -1 1 6.37112e-6 0 -8.42021e-7 0.2585311 0.966003 0 0.08716428 0.996194 -8.1782e-7 0.4227384 0.9062517 0 0.2585311 0.966003 1 -3.74528e-6 0 -7.78441e-7 0.5736744 0.8190835 0 0.4227373 0.9062523 -7.25052e-7 0.7071225 0.7070911 0 0.573673 0.8190845 -6.59267e-7 0.8191168 0.5736268 0 0.7071225 0.707091 -5.82983e-7 0.906292 0.4226521 0 0.8191183 0.5736247 -4.98548e-7 0.965923 0.2588296 0 0.9062908 0.4226546 1 -3.08233e-6 0 1 8.76279e-7 0 -4.65662e-6 0 1 7.3045e-6 0 1 3.21146e-6 0 1 0 -1 0 0 -1 0 0 -0.08715516 0.9961948 0 -0.2588179 0.9659262 0 0.08715516 0.9961948 0 -0.08715438 0.9961948 1 -8.62966e-6 0 1 8.30721e-7 0 0 0.2588194 0.9659258 0 0.08715462 0.9961948 1 0 0 1 5.86017e-6 0 0 0 -1 0 0.4226188 0.9063076 0 0.2588194 0.9659258 0 0.5735793 0.8191501 0 0.4226176 0.9063082 1 -7.54092e-6 0 1 7.76138e-6 0 1 -1.81573e-6 0 0 0.707106 0.7071076 0 0.5735778 0.8191511 0 0.8191507 0.5735784 0 0.7071061 0.7071076 0 0.9063097 0.4226142 0 0.8191521 0.5735763 0 0.9659248 0.2588233 0 0.9063085 0.4226167 0 0.9961947 0.08715564 0 0.9659255 0.2588204 0 0.9961947 -0.08715528 0 0.9961947 0.08715564 1 -8.13975e-7 0 1 -6.84523e-6 0 2.453e-6 -0.8191183 0.5736247 0 -0.906292 0.4226521 2.37646e-6 -0.7071241 0.7070896 -3.03598e-6 -0.8191168 0.5736267 -7.2501e-7 -0.5736716 0.8190855 -3.03566e-6 -0.7071241 0.7070896 -4.98578e-7 -0.906292 0.4226521 0 -0.9659223 0.2588323 0 1 1.45519e-7 -3.15783e-7 -0.9961951 0.08715188 0 -0.996196 -0.08714109 -4.08589e-7 -0.9659223 0.2588324 3.7945e-7 -0.9961956 0.08714586 1 -4.12324e-6 0 0 -0.9063097 0.4226142 0 -0.965924 0.2588261 0 -0.8191521 0.5735763 0 -0.9063098 0.4226142 0 -0.7071075 0.7071061 0 -0.8191508 0.5735784 0 -0.5735765 0.8191521 0 -0.7071076 0.7071061 1 7.54092e-6 0 1 -3.71941e-6 0 0 -0.4226211 0.9063066 0 -0.5735765 0.8191521 0 -0.9063094 -0.4226149 0 -0.8191528 -0.5735754 0 -0.9659238 -0.2588266 0 -0.9063094 -0.4226149 1 -2.08356e-5 0 1 2.64224e-6 0 0 -0.9961953 -0.08714926 0 -0.9659239 -0.2588266 0 -0.9961947 0.08715564 0 -0.9961948 -0.08715528 0 -0.2588179 0.9659262 0 -0.4226211 0.9063066 0 -0.965924 0.2588261 0 -0.9961953 0.08714956 2.25708e-6 -0.4227408 0.9062507 0 -0.5736716 0.8190854 0 0.9659254 -0.2588209 0 0.9961947 -0.08715528 1 7.85349e-6 0 0 0.9063082 -0.4226174 0 0.9659246 -0.2588238 0 0.8191528 -0.5735754 0 0.9063094 -0.4226149 1 -1.37236e-5 0 0 -0.8191514 -0.5735774 0 -0.7071085 -0.7071051 0 0.707107 -0.7071067 0 0.8191514 -0.5735774 1 -1.1209e-5 0 1 9.65498e-6 0 1 -4.15249e-6 0 1 1.11288e-5 0 0 -0.7071085 -0.7071052 0 -0.5735725 -0.8191549 0 0.5735739 -0.8191539 0 0.707107 -0.7071066 1 -9.60658e-6 0 0 -0.5735725 -0.8191549 -1.89733e-7 -0.4226195 -0.9063072 0 0.422616 -0.9063089 0 0.5735753 -0.8191528 1.95455e-7 -0.4226195 -0.9063072 0 -0.2588197 -0.9659257 0 0.2588212 -0.9659253 0 0.4226171 -0.9063083 1 7.91208e-6 0 1 -6.33091e-6 0 0 -0.2588196 -0.9659257 0 -0.08715707 -0.9961947 0 0.08715653 -0.9961947 0 0.2588212 -0.9659253 0 -0.08715629 -0.9961947 0 0.08715707 -0.9961947 -4.08561e-7 0.9961951 0.08715188 0 0.9659239 0.2588268 0 0.996196 -0.08714109 3.79449e-7 0.9961951 0.08715188 1.56436e-7 -0.9961966 -0.08713507 0 -0.9659223 -0.2588323 -2.23009e-7 0.9659239 -0.2588268 0 0.996196 -0.08714109 1 7.00213e-6 0 -1.3305e-7 -0.9659223 -0.2588324 0 -0.906292 -0.4226521 -1.33058e-7 0.9062908 -0.4226546 0 0.965923 -0.2588296 0 -0.906292 -0.4226521 0 -0.8192819 -0.573391 0 0.8192819 -0.5733911 0 0.906292 -0.4226521 1 -8.29903e-6 0 0 -0.8192805 -0.5733931 0 -0.7069375 -0.7072761 0 0.706936 -0.7072776 0 0.8192805 -0.5733931 1 8.30678e-7 0 0 -0.7069374 -0.7072761 0 -0.5735882 -0.819144 0 0.5735896 -0.8191429 0 0.706936 -0.7072776 1.46918e-7 -0.5735881 -0.819144 0 -0.4227408 -0.9062507 1.4691e-7 0.4227373 -0.9062523 0 0.573591 -0.8191419 1.86282e-7 -0.4227408 -0.9062507 0 -0.2585296 -0.9660034 1.86309e-7 0.2585311 -0.966003 0 0.4227384 -0.9062517 2.10385e-7 -0.2585296 -0.9660034 0 -0.0872882 -0.9961832 -2.82532e-6 0.08728766 -0.9961832 0 0.2585311 -0.966003 -2.81718e-6 -0.08728736 -0.9961832 0 0.0872882 -0.9961832 0 0 -1 1 2.18961e-7 0 1 -4.02957e-6 0 1 6.45e-6 0 -1 0 0 -1 0 0 -1 0 0 1 2.19651e-7 0 1 9.94274e-7 -1.31855e-7 -1 0 0 -1 0 0 -1 0 0 -1 0 0 -1 0 0 0 -1 0 0 -1 0 -1 0 0 -0.2588025 0 0.9659303 -0.4226406 0 0.9062974 -0.08716166 0 0.9961942 -0.2588039 0 0.9659299 0 -1 0 0 -1 0 0 -1 0 -1 0 0 -1 0 0 0.08716166 0 0.9961942 -0.08716166 0 0.9961942 0.2588035 0 0.9659301 0.08716166 0 0.9961942 0.4226391 0 0.9062981 0.2588148 0 0.965927 0 -1 0 0 -1 0 0 -1 0 0 -1 0 -1 0 0 0 -1 0 0 -1 0 -0.965923 0 0.2588298 -0.9961963 0 0.08713722 -0.9062803 0 0.4226772 -0.965923 0 0.2588298 -0.8191061 0 0.573642 -0.9062977 0 0.42264 -0.7071061 0 0.7071075 -0.8191381 0 0.5735964 0 -1 0 0 -1 0 0 -1 0 -0.5735478 0 0.8191722 -0.7071547 0 0.707059 0 -1 0 0 -1 0 -0.9961956 0 -0.08714568 -0.965923 0 -0.2588298 -0.9961949 0 0.08715409 -0.9961963 0 -0.08713722 0 -1 0 0 -1 0 0 -1 0 0 -1 0 -0.996195 0 0.08715301 -0.996195 0 -0.08715301 -0.9659254 0 0.2588208 -0.9961949 0 0.08715409 -0.9063064 0 0.4226214 -0.9659246 0 0.2588238 0 -1 0 0 -1 0 0 -1 0 -0.7071121 0 0.7071015 -0.8191462 0 0.573585 -0.5735641 0 0.8191607 -0.4226406 0 0.9062975 -0.5735641 0 0.8191607 -0.9659246 0 -0.2588238 -0.9063064 0 -0.4226214 -0.9961949 0 -0.08715409 -0.8191501 0 0.5735793 -0.9063064 0 0.4226214 0 -1 0 0.5735642 0 0.8191607 0.4226391 0 0.9062981 0.7071112 0 0.7071024 0.5735641 0 0.8191607 0 -1 0 0 -1 0 -1 0 0 -1 0 0 0.8191471 0 0.5735836 0.9063064 0 0.4226214 0.8191506 0 0.5735786 0 -1 0 0 -1 0 0.9659246 0 0.2588238 0.9063064 0 0.4226214 0.9961949 0 0.08715409 0.9659254 0 0.2588207 0.996195 0 -0.08715301 0.996195 0 0.08715301 0 -1 0 0 -1 0 0 -1 0 0 -1 0 0 -1 0 0 -1 0 0 -1 0 -0.2585192 0 0.9660061 -0.4226606 0 0.9062882 -0.08713757 0 0.9961963 -0.2586507 0 0.9659709 0.08723396 0 0.9961879 -0.08723396 0 0.9961879 0 -1 0 0 -1 0 0 -1 0 0 -1 0 -0.4227403 0 0.9062508 -0.5736782 0 0.8190809 0.9659246 0 -0.2588238 0.9961949 0 -0.08715409 0.9063064 0 -0.4226214 0.9659246 0 -0.2588238 0 -1 0 -0.9063042 0 -0.4226261 -0.8191501 0 -0.5735793 0.8191511 0 -0.573578 0.9063042 0 -0.422626 0 -1 0 0 -1 0 0 -1 0 0 -1 0 -0.819146 0 -0.573585 -0.7071182 0 -0.7070954 0.7071173 0 -0.7070963 0.8191466 0 -0.5735843 -0.7071121 0 -0.7071015 -0.573556 0 -0.8191664 0.573556 0 -0.8191664 0.7071112 0 -0.7071024 -0.5735722 0 -0.819155 -0.4226406 0 -0.9062974 0.4226391 0 -0.9062981 0.5735723 0 -0.819155 0 -1 0 0 -1 0 -0.4226506 0 -0.9062927 -0.258803 0 -0.9659302 0.2588035 0 -0.9659301 0.422649 0 -0.9062934 0 -1 0 -0.2588365 0 -0.9659212 -0.08714962 0 -0.9961953 0.08714962 0 -0.9961953 0.2588261 0 -0.965924 0 -1 0 -0.08713757 0 -0.9961963 0.08713757 0 -0.9961963 0 -1 0 0 -1 0 0.4226591 0 0.9062888 0.2586109 0 0.9659816 0.5736782 0 0.8190808 0.4227389 0 0.9062516 0 -1 0 0 -1 0 0 -1 0 0.7071537 0 0.7070599 0.5735478 0 0.8191722 0.2587015 0 0.9659574 0.08713757 0 0.9961963 0.8191391 0 0.5735951 0.7071052 0 0.7071085 0.9062977 0 0.42264 0.8191066 0 0.5736414 0 -1 0 0 -1 0 0.965923 0 0.2588298 0.9062803 0 0.4226772 0.9961963 0 0.08713722 0.965923 0 0.2588298 0.9961963 0 -0.08713722 0.9961949 0 0.08715409 0 -1 0 0 -1 0 0 -1 0 0.965923 0 -0.2588298 0.9961956 0 -0.08714568 0 -1 0 -0.9659295 0 -0.2588056 -0.9062803 0 -0.4226772 0.9062803 0 -0.4226772 0.9659295 0 -0.2588056 0 -1 0 -0.9062803 0 -0.4226772 -0.8190742 0 -0.5736877 0.8190752 0 -0.5736864 0.9062803 0 -0.4226772 0 -1 0 0 -1 0 0 -1 0 -0.8191382 0 -0.5735964 -0.7071547 0 -0.707059 0.7071537 0 -0.7070599 0.8191387 0 -0.5735957 0 -1 0 -0.5736782 0 -0.8190809 0.5736782 0 -0.8190808 0.7071537 0 -0.7070599 0 -1 0 -0.5735478 0 -0.8191722 -0.4227403 0 -0.9062508 0.4227389 0 -0.9062516 0.5735478 0 -0.8191722 0 -1 0 0 -1 0 -0.4227403 0 -0.9062508 -0.2585709 0 -0.9659923 0.2586109 0 -0.9659816 0.4227389 0 -0.9062516 0 -1 0 -0.2587912 0 -0.9659333 -0.08723396 0 -0.9961879 0.08723396 0 -0.9961879 0 -1 0 -0.08723396 0 -0.9961879 0.08723396 0 -0.9961879 0 0 -1 0 1 8.53118e-7 0 1 -9.47801e-6 0 1 -7.36575e-7 1 2.60489e-6 0 0 1 -1.6451e-5 0.2588031 0 0.9659302 0.422639 0 0.9062982 0.08716148 0 0.9961942 0.2588151 0 0.9659269 0 1 3.4672e-5 0 1 -1.57966e-5 -1 0 0 -1 0 0 0 1 2.27375e-5 0.5735634 0 0.8191612 0.7071114 0 0.7071022 0.4226481 0 0.9062939 0.5735644 0 0.8191604 0 1 1.36842e-6 0 1 -1.50625e-6 0 1 1.30054e-6 -0.4226592 0 0.9062887 -0.258701 0 0.9659575 -0.5736774 0 0.8190814 -0.4227411 0 0.9062505 -0.7071527 -1.89719e-7 0.7070609 -0.5735481 0 0.8191719 -0.8191051 0 0.5736434 -0.7071068 0 0.7071068 0 1 2.74405e-6 -0.9062796 -1.8976e-7 0.4226789 -0.8191382 0 0.5735962 -0.9659228 -1.89738e-7 0.2588304 -0.9062985 -1.89743e-7 0.4226385 -0.08716148 0 0.9961942 0.08716171 0 0.9961943 -0.258813 0 0.9659276 -0.08716171 0 0.9961943 -0.4226393 0 0.906298 -0.258803 0 0.9659302 0 1 1.6938e-5 0 1 -1.76173e-5 0 1 1.42606e-5 -0.5735634 0 0.8191612 -0.4226513 0 0.9062924 -0.9961963 -1.89694e-7 0.08713728 -0.965923 -1.89738e-7 0.2588297 -0.9961963 -1.89694e-7 -0.08713722 -0.9961949 -1.89731e-7 0.08715415 0 1 -1.12552e-5 0 1 2.7813e-6 0 1 -1.86979e-7 0 1 2.44966e-6 -0.7071102 0 0.7071034 -0.5735644 -1.89735e-7 0.8191604 -0.8191451 0 0.5735864 -0.7071129 -1.89732e-7 0.7071007 0 1 2.01561e-5 -0.9063056 -1.89735e-7 0.422623 -0.8191503 0 0.5735791 -0.9659245 -1.89734e-7 0.2588243 -0.9063071 -1.89735e-7 0.4226199 -0.9961949 -1.89731e-7 0.08715415 -0.9659254 -1.89732e-7 0.2588205 0 1 -1.20926e-6 -0.996195 -1.89729e-7 -0.08715301 -0.996195 -1.89729e-7 0.08715307 0 1 2.74442e-6 0 1 -4.12606e-7 -0.08733022 0 0.9961794 0.0873304 0 0.9961794 -0.258609 0 0.9659821 -0.08713757 0 0.9961963 0 1 -2.87799e-5 0.8191505 0 0.5735788 0.9063065 0 0.4226211 0.7071102 1.89731e-7 0.7071034 0.819147 0 0.5735838 0 1 5.79921e-5 0 1 -2.09344e-5 0.996195 0 0.08715307 0.996195 0 -0.08715307 0.9659253 0 0.258821 0.9961949 0 0.08715415 0.9063061 0 0.4226221 0.9659247 0 0.2588236 0 1 -2.87576e-6 0.9659243 0 -0.2588247 0.9063065 0 -0.4226211 0.9961949 0 -0.08715409 0.9659254 0 -0.2588205 0 1 -7.53352e-7 0 1 5.12143e-7 0.4227378 0 0.906252 0.5736785 0 0.8190807 0.2587012 0 0.9659575 0.422659 0 0.9062889 0.0871374 0 0.9961963 0.2586111 0 0.9659816 0 1 -5.35837e-6 0.5735471 0 0.8191727 0.7071539 0 0.7070598 -0.9659253 -1.89732e-7 -0.2588213 -0.9961949 -1.89731e-7 -0.08715415 0.9063036 0 -0.4226273 0.8191503 0 -0.5735791 -0.9063057 -1.89735e-7 -0.422623 -0.9659247 -1.89734e-7 -0.2588236 0.7071174 0 -0.7070962 -0.8191491 0 -0.5735806 -0.9063043 -1.89737e-7 -0.4226258 0 1 -4.19567e-7 0.7071156 0 -0.7070981 0.5735563 0 -0.8191662 -0.707117 -1.89729e-7 -0.7070965 -0.8191456 0 -0.5735859 0 1 3.55966e-5 0.5735708 0 -0.8191561 0.422629 0 -0.9063028 -0.5735545 0 -0.8191674 -0.7071174 -1.8973e-7 -0.7070962 0.4226475 0 -0.9062942 0.2588151 0 -0.9659269 -0.4226299 0 -0.9063024 -0.5735726 -1.89734e-7 -0.8191547 0 1 3.78531e-7 0 1 3.9153e-5 0.2588141 0 -0.9659272 0.08714962 0 -0.9961953 -0.2588133 0 -0.9659274 -0.4226502 0 -0.906293 0.08714932 0 -0.9961953 -0.08714962 0 -0.9961953 -0.08714932 0 -0.9961953 -0.2588135 0 -0.9659274 -1 0 0 0 1 1.75466e-6 0 1 3.79502e-7 0.9062975 0 0.4226407 0.965923 0 0.2588297 0.8191385 0 0.573596 0.9062805 0 0.422677 0.7071042 0 0.7071095 0.8191069 0 0.5736408 0 1 1.40325e-5 0.965923 0 0.25883 0.9961963 0 0.08713728 -1 0 0 -1 0 0 0.9961956 0 -0.08714568 0.965923 0 -0.2588297 0.9961949 0 0.08715415 0.9961963 0 -0.08713728 0 1 -1.31824e-5 0.9659293 0 -0.2588064 0.9062805 0 -0.422677 -0.9659228 -1.89738e-7 -0.2588303 -0.9961956 -1.89713e-7 -0.08714568 0.9062798 0 -0.4226785 0.8190742 0 -0.5736875 -0.9062796 -1.8976e-7 -0.4226788 -0.9659295 -1.89721e-7 -0.2588053 0.8191386 0 -0.5735957 0.7071539 0 -0.7070598 -0.8190733 0 -0.573689 -0.9062805 -1.8976e-7 -0.422677 0 1 -4.70071e-6 0 1 3.09563e-6 0.707152 0 -0.7070616 0.5736785 0 -0.8190807 -0.7071534 -1.8972e-7 -0.7070601 -0.8191375 0 -0.5735972 0 1 4.97093e-6 0.5735464 0 -0.8191732 0.4227387 0 -0.9062516 -0.5736767 0 -0.8190819 -0.7071539 -1.8972e-7 -0.7070598 0.4227373 0 -0.9062523 0.2586111 0 -0.9659816 -0.4227396 0 -0.9062513 -0.5735481 0 -0.8191719 0 1 -3.78369e-6 0 1 -4.85361e-6 0.2586101 0 -0.9659818 0.08723402 0 -0.9961879 -0.2586094 0 -0.9659821 -0.4227399 0 -0.9062511 0.08723366 0 -0.9961879 -0.08723402 0 -0.9961879 -0.08723366 0 -0.9961879 -0.2586096 0 -0.965982 -1 0 0 -1 0 0 1 -7.64129e-6 0 1 7.61635e-6 0 1 -9.13622e-7 0 0 -0.08715528 0.9961947 0 -0.2585381 0.9660011 0 0.08716374 0.996194 0 -0.08714693 0.9961955 -1 0 0 -1 0 0 -1 0 0 -1 0 0 -1 0 0 0 0.08716374 0.996194 0 0.2585137 0.9660077 -1 0 0 0 0.258538 0.9660012 0 0.4227629 0.9062404 1 6.74305e-7 0 1 0 0 1 -2.4016e-6 0 0 -0.258538 0.9660012 0 -0.4228004 0.9062228 1 0 0 1 0 0 1 -3.70917e-6 0 -1 0 0 0 0.5736459 0.8191035 0 -0.4227629 0.9062404 0 -0.5737375 0.8190392 -1 0 0 0 0.5736915 0.8190715 0 0.7071241 0.7070896 -1 0 0 -1 0 0 -1 0 0 0 -0.5737372 0.8190395 0 -0.7070757 0.7071379 -1 0 0 0 0.707124 0.7070896 0 0.8190926 0.5736614 1 5.29165e-6 0 0 -0.7070754 0.7071381 0 -0.8190472 0.5737262 1 0 0 -1 0 0 0 0.8191382 0.5735962 0 0.9062712 0.422697 1 0 0 1 2.45642e-5 0 0 -0.8190926 0.5736614 0 -0.9062712 0.4226968 -1 0 0 0 0.9062711 0.4226971 0 0.9659556 0.2587078 -1 0 0 0 -0.9062712 0.422697 0 -0.9659557 0.2587076 1 0 1.73479e-7 1 0 0 1 -8.80694e-7 0 -1 0 0 0 0.9659072 0.2588891 0 0.9961967 0.08713382 0 -0.9659556 0.2587078 0 -0.9961882 0.08723014 -1 0 0 0 0.9961966 0.08713382 0 0.9961976 -0.08712303 0 -0.9961967 0.08713382 0 -0.9961977 -0.08712297 -1 0 0 0 0.9961977 -0.08712303 0 0.9659071 -0.2588891 -1 0 0 -1 0 0 -1 0 0 0 -0.9961891 -0.08721941 0 -0.9659557 -0.2587076 1 0 0 1 0 0 1 -2.59315e-7 0 0 0.9659557 -0.2587078 0 0.9062712 -0.422697 0 -0.9659556 -0.2587078 0 -0.9062712 -0.4226968 -1 0 0 0 0.9062711 -0.4226971 0 0.8193019 -0.5733625 0 -0.9062712 -0.422697 0 -0.8192565 -0.5734274 -1 0 0 0 0.8192562 -0.5734278 0 0.7069374 -0.7072761 -1 0 0 -1 0 0 -1 0 0 0 -0.8192107 -0.573493 0 -0.7068892 -0.7073244 1 7.76301e-6 0 1 0 0 1 1.30525e-6 0 -1 0 0 0 0.5736081 -0.8191299 0 -0.7068889 -0.7073247 0 -0.5736541 -0.8190977 -1 0 0 0 0.5735624 -0.8191619 0 0.4227629 -0.9062404 1 -7.54193e-6 0 0 -0.5736538 -0.8190979 0 -0.4227632 -0.9062403 -1 0 0 0 0.258538 -0.9660012 -1 0 0 0 -0.4228001 -0.906223 0 -0.2585381 -0.9660011 1 -7.93651e-6 0 -1 0 0 0 0.2585137 -0.9660077 0 0.08728712 -0.9961832 1 7.9355e-6 0 0 -0.258538 -0.9660012 0 -0.08727872 -0.9961839 -1 0 0 0 0.08728712 -0.9961832 0 -0.08727025 -0.9961848 -1 0 0 -1 0 0 -1 0 0 -1 0 0 -1 0 0 -1 0 0 -1 0 0 -1 0 0 -1 0 0 -1 0 0 -1 0 0 -1 0 0 -1 0 0 -1 0 0 -1 0 0 -1 0 0 -1 0 0 -1 0 0 -1 0 0 -1 0 0 -1 0 0 -1 0 0 -1 0 0 -1 0 0 -1 0 0 -1 0 0 -1 0 0 -1 0 0 -1 0 0 -1 0 0 -1 0 0 -1 0 0 -1 0 0 -1 0 0 -1 0 0 -1 0 0 -1 0 0 -1 0 0 -1 0 0 -1 0 0 -1 0 0 -1 0 0 -1 0 0 -1 0 0 -1 0 0 -1 0 0 -1 0 0 -1 0 0 -1 0 0 -1 0 0 -1 0 0 -1 0 0 -1 0 0 -1 0 0 -1 0 0 -1 0 0 -1 0 0 -1 0 0 -1 0 0 -1 0 0 -1 0 0 -1 0 0 -1 0 0 -1 0 0 -1 0 0 -1 0 0 -1 0 0 -1 0 0 -1 0 0 1 0 1.50513e-7 1 0 1.31874e-7 1 -3.90537e-6 0 0 -0.08714568 0.9961956 0 -0.2588264 0.9659239 0 0.08715409 0.9961949 0 -0.08713728 0.9961964 -1 0 0 -1 0 0 -1 0 0 -1 0 0 -1 0 0 0 0.08715409 0.9961949 0 0.2588019 0.9659304 -1 0 0 0 0.2588262 0.965924 0 0.4226432 0.9062961 0 -0.2588262 0.965924 0 -0.4226807 0.9062787 1 0 0 1 7.54099e-6 0 1 -2.78925e-6 0 -1 0 0 0 0.5735507 0.8191701 1 7.59581e-6 0 0 -0.4226432 0.9062961 0 -0.5736424 0.8191059 -1 0 0 0 0.5735964 0.8191382 0 0.7071075 0.7071061 -1 0 0 -1 0 0 1 -7.54178e-6 0 0 -0.573642 0.8191062 0 -0.7070593 0.7071544 -1 0 0 0 0.7071075 0.7071061 0 0.8191264 0.573613 0 -0.707059 0.7071547 0 -0.8190811 0.5736778 1 0 0 1 0 0 -1 0 0 0 0.8191722 0.5735479 0 0.9062888 0.4226591 0 -0.8191264 0.573613 0 -0.9062889 0.4226588 -1 0 0 0 0.9659574 0.2587015 0 -0.9062888 0.4226591 0 -0.9659575 0.2587013 -1 0 0 0 0.9659088 0.2588828 0 0.9961963 0.08713757 0 -0.9659574 0.2587015 0 -0.9961879 0.0872339 -1 0 0 0 0.9961963 -0.08713722 -1 0 0 -1 0 0 -1 0 0 0 -0.9961963 0.08713757 0 -0.9961963 -0.08713716 -1 0 0 -1 0 0 0 0.9961963 -0.08713722 0 0.9659087 -0.2588832 1 -2.08379e-5 0 0 -0.9961879 -0.0872336 0 -0.9659573 -0.2587018 1 -5.95939e-6 0 -1 0 0 0 0.9659573 -0.258702 0 0.9062885 -0.4226598 0 -0.9659572 -0.2587019 0 -0.9062886 -0.4226596 -1 0 0 0 0.9062884 -0.4226598 0 0.8191727 -0.5735469 -1 0 0 -1 0 0 -1 0 0 0 -0.9062885 -0.4226598 0 -0.8191275 -0.5736117 -1 0 0 0 0.8191271 -0.5736121 0 0.7071085 -0.7071051 0 -0.8190815 -0.5736773 0 -0.7070602 -0.7071534 1 9.65309e-6 0 1 -4.13412e-6 0 -1 0 0 0 0.7071085 -0.7071052 0 0.5735924 -0.8191409 0 -0.7070599 -0.7071537 0 -0.5736384 -0.8191086 -1 0 0 0 0.5735468 -0.8191729 0 0.4226416 -0.9062969 -1 0 0 -1 0 0 -1 0 0 1 -9.59695e-6 0 0 -0.5736381 -0.8191089 0 -0.4226419 -0.9062968 -1 0 0 0 0.258828 -0.9659234 0 -0.4226788 -0.9062796 0 -0.2588282 -0.9659234 1 1.5714e-6 0 -1 0 0 0 0.2588037 -0.96593 0 0.08715599 -0.9961947 0 -0.258828 -0.9659234 0 -0.08714765 -0.9961954 -1 0 0 0 0.08715599 -0.9961947 0 -0.08713912 -0.9961962 -1 0 0 0 1 1.10812e-5 0 1 5.54059e-6 0 1 4.4325e-5 0 1 -5.54059e-6 0 1 4.43249e-5 0 1 -4.43251e-5 0 1 4.4324e-5 0 1 -1.10812e-5 0 1 1.10818e-5 0 1 5.5407e-6 0 1 4.43287e-5 0 1 -5.54068e-6 0 1 4.43308e-5 0 1 -4.43308e-5 0 1 4.43221e-5 0 1 -1.10816e-5 1.92066e-6 -1 0 1.43678e-7 -1 0 0 -1 6.92576e-7 0 -1 -1.38512e-6 0 -1 -1.38516e-6 1.94989e-7 -1 -2.77032e-6 2.40385e-7 -1 0 2.78476e-7 -1 6.9258e-7 3.08107e-7 -1 0 3.2837e-7 -1 -2.7703e-6 3.38664e-7 -1 2.16426e-7 0 -1 2.7703e-6 3.38664e-7 -1 0 3.2837e-7 -1 2.7703e-6 3.08104e-7 -1 0 2.78476e-7 -1 0 2.40389e-7 -1 0 1.94989e-7 -1 1.38516e-6 0 -1 1.38512e-6 1.43678e-7 -1 0 1.92065e-6 -1 0 0 -1 -1.38515e-6 1.92069e-6 -1 0 1.43716e-7 -1 0 0 -1 6.92609e-7 0 -1 -1.38508e-6 0 -1 -1.38509e-6 1.95032e-7 -1 -2.77018e-6 2.40353e-7 -1 0 2.78508e-7 -1 6.92635e-7 3.08099e-7 -1 0 3.28371e-7 -1 -2.77036e-6 3.38642e-7 -1 2.16406e-7 0 -1 2.77035e-6 3.38663e-7 -1 0 3.2837e-7 -1 2.77035e-6 3.08097e-7 -1 0 2.7848e-7 -1 0 2.40383e-7 -1 0 1.94988e-7 -1 1.38508e-6 0 -1 1.38507e-6 1.43715e-7 -1 0 1.92071e-6 -1 0 0 -1 -1.3852e-6 -1 0 0 0 1 -5.10963e-5 0.9659809 0 -0.2586137 0.9062675 0 -0.4227048 0.9961892 0 -0.08721852 0.9659802 0 -0.2586162 0 1 7.64884e-5 0 1 -6.00049e-5 0 1 3.59272e-5 0.9961893 0 0.08721762 0.9961891 0 -0.08721941 0 1 0 0 1 4.70748e-5 0 0 -1 -1 0 0 -1 0 0 0 0 1 0 0 1 0 1 0 0 1 3.35188e-5 0.9659802 0 0.2586162 0.9961892 0 0.08721852 0.9062675 0 0.4227048 0.9659796 0 0.2586187 0 1 -4.60366e-5 0 1 4.34139e-5 0 1 2.66291e-6 0.81914 0 0.5735938 0.9062657 0 0.4227086 0.7072687 0 0.7069448 0.8191354 0 0.5736002 0.573421 0 0.819261 0.7072637 0 0.7069499 0 1 -1.27716e-5 0.42267 0 0.9062837 0.5734162 0 0.8192642 0 1 0 0 1 0 0 1 5.93285e-5 0.9063004 0 0.4226341 0.9659404 0 0.2587651 0.8191471 0 0.5735836 0.9062976 0 0.42264 0.7070941 0 0.7071195 0.8191415 0 0.5735918 0.5735636 0 0.8191611 0.7070916 0 0.707122 0 1 -1.54958e-4 0.4226118 0 0.9063108 0.5735612 0 0.8191628 0.2588327 0 0.9659222 0.4226035 0 0.9063147 0 1 2.25021e-5 0 1 -2.79388e-5 0.2588302 0 0.9659229 0.4226577 0 0.9062894 0.08714389 0 0.9961958 0.2588207 0 0.9659254 0 1 0 0 1 -4.04901e-5 -0.08714348 0 0.9961959 0.087143 0 0.9961959 0 1 0 0 0.9999995 -0.001057088 0 1 0 0.9961941 0 0.08716368 0.9961939 0 -0.08716541 0.9659413 0 0.2587614 0.996194 0 0.08716452 0.0871632 0 0.9961941 0.258822 0 0.965925 -0.08715224 0 0.9961951 0.08716237 0 0.9961942 -0.2588233 0 0.9659247 -0.08715182 0 0.9961951 0 1 2.71331e-6 -0.4226035 0 0.9063147 -0.2588315 0 0.9659225 -0.573623 0 0.8191196 -0.4226118 0 0.9063108 -0.7070309 0 0.7071827 -0.5736182 0 0.8191229 0 1 -4.25967e-5 0 1 4.34179e-5 0 1 -1.58246e-5 -0.8191438 0 0.5735883 -0.9062987 0 0.422638 -0.8191447 0 0.573587 -0.9659407 0 0.2587639 -0.9062994 0 0.4226362 -0.996194 0 0.08716452 -0.965941 0 0.2587625 0 1 2.79431e-5 0 1 2.20346e-4 0 1 0 0 1 -6.1333e-5 0.4226118 0 -0.9063108 0.2588315 0 -0.9659225 0.5735636 0 -0.8191611 0.7070941 0 -0.7071195 0.5735679 0 -0.819158 0.8191471 0 -0.5735836 0.7070866 0 -0.707127 0 1 1.12486e-4 0 1 -1.01523e-4 0 1 4.12929e-5 0.9062987 0 -0.422638 0.8191381 0 -0.5735965 0.965942 0 -0.2587589 0.9062994 0 -0.4226362 0.996194 0 -0.08716452 0.965941 0 -0.2587625 0 1 0 -0.2588207 0 0.9659254 0 1 0 0 1 0 0 1 -3.49271e-5 0.08717328 0 -0.9961932 -0.08716183 0 -0.9961942 0.2588138 0 -0.9659273 0.0871523 0 -0.9961951 0 1 0 -0.4226616 0 0.9062876 -0.2588302 0 0.9659229 0 1 0 0 1 -4.82487e-5 -0.08714222 0 -0.9961959 -0.2588126 0 -0.9659277 -0.5736587 0 0.8190946 -0.4226661 0 0.9062855 -0.7070132 0 0.7072004 -0.5736539 0 0.8190978 0 1 0 0 1 0 0 1 -7.08877e-5 -0.8191366 0 0.5735985 -0.7070081 0 0.7072054 -0.9062657 0 0.4227086 -0.8191388 0 0.5735955 -0.9659802 0 0.2586164 -0.9062665 0 0.4227068 0 1 9.51541e-5 -0.9961892 0 0.08721852 -0.9659802 0 0.2586162 -0.9961891 0 -0.08721941 -0.9961893 0 0.08721762 0 1 9.06948e-5 0 1 0 0 1 -2.99291e-5 -0.9961939 0 -0.08716541 -0.9961941 0 0.08716368 -0.9659808 0 -0.2586138 -0.9961892 0 -0.08721852 -0.9659413 0 -0.2587614 -0.996194 0 -0.08716452 0 1 4.60365e-5 0.9062657 0 -0.4227086 0.8191322 0 -0.573605 -0.9062675 0 -0.4227048 -0.9659809 0 -0.2586137 -0.9063004 0 -0.4226341 -0.9659417 0 -0.25876 0 1 -4.34179e-5 0 1 2.39608e-5 0 1 -4.3414e-5 0.81914 0 -0.5735938 0.7072587 0 -0.706955 -0.8191333 0 -0.5736033 -0.9062647 0 -0.4227107 0 1 0 0 1 0 -0.8191404 0 -0.5735931 -0.9062976 0 -0.42264 0.7072687 0 -0.7069448 0.573423 0 -0.8192595 -0.7070081 0 -0.7072055 -0.8191388 0 -0.5735955 -0.7070259 0 -0.7071878 -0.8191447 0 -0.573587 0.573421 0 -0.819261 0.4226661 0 -0.9062855 -0.5736654 0 -0.8190898 -0.7070081 0 -0.7072054 -0.5736297 0 -0.8191148 -0.7070309 0 -0.7071827 0 1 -2.87367e-5 0.42267 0 -0.9062837 0.2588302 0 -0.9659229 -0.42267 0 -0.9062837 -0.5736539 0 -0.8190978 -0.4226118 0 -0.9063108 -0.5736182 0 -0.8191229 0.2588113 0 -0.9659279 0.08713299 0 -0.9961967 -0.2588302 0 -0.9659229 -0.4226661 0 -0.9062855 -0.2588327 0 -0.9659222 0.08715397 0 -0.9961949 -0.08715349 0 -0.996195 -0.0871334 0 -0.9961966 -0.2588113 0 -0.9659279 0 -1 1.63141e-5 1 -7.16403e-6 0 0 -0.7071065 -0.7071071 0 -0.7071065 -0.7071071 0 -1 4.24616e-6 0 -1 3.82648e-6 0 -1 -9.55853e-5 -1 -9.70128e-7 0 -1 0 0 0 -1 -6.07708e-6 0 -1 1.77395e-6 0 -1 -7.59949e-5 0 -1 6.56304e-6 0 -1 -2.3437e-6 0 -1 4.34139e-5 0 -1 5.10862e-5 0 -1 -5.42568e-6 0 -1 1.29478e-5 0 -1 -2.99354e-6 0 -1 -8.68008e-5 0 -1 -1.41425e-4 0 -1 2.66231e-6 0 -1 5.1083e-5 0 -1 -4.46972e-5 0 0 1 0 -1 -1.41539e-6 0 -1 6.21391e-5 0 -1 -2.23462e-5 0 -1 4.86231e-5 0 -1 1.63158e-5 0 -1 -3.88118e-5 0 -1 -2.17044e-6 0 -1 -7.81475e-6 0 -1 -5.10934e-5 0 -1 -4.3414e-5 0 -1 5.42568e-6 0 -1 -5.23281e-5 0 -1 4.1322e-5 0 -1 -2.62509e-5 0 -1 1.64569e-4 0 -1 0 0 0.7520971 -0.6590524 -1 4.79357e-6 0 -1 3.21146e-5 0 1 -1.09567e-5 0 1 1.09568e-5 0 -1 2.56917e-5 0 0 -1 -1.29261e-6 0 -0.7520971 0.6590524 -1 -4.79358e-6 0 -1 -6.4229e-5 0 -1 1.28459e-5 0 -1 5.03758e-6 0 0 0.7520971 0.6590524 1 -5.4784e-6 0 1 3.42398e-6 0 0 -1 1.66309e-6 -1 -1.3696e-6 0 -1 -2.89164e-4 0 -1 4.77848e-4 0 0 -0.7520971 -0.6590524 -1 1.36959e-6 0 1 -2.63143e-6 0 1 -1.97609e-4 0 2.13524e-6 -0.2586457 0.9659723 -3.03552e-6 -0.4227387 0.9062516 -9.24678e-7 -0.08716446 0.996194 -3.03587e-6 -0.2586472 0.9659719 1 -1.00797e-4 0 -9.32796e-7 0.08716446 0.996194 0 -0.08716458 0.996194 1 2.21078e-4 0 0 -1 0 0 -1 0 0 -1 0 0 -1 0 0 0 -1 1 1.99561e-5 0 -9.24726e-7 0.2586457 0.9659723 0 0.08716458 0.996194 -9.00536e-7 0.4227399 0.9062511 0 0.2586472 0.9659719 1 5.7118e-5 0 -8.61211e-7 0.5735874 0.8191444 0 0.4227399 0.9062511 -8.0771e-7 0.7071842 0.7070294 0 0.5735874 0.8191444 -7.42068e-7 0.8190804 0.5736787 0 0.7071842 0.7070294 8.52274e-7 0.906292 0.4226525 0 0.8190756 0.5736857 -5.81282e-7 0.9659228 0.2588304 -1.51799e-6 0.906293 0.4226501 0.9999998 6.66667e-4 0 1 -1.97238e-4 0 1 -1.57492e-4 0 -3.65225e-6 0 1 0 -1 0 0 -1 0 0 -0.08715468 0.9961948 0 -0.2588186 0.9659261 0 0.08715468 0.9961948 0 -0.08715516 0.9961948 1 1.13928e-5 0 0 0.2588186 0.9659261 0 0.08715516 0.9961948 1 -1.92789e-6 0 1 -3.75017e-4 0 0 0.4226177 0.9063081 0 0.2588186 0.9659261 0 0.5735752 0.8191529 0 0.4226202 0.9063069 1 5.81032e-5 0 0 0.7071053 0.7071083 0 0.5735773 0.8191515 0 0.8191544 0.5735732 0 0.7071068 0.7071068 0 0.9063093 0.4226152 0 0.8191496 0.5735802 0 0.9659249 0.2588228 0 0.9063093 0.4226152 0 0.996195 0.08715242 0 0.9659237 0.2588272 0 0.996195 -0.08715242 0 0.996195 0.08715289 1 2.02505e-4 0 1 1.63003e-5 0 1 -1.81763e-4 0 -6.65782e-7 -0.8190762 0.5736849 -1.51799e-6 -0.906293 0.4226501 -7.4185e-7 -0.7071857 0.7070279 0 -0.8190742 0.5736877 2.22789e-6 -0.5735846 0.8191464 0 -0.7071887 0.7070248 9.36679e-7 -0.906292 0.4226525 0 -0.965924 0.258826 0 -0.996196 0.08714115 3.79403e-7 -0.996196 -0.08714115 -4.91323e-7 -0.9659221 0.2588332 0 -0.9961966 0.08713513 1 -1.94035e-5 0 0 -0.9063093 0.4226152 0 -0.9659252 0.2588215 0 -0.8191501 0.5735793 0 -0.9063093 0.4226152 0 -0.7071068 0.7071068 0 -0.8191481 0.5735822 0 -0.5735723 0.8191549 0 -0.7071114 0.7071022 1 8.52984e-5 0 0 -0.4226177 0.9063081 0 -0.5735802 0.8191496 0 -0.9063093 -0.4226152 0 -0.8191501 -0.5735793 0 -0.9659257 -0.2588199 0 -0.9063093 -0.4226152 1 1.26828e-4 0 0 -0.9961953 -0.08714938 0 -0.9659237 -0.2588272 0 -0.9961947 0.0871554 0 -0.9961948 -0.08715486 0 -0.2588186 0.9659261 0 -0.4226191 0.9063075 0 -0.9659241 0.2588256 0 -0.9961952 0.08714991 1 3.51304e-4 0 1 -2.779e-4 0 2.17436e-6 -0.4227399 0.9062511 -3.0357e-6 -0.5735903 0.8191424 0 0.9659241 -0.2588256 0 0.996195 -0.08715188 1 -4.08599e-4 0 0 0.9063093 -0.4226152 0 0.9659245 -0.2588243 0 0.8191515 -0.5735773 0 0.9063093 -0.4226152 1 4.39154e-4 0 0 -0.8191501 -0.5735793 0 -0.7071083 -0.7071053 0 0.7071068 -0.7071068 0 0.8191544 -0.5735732 1 3.58688e-4 0 1 7.61063e-5 0 1 -3.56122e-4 0 0 -0.7071114 -0.7071022 0 -0.5735704 -0.8191564 0 0.5735752 -0.8191529 0 0.7071068 -0.7071068 0 -0.5735781 -0.819151 0 -0.4226177 -0.9063081 0 0.4226202 -0.9063069 0 0.5735732 -0.8191544 0 -0.4226191 -0.9063075 0 -0.2588214 -0.9659252 0 0.2588199 -0.9659257 -1.89733e-7 0.4226177 -0.9063081 1 -2.61336e-4 0 1 -6.82144e-5 0 1 2.60834e-4 0 0 -0.2588199 -0.9659257 0 -0.08715277 -0.996195 0 0.08715331 -0.9961949 -1.89733e-7 0.2588214 -0.9659252 0 -0.08715331 -0.9961949 0 0.08715277 -0.996195 2.67578e-7 0.9961963 0.08713817 0 0.9659225 0.2588317 0 0.9961963 -0.08713817 -3.79403e-7 0.9961963 0.08713817 -3.05671e-7 -0.9961966 -0.08713513 -1.5179e-6 -0.9659225 -0.2588317 1.21217e-6 0.9659221 -0.2588332 0 0.9961963 -0.08713817 1 3.51309e-4 0 1 -8.29948e-6 0 1 -3.51339e-4 0 1.30214e-6 -0.9659236 -0.2588275 0 -0.906293 -0.4226501 -2.15784e-7 0.906292 -0.4226525 -1.5179e-6 0.9659232 -0.2588288 -1.31379e-7 -0.906292 -0.4226525 0 -0.819238 -0.5734538 -1.31339e-7 0.8192393 -0.5734518 0 0.906293 -0.4226501 0 -0.819238 -0.5734538 0 -0.7069367 -0.7072768 0 0.7069367 -0.7072768 0 0.8192422 -0.5734477 1 -1.06323e-4 0 0 -0.7069413 -0.7072723 0 -0.5735846 -0.8191464 0 0.5735874 -0.8191444 0 0.7069352 -0.7072784 0 -0.5735903 -0.8191424 0 -0.4227399 -0.9062511 0 0.4227399 -0.9062511 0 0.5735874 -0.8191444 0 -0.4227387 -0.9062516 0 -0.2586472 -0.9659719 0 0.2586457 -0.9659723 0 0.4227399 -0.9062511 1.27657e-7 -0.2586457 -0.9659723 -6.07143e-6 -0.0871641 -0.9961941 3.16338e-6 0.08716499 -0.996194 0 0.2586472 -0.9659719 1 2.76167e-4 0 3.1715e-6 -0.08716499 -0.996194 -6.07143e-6 0.0871641 -0.9961941 0 0 -1 1 8.53006e-5 0 1 2.21081e-4 0 1 -1.57474e-4 0 -1 2.0028e-4 0 -1 4.213e-4 0 0 -1 0 0 -1 0 -0.2588098 0 0.9659284 -0.4226395 0 0.906298 -0.08714586 0 0.9961956 -0.2588211 0 0.9659253 0 -1 0 0 -1 0 0 -1 0 0 -1 0 0.08716875 0 0.9961936 -0.08715796 0 0.9961946 0.2588211 0 0.9659253 0.08715665 0 0.9961946 0.4226395 0 0.906298 0.2588098 0 0.9659283 0 -1 0 0 -1 0 0 -1 0 0 -1 0 0 -1 0 -1 -1.44742e-5 0 -1 -2.51745e-4 0 0 -1 0 0 -1 0 2.07061e-7 -1 0 -0.9659079 0 0.258886 -0.9961947 0 0.08715528 -0.9063356 0 0.4225586 -0.8190979 0 0.5736537 -0.9063183 0 0.4225958 -0.7070274 0 0.7071861 -0.8190979 0 0.5736538 0 -1 0 0 -1 0 0 -1 1.39838e-7 -0.5737266 0 0.819047 -0.7071245 0 0.7070891 0 -1 0 1.2586e-7 -1 0 -0.9961955 0 -0.08714687 -0.9659079 0 -0.258886 -0.9961955 0 0.08714687 -0.996194 0 -0.08716374 0 -1 0 0 -1 0 0 -1 0 0 -1 0 -0.9961942 0 0.08716267 -0.9659096 0 0.25888 -0.9961942 0 0.08716267 -0.9063443 0 0.42254 0 -1 0 0 -1 0 0 -1 0 -0.7070335 0 0.7071801 -0.8191379 0 0.5735967 -0.5736125 0 0.8191269 -0.7070335 0 0.7071801 -0.4226295 0 0.9063026 -0.5736125 0 0.8191269 0 -1 0 -0.9659096 0 -0.25888 -0.9063443 0 -0.42254 -0.996194 0 -0.08716374 -0.8191419 0 0.5735909 1.6396e-7 -1 0 0.573554 0 0.8191678 0.4226295 0 0.9063026 0.7070957 0 0.7071179 0 -1 0 0 -1 0 -1 -2.06913e-5 0 0.8191379 0 0.5735967 0.9062967 0 0.4226422 0.8191419 0 0.5735911 0 -1 0 0 -1 -2.26554e-7 0.9659096 0 0.25888 0.9062967 0 0.4226422 0.9962049 0 0.08703929 0.9659096 0 0.25888 0.9962048 0 -0.0870403 0.9962049 0 0.08703929 0 -1 0 0 -1 0 0 -1 0 0 -1 0 1.25944e-7 -1 0 0 -1 0 0 -1 0 0 -1 0 -0.2587078 0 0.9659556 -0.4227293 0 0.9062561 -0.08732664 0 0.9961798 -0.2586172 0 0.9659799 0.08714461 0 0.9961957 -0.08713382 0 0.9961967 0 -1 0 1.23912e-7 -1 0 0 -1 0 0 -1 0 -0.4226495 0 0.9062933 -0.5735961 0 0.8191383 0.9659096 0 -0.25888 0.9962048 0 -0.08704036 0.9062967 0 -0.4226422 0.9659096 0 -0.25888 0 -1 0 -0.8191419 0 -0.5735911 0.8191419 0 -0.573591 0.9062967 0 -0.4226422 0 -1 0 1.72956e-7 -1 0 0 -1 0 2.11996e-7 -1 0 -0.8191419 0 -0.5735909 -0.7070274 0 -0.7071862 0.7070896 0 -0.707124 0.8191419 0 -0.5735911 -0.7070335 0 -0.7071801 -0.5736206 0 -0.8191211 0.5735622 0 -0.8191621 0.7070957 0 -0.7071179 -0.5736207 0 -0.8191211 -0.4226195 0 -0.9063073 0.4226195 0 -0.9063073 0 -1 0 0 -1 0 -0.4226295 0 -0.9063026 -0.2588098 0 -0.9659283 0.2588098 0 -0.9659284 0.4226295 0 -0.9063026 1.25627e-7 -1 0 -0.2588325 0 -0.9659223 -0.08715796 0 -0.9961946 0.08716875 0 -0.9961936 0.2588324 0 -0.9659223 0 -1 0 0 -1 0 -0.08714586 0 -0.9961956 0.08715665 0 -0.9961946 0 -1 0 0 -1 0 0.4227293 0 0.9062561 0.2587078 0 0.9659557 0.5735378 0 0.8191792 0.4226495 0 0.9062933 0 -1 0 1.62849e-7 -1 0 0 -1 0 0.7071867 0 0.7070268 0.5736681 0 0.8190879 0.2586172 0 0.9659799 0.08733743 0 0.9961789 0.8190979 0 0.5736538 0.7070896 0 0.707124 0.9062706 0 0.4226979 0 -1 0 0 -1 0 0.9659079 0 0.258886 0.906288 0 0.4226608 0.9962055 0 0.0870319 0.9659079 0 0.258886 0.9962064 0 0.08702349 0 -1 0 0 -1 0 0 -1 0 0.9659079 0 -0.258886 0.9962064 0 -0.08702349 0 -1 0 -0.9063183 0 -0.4225958 0.9062706 0 -0.4226979 0.9659079 0 -0.258886 0 -1 0 -0.9063531 0 -0.4225214 -0.8190659 0 -0.5736994 0.819066 0 -0.5736994 0.9063053 0 -0.4226236 0 -1 0 1.6337e-7 -1 0 1.99048e-7 -1 0 -0.8191299 0 -0.5736081 -0.707076 0 -0.7071377 0.7071382 0 -0.7070755 0.8191299 0 -0.5736081 0 -1 0 -0.7069789 0 -0.7072347 -0.5737265 0 -0.819047 0.5736681 0 -0.8190879 0.707041 0 -0.7071725 0 -1 0 -0.5737266 0 -0.819047 -0.4227293 0 -0.9062561 0.4227293 0 -0.9062561 0 -1 0 1.2432e-7 -1 0 0 -1 0 -0.4225696 0 -0.9063305 -0.2586172 0 -0.9659799 0.2586172 0 -0.9659799 0.4225696 0 -0.9063305 1.24209e-7 -1 0 -0.0872302 0 -0.9961882 0.08724105 0 -0.9961873 0 -1 0 -0.08723026 0 -0.9961882 0.08724105 0 -0.9961873 0 1 3.15873e-6 0 1 -8.83829e-6 1 -1.92789e-6 0 1 -3.7506e-4 0 0 1 -1.23376e-5 0.2588098 0 0.9659284 0.4226397 0 0.9062978 0.08716857 0 0.9961937 0 1 3.15904e-6 -1 2.98862e-4 0 0 1 2.62374e-5 0.5735545 0 0.8191675 0.7070947 0 0.707119 0.4226297 0 0.9063025 0 1 1.69423e-5 0 1 1.36869e-6 0 1 -1.50646e-6 0 1 0 -0.4227294 0 0.906256 -0.5736618 0 0.8190923 -0.4225699 0 0.9063304 -0.7071235 0 0.7070901 -0.573727 0 0.8190467 -0.8190978 0 0.5736541 -0.7070279 0 0.7071857 0 1 2.2527e-6 -0.9063356 0 0.4225587 -0.8190658 0 0.5736998 -0.9659078 0 0.2588863 -0.08715802 0 0.9961946 0.08716881 0 0.9961936 -0.4226397 0 0.9062978 0 1 1.69377e-5 0 1 -1.76156e-5 0 1 1.1882e-6 -0.5736129 0 0.8191266 -0.4226297 0 0.9063025 -0.9961948 0 0.0871551 -0.996194 0 -0.08716356 -0.9961955 0 0.08714669 0 1 2.5e-5 0 1 -1.12572e-5 0 1 2.54933e-6 0 1 -8.16658e-7 -0.7070324 0 0.7071812 -0.8191417 0 0.5735914 -0.7070339 0 0.7071796 0 1 1.65425e-5 -0.9063443 0 0.4225401 -0.8191376 0 0.573597 -0.9659094 0 0.2588802 -0.996194 0 0.08716356 -0.9659103 0 0.2588772 0 1 -4.93681e-5 0 1 2.41863e-7 -0.9961941 0 0.08716249 0 1 -5.15474e-7 -0.08713388 0 0.9961967 0.08714473 0 0.9961957 -0.0873267 0 0.9961798 0 1 -2.3615e-5 0.8191376 0 0.573597 0.9062966 0 0.4226423 0.7070962 0 0.7071174 0.8191417 0 0.5735914 0 1 5.79979e-5 0 1 -6.97749e-6 0.9962049 0 0.08703899 0.9962048 0 -0.08704042 0.9659103 0 0.2588772 0.9962048 0 0.08704042 0.9659094 0 0.2588802 0 1 -2.61404e-7 0.9659094 0 -0.2588802 0.9062966 0 -0.4226423 0.9962049 0 -0.08704 0 1 -7.05354e-7 0 1 1.70746e-7 0.4225699 0 0.9063304 0.5736033 0 0.8191333 0.2587078 0 0.9659556 0.4227294 0 0.906256 0.08733725 0 0.9961789 0.5736685 0 0.8190876 0.7071857 0 0.7070279 -0.9659094 0 -0.2588802 0.8191417 0 -0.5735914 -0.9063443 0 -0.4225401 0.7070886 0 -0.707125 -0.8191417 0 -0.5735914 0 1 -4.19584e-7 0.7070962 0 -0.7071174 0.5735626 0 -0.8191618 -0.7070264 0 -0.7071872 0 1 3.55923e-5 0.5735545 0 -0.8191675 0.4226297 0 -0.9063025 -0.5736211 0 -0.8191209 -0.7070339 0 -0.7071796 0 1 -3.66086e-5 -0.4226297 0 -0.9063025 -0.5736129 0 -0.8191266 0 1 3.78586e-7 0 1 -3.54727e-7 0 1 4.215e-6 0.2588325 0 -0.9659223 0.08716881 0 -0.9961936 -0.2588098 0 -0.9659284 0.08715647 0 -0.9961947 -0.08714598 0 -0.9961956 -0.08715802 0 -0.9961946 0 1 -1.31625e-6 0 1 -7.58971e-7 0.9062879 0 0.4226609 0.9659078 0 0.2588863 0.8190658 0 0.5736998 0.7070901 0 0.7071235 0.8190978 0 0.5736541 0 1 1.40513e-5 0.9962055 0 0.08703196 -1 -5.27009e-6 0 -1 9.16193e-5 0 0.9962064 0 -0.08702319 0.9659078 0 -0.2588863 0.9962064 0 0.08702319 0.9062879 0 -0.4226609 -0.9659078 0 -0.2588863 -0.9961955 0 -0.08714669 0.9062706 0 -0.4226981 0.8191298 0 -0.5736085 -0.9063356 0 -0.4225587 0.70704 0 -0.7071736 -0.8191298 0 -0.5736085 -0.9063183 0 -0.4225959 0 1 3.09556e-6 0.7071387 0 -0.7070749 0.5735381 0 -0.8191789 -0.7069778 0 -0.7072358 0 1 4.97136e-6 0.5736685 0 -0.8190876 0.4227294 0 -0.906256 -0.5735967 0 -0.819138 -0.7070764 0 -0.7071372 0 1 -4.57139e-6 0.4225699 0 -0.9063304 0.2587985 0 -0.9659314 -0.4227294 0 -0.906256 -0.573727 0 -0.8190467 0 1 -3.78329e-6 0 1 -1.32369e-6 0.08724111 0 -0.9961872 -0.2587985 0 -0.9659314 -0.4225699 0 -0.9063304 0.08724087 0 -0.9961873 -0.08723032 0 -0.9961882 -1 -1.21026e-4 0 1 -1.00797e-4 0 0 -0.08715546 0.9961947 0 -0.2586548 0.9659699 0 0.08715546 0.9961947 0 -0.0871551 0.9961948 -1 2.44798e-4 0 -1 -1.87272e-4 0 0 0.08717197 0.9961933 0 0.258629 0.9659767 -1 -1.38793e-4 0 0 0.2586548 0.9659699 0 0.4227632 0.9062402 1 -1.97618e-4 0 0 -0.2586533 0.9659702 0 -0.4227632 0.9062402 1 5.71179e-5 0 -1 2.575e-4 0 0 0.4227259 0.9062576 0 0.5736074 0.8191304 1 -2.77929e-4 0 0 -0.5736988 0.8190665 0 0.7071857 0.7070279 -1 5.92056e-5 0 1 3.08132e-4 0 0 -0.5736531 0.8190984 0 -0.7071372 0.7070764 0 0.8190533 0.5737174 0.9999998 -6.71044e-4 0 0 -0.7070886 0.707125 0 -0.8190057 0.5737855 0 0.8190513 0.5737203 0 0.9063082 0.4226176 1 1.42307e-5 0 1 -1.74679e-4 0 0 -0.8190533 0.5737174 0 -0.9062721 0.422695 0 0.9062721 0.422695 0 0.9659312 0.2587992 0 -0.9063082 0.4226176 0 -0.9659559 0.2587071 0.9999998 6.66778e-4 0 1 -1.97222e-4 0 0 0.9659315 0.2587977 0 0.9961977 0.08712309 0 -0.9659554 0.2587085 0 -0.9961892 0.08721947 0 0.9961892 0.08721947 0 0.9961892 -0.08721947 0 -0.9961977 0.08712309 0 -0.9961977 -0.08712309 -0.9999998 6.74195e-4 0 0 0.9961977 -0.08712309 0 0.9659312 -0.2587992 -1 3.5137e-4 0 -1 -1.85607e-4 0 0 -0.9961892 -0.08721947 0 -0.9659559 -0.2587071 1 3.51339e-4 0 1 -8.29817e-6 0 0 0.9659315 -0.2587977 0 0.906271 -0.4226974 1 -3.5137e-4 0 0 -0.9659554 -0.2587085 0 -0.9063093 -0.4226152 -1 3.9655e-4 0 0 0.9063093 -0.4226152 0 0.8192151 -0.5734864 0 -0.906271 -0.4226974 0 -0.8192151 -0.5734864 0 0.7069383 -0.7072753 -1 -9.42813e-5 0 0 -0.8191695 -0.5735516 0 -0.7068396 -0.7073739 1 -1.06328e-4 0 0 0.7069367 -0.7072768 0 0.5736074 -0.8191304 0 -0.7068897 -0.7073239 0 -0.5736531 -0.8190984 0 0.4227259 -0.9062576 0 -0.5736988 -0.8190665 0 -0.4227632 -0.9062402 -1 -2.68799e-4 0 0 0.4227632 -0.9062402 0 0.2586533 -0.9659702 -1 2.43072e-4 0 0 -0.2586548 -0.9659699 0 0.2586305 -0.9659764 0 0.08717238 -0.9961934 0 -0.2586533 -0.9659702 0 -0.0871551 -0.9961948 -1 -2.82486e-4 0 0 0.0871551 -0.9961948 0 -0.08715546 -0.9961947 -1 3.0729e-4 0 1 2.76091e-4 0 -1 2.77624e-4 0 -1 -2.57467e-4 0 -1 5.46363e-5 0 -1 -7.38491e-5 0 -1 2.89164e-4 0 -1 -5.14073e-4 0 -1 3.96511e-4 0 -1 -3.96511e-4 0 -1 4.64164e-6 0 -1 2.68799e-4 0 -1 -1.28916e-4 0 -1 -1.20065e-4 0 -1 2.26005e-4 0 -1 2.47188e-4 0 -1 -4.51006e-4 0 -1 -2.47189e-4 0 -0.9999999 5.55084e-4 0 -1 -3.32416e-4 0 -1 4.38738e-4 0 -1 4.47549e-4 0 -1 -6.52157e-5 0 -1 -4.73697e-5 0 -1 -2.4981e-4 0 -1 2.49809e-4 0 -1 -2.57504e-4 0 -1 1.73468e-5 0 -1 2.57503e-4 0 1 -8.52982e-5 0 0 -0.08714568 0.9961956 0 -0.2588261 0.965924 0 0.08714568 0.9961956 -1 1.2164e-5 0 0 0.08716255 0.9961941 0 0.2588018 0.9659305 0 0.2588261 0.965924 0 0.422641 0.9062972 0 -0.4226435 0.9062961 1 1.94035e-5 0 0 0.4226062 0.9063134 0 0.5735952 0.819139 0 -0.422641 0.9062972 0 -0.5736885 0.8190736 -1 2.26007e-4 0 0 0.5735972 0.8191375 -1 -1.82008e-4 0 -1 2.24243e-4 0 0 -0.5736408 0.8191069 0 -0.7070598 0.7071539 0 0.7071083 0.7071053 0 0.8191273 0.5736119 0 -0.7070097 0.7072039 0 -0.8190797 0.5736799 -1 -2.47177e-4 0 0 0.8191252 0.5736147 0 0.9063255 0.4225803 0 -0.8191273 0.5736119 0 -0.9062883 0.4226601 -0.9999999 5.5509e-4 0 0 0.9062883 0.4226601 0 0.9659333 0.2587916 -1 -3.77775e-4 0 0 -0.9063255 0.4225803 0 -0.9659571 0.2587025 -1 -3.32433e-4 0 0 0.9659329 0.2587932 0 0.9961963 0.08713734 1 3.51366e-4 0 0 -0.9659575 0.258701 0 -0.9961878 0.08723425 -1 4.38732e-4 0 0 0.9961878 0.08723425 0 0.9961879 -0.08723372 -1 2.44312e-4 0 -1 -4.00915e-5 0 0 -0.9961963 0.08713734 0 -0.9961964 -0.0871368 -1 -4.4754e-4 0 0 0.9961964 -0.0871368 0 0.9659333 -0.2587916 0 -0.9961879 -0.08723372 0 -0.9659571 -0.2587025 1 -4.08683e-4 0 0 0.9659329 -0.2587932 0 0.9062883 -0.4226601 0 -0.9659575 -0.258701 0 -0.9063255 -0.4225803 0 0.9063255 -0.4225803 0 0.8191273 -0.5736119 -1 -3.55249e-5 0 0 -0.9062883 -0.4226601 0 -0.8191273 -0.5736119 0 0.7071083 -0.7071053 1 4.3834e-4 0 0 -0.8190816 -0.573677 0 -0.7070112 -0.7072024 1 3.58688e-4 0 1 3.08899e-4 0 1 -2.02657e-4 0 0 0.5735952 -0.819139 1 -3.5557e-4 0 0 -0.7070598 -0.7071539 0 -0.5736388 -0.8191084 -1 -2.49812e-4 0 0 0.5735931 -0.8191403 0 0.4226062 -0.9063134 -1 1.97132e-4 0 -1 -2.14057e-4 0 -1 1.5297e-5 0 1 -3.07114e-4 0 0 -0.5736865 -0.819075 0 -0.422641 -0.9062972 -1 2.5751e-4 0 0 0.422641 -0.9062972 0 0.2588275 -0.9659236 1 2.77649e-4 0 0 -0.4226435 -0.9062961 0 -0.2588289 -0.9659233 1 -2.61203e-4 0 1 -6.81542e-5 0 0 0.2588047 -0.9659297 0 0.0871607 -0.9961943 1 2.60615e-4 0 0 -0.2588275 -0.9659236 0 -0.08714383 -0.9961957 0 0.08714383 -0.9961957 0 1 1.10796e-5 0 1 -1.10789e-5 0 1 2.21671e-5 0 1 2.77051e-5 0 1 -4.43223e-5 0 1 -2.77051e-5 0 1 1.10789e-5 0 1 -4.43184e-5 0 1 -2.21592e-5 0 1 1.10816e-5 0 1 -1.10811e-5 0 1 2.21631e-5 0 1 -2.77039e-5 0 1 1.10808e-5 0 -1 6.92674e-7 0 -1 -1.3852e-6 0 -1 -2.77039e-6 0 -1 1.6447e-6 0 -1 -2.77014e-6 0 -1 -1.38507e-6 0 -1 2.77051e-6 0 -1 1.38513e-6 0 -1 -2.7699e-6 0 -1 -1.38544e-6 0 -1 6.92582e-7 0 -1 -1.38495e-6 0 -1 -2.77051e-6 0 -1 1.64448e-6 0 -1 -2.76978e-6 0 -1 2.77039e-6 0 -1 1.38501e-6 -8.31905e-7 -1 -5.2693e-5 0 -1 -5.3284e-5 0.965981 -1.35987e-5 0.2586135 0.9062651 -2.26089e-5 0.4227098 0.9961892 -4.63877e-6 0.08721858 0.9659805 -1.37563e-5 0.2586151 -5.67219e-7 -1 -5.25857e-5 -4.44066e-7 -1 -5.25042e-5 0 -1 -5.36912e-5 0.9961892 4.77619e-6 -0.08721858 0.9961892 -4.42706e-6 0.08721816 0 -1 -5.32842e-5 0 -1 -4.86573e-5 0 -5.33959e-5 1 0 -5.33959e-5 1 -1 0 0 -1 0 0 0 5.33959e-5 -1 0 5.33959e-5 -1 0 -1 -5.33517e-5 0 -1 -4.94689e-5 0.9659803 1.39724e-5 -0.258616 0.9961892 4.74332e-6 -0.08721894 0.9062657 2.2406e-5 -0.4227085 0.96598 1.37564e-5 -0.258617 5.68293e-7 -1 -5.32299e-5 0 -1 -5.29107e-5 -1.50341e-7 -1 -5.59626e-5 0.8191391 3.07479e-5 -0.5735951 0.9062659 2.26088e-5 -0.4227081 0.7072661 3.76458e-5 -0.7069475 0.8191364 3.06729e-5 -0.5735989 0.5734189 4.37314e-5 -0.8192623 0.7072643 3.77968e-5 -0.7069493 3.10957e-7 -1 -5.1544e-5 1.31383e-7 -1 -5.32389e-5 -6.03163e-7 -1 -5.42793e-5 0.4226678 4.8413e-5 -0.9062848 0.5734297 4.37847e-5 -0.8192548 0 -1 -5.42408e-5 0 -1 -5.12889e-5 0 -1 -5.5913e-5 0.9063458 1.28965e-5 -0.4225369 0.9659098 2.02379e-5 -0.258879 0.8191426 2.89241e-5 -0.57359 0.9063461 4.0478e-5 -0.4225361 0.7070305 3.84955e-5 -0.7071831 0.8191465 4.04756e-5 -0.5735843 0.5736206 4.3929e-5 -0.8191213 0.7070285 4.04718e-5 -0.707185 0 -1 -5.08456e-5 0.4226029 4.7521e-5 -0.906315 0.5736313 4.04795e-5 -0.8191136 0.258823 5.19309e-5 -0.9659249 0.4226066 5.05941e-5 -0.9063133 -1.37962e-6 -1 -5.25504e-5 -2.59059e-7 -1 -5.25772e-5 2.03342e-7 -1 -5.41487e-5 0 -1 -5.32851e-5 1.40874e-7 -1 -5.21751e-5 0.2588215 5.16405e-5 -0.9659252 0.4226621 4.83871e-5 -0.9062874 0.08715331 5.319e-5 -0.9961949 0.2588264 5.15452e-5 -0.9659239 -1.93182e-7 -1 -5.25016e-5 0 -1 -5.31625e-5 0 -1 -5.26352e-5 -0.0871433 5.31783e-5 -0.9961959 0.08714056 5.31967e-5 -0.996196 0 -1 -3.61213e-5 0 -1 -7.13643e-5 0 -1 -5.32555e-5 0.996194 -9.7831e-6 -0.08716464 0.996194 0 0.08716416 0.9659101 0 -0.2588779 0.996194 2.02383e-5 -0.08716499 0.08716195 5.37652e-5 -0.9961942 0.2588362 5.05966e-5 -0.9659214 -0.08715188 5.3617e-5 -0.996195 0.08714914 5.31229e-5 -0.9961953 -0.2588324 4.96875e-5 -0.9659223 -0.08715921 5.31229e-5 -0.9961944 6.28766e-7 -1 -5.26901e-5 0 -1 -5.46731e-5 -2.6344e-7 -1 -5.35074e-5 -0.4226505 4.77339e-5 -0.9062927 -0.2588196 5.56565e-5 -0.9659257 -0.5735757 4.20267e-5 -0.8191527 -0.4226626 5.05995e-5 -0.9062872 -0.7070876 3.54952e-5 -0.707126 -0.5735594 4.04759e-5 -0.8191641 2.08027e-7 -1 -5.32549e-5 0 -1 -5.42535e-5 -4.87924e-7 -1 -5.28771e-5 -0.8191426 2.06925e-5 -0.57359 -0.707097 4.0475e-5 -0.7071166 -0.9062963 2.01591e-5 -0.4226429 -0.8191465 4.04756e-5 -0.5735843 -0.9659101 2.17596e-5 -0.2588779 -0.9062985 2.0238e-5 -0.4226382 -0.9962046 -5.72175e-6 -0.08704209 -0.9659105 0 -0.2588764 -5.65788e-7 -1 -5.25612e-5 -4.44208e-7 -1 -5.2521e-5 9.25715e-7 -1 -5.22473e-5 0 -1 -5.16452e-5 0 -1 -5.55043e-5 0 -1 -5.37962e-5 0.4225946 -4.75607e-5 0.9063189 0.258825 -5.05968e-5 0.9659243 0.5736275 -4.35532e-5 0.8191164 0.4226093 -5.0594e-5 0.9063121 0.7070254 -3.70236e-5 0.7071882 0.5736286 -4.04796e-5 0.8191155 0.8191425 -3.23333e-5 0.57359 0.7070301 -4.04717e-5 0.7071835 0 -1 -5.27276e-5 0 -1 -5.39343e-5 0 -1 -5.33088e-5 0.9063458 -3.17915e-5 0.422537 0.8191415 -2.0238e-5 0.5735916 0.9659108 -2.71449e-5 0.2588754 0.906345 -2.02391e-5 0.4225388 0.996194 -1.97441e-5 0.08716458 0.9659103 0 0.2588771 0 -1 -5.32938e-5 -0.258821 5.15149e-5 -0.9659253 -0.08715188 5.32164e-5 -0.9961951 0 -1 -5.12472e-5 0 -1 -5.16445e-5 0 -1 -5.59214e-5 0.08714187 -5.26289e-5 0.9961959 -0.08715111 -5.31229e-5 0.9961952 0.2588324 -5.12193e-5 0.9659223 0.08716112 -5.43877e-5 0.9961943 0 -1 -5.12464e-5 -0.4226602 4.84525e-5 -0.9062883 -0.258826 5.16241e-5 -0.965924 -1.93619e-7 -1 -5.24958e-5 0 -1 -5.32666e-5 0 -1 -5.1727e-5 -0.08715194 -5.27672e-5 0.9961951 -0.258823 -5.05968e-5 0.9659248 -0.5736716 4.37003e-5 -0.8190854 -0.4226723 4.83869e-5 -0.9062827 -0.707006 3.76571e-5 -0.7072076 -0.573656 4.38035e-5 -0.8190963 0 -1 -5.50847e-5 0 -1 -5.27276e-5 0 -1 -5.19911e-5 -0.8191353 3.07473e-5 -0.5736005 -0.7070147 3.7941e-5 -0.7071988 -0.9062643 2.26155e-5 -0.4227116 -0.8191392 3.03564e-5 -0.5735948 -0.96598 1.36903e-5 -0.2586169 -0.9062665 2.24507e-5 -0.4227069 0 -1 -5.5011e-5 -0.9961892 4.8906e-6 -0.08721858 -0.9659797 1.39146e-5 -0.2586179 -0.9961892 -4.50181e-6 0.08721858 -0.9961892 4.42705e-6 -0.0872181 0 -1 -5.385e-5 0 -1 -5.24833e-5 0 -1 -5.4423e-5 -0.9962047 -7.68822e-6 0.08704119 -0.9962048 0 -0.08704072 -0.9659807 -1.37791e-5 0.2586144 -0.9961892 -4.74332e-6 0.08721905 -0.9659108 -1.21544e-5 0.2588754 -0.9962047 0 0.08704161 3.05923e-7 -1 -5.17913e-5 0.9062658 -2.25336e-5 0.4227085 0.8191347 -3.05149e-5 0.5736013 -0.9062661 -2.25264e-5 0.4227077 -0.9659802 -1.39145e-5 0.2586161 -0.9062981 -2.49813e-5 0.422639 -0.9659103 -2.02377e-5 0.2588771 -2.25861e-7 -1 -5.46731e-5 0 -1 -5.28971e-5 -1.50173e-7 -1 -5.46218e-5 0 -1 -5.56241e-5 0.8191358 -3.05076e-5 0.5735998 0.7072646 -3.76386e-5 0.7069489 -0.8191319 -3.05086e-5 0.5736053 -0.9062672 -2.27668e-5 0.4227057 0 -1 -5.29984e-5 0 -1 -5.52583e-5 -0.8191393 -4.05554e-5 0.5735948 -0.9062991 -2.02379e-5 0.422637 2.08041e-7 -1 -5.19269e-5 0.707261 -3.78507e-5 0.7069526 0.5734269 -4.37848e-5 0.8192568 -0.7070111 -3.75506e-5 0.7072026 -0.8191375 -3.06727e-5 0.5735972 -0.7070926 -4.00207e-5 0.707121 -0.8191449 -2.02379e-5 0.5735868 -2.636e-7 -1 -5.29002e-5 0.5734258 -4.37588e-5 0.8192576 0.4226585 -4.83872e-5 0.9062891 -0.5736649 -4.37713e-5 0.8190901 -0.707005 -3.79415e-5 0.7072086 -0.5735691 -4.54559e-5 0.8191573 -0.7070861 -4.04756e-5 0.7071275 3.11046e-7 -1 -5.15587e-5 1.31723e-7 -1 -5.32343e-5 -6.03218e-7 -1 -5.44821e-5 0 -1 -5.4678e-5 0.4226593 -4.81044e-5 0.9062886 0.2588226 -5.1308e-5 0.9659249 -0.4226518 -4.83318e-5 0.9062922 -0.5736653 -4.3645e-5 0.8190898 4.73716e-7 -1 -5.06806e-5 -1.37917e-6 -1 -5.25659e-5 -2.59892e-7 -1 -5.1078e-5 -0.4226505 -4.90483e-5 0.9062927 -0.5735702 -4.04755e-5 0.8191565 6.28287e-7 -1 -5.26826e-5 0.258831 -5.15913e-5 0.9659227 0.08715254 -5.31967e-5 0.996195 -0.2588305 -5.13063e-5 0.9659228 -0.4226666 -4.82289e-5 0.9062853 -0.2588324 -4.93219e-5 0.9659223 -0.4226486 -5.05999e-5 0.9062938 2.03712e-7 -1 -5.25019e-5 0.08713328 -5.31954e-5 0.9961967 -0.08714145 -5.31967e-5 0.996196 -0.0871433 -5.31875e-5 0.9961958 -0.2588221 -5.15451e-5 0.9659251 0 1 5.3242e-5 0 1 5.32062e-5 1 -7.16403e-6 0 1 -1.55221e-5 0 0 0.7070692 0.7071444 0 0.7070692 0.7071444 0 1 5.32466e-5 0 1 5.32569e-5 0 1 5.302e-5 -1 4.85065e-7 0 0 1 5.32384e-5 0 1 5.30936e-5 0 1 5.32411e-5 0 1 5.32599e-5 -1.28744e-7 1 5.32109e-5 0 1 5.324e-5 1.43979e-7 1 5.34448e-5 0 1 5.32405e-5 -1.48991e-7 1 5.3216e-5 -1.66483e-7 1 5.32297e-5 0 1 5.3292e-5 0 1 5.30803e-5 0 1 5.34245e-5 0 1 5.32815e-5 -1.26816e-7 1 5.32389e-5 0 1 5.33032e-5 -1.37333e-7 1 5.29704e-5 0 1 5.32074e-5 0 1 5.32918e-5 0 1 5.32299e-5 0 1 5.32276e-5 0 1 5.32167e-5 -2.18909e-7 1 5.30643e-5 0 1 5.30345e-5 0 1 5.28844e-5 0 1 5.34058e-5 -1.90146e-7 1 5.33578e-5 0 1 5.34556e-5 0 1 5.30851e-5 0 1 5.34142e-5 -1.53454e-7 1 5.32999e-5 1.28194e-7 1 5.32116e-5 -2.15235e-7 1 5.34589e-5 0 5.30854e-5 -1 0 5.30854e-5 -1 0 1 5.32166e-5 0 1 5.32281e-5 1.74409e-7 1 5.326e-5 -1.60332e-7 1 5.32939e-5 0 1 5.3421e-5 0 1 5.29907e-5 0 1 5.33062e-5 0 1 5.33709e-5 0 1 5.33136e-5 0 1 5.31066e-5 0 1 5.33402e-5 0 1 5.30335e-5 -3.11689e-7 1 5.24009e-5 0 1 5.36205e-5 0 1 5.30746e-5 0 1 5.33379e-5 -1.67531e-7 1 5.32402e-5 0 1 5.31832e-5 0 1 5.32765e-5 0 1 5.32707e-5 0 1 5.34278e-5 0 1 5.29802e-5 0 1 5.3267e-5 0 1 5.32323e-5 0 1 5.32343e-5 0 1 5.32499e-5 0 1 5.32583e-5 0 1 5.32711e-5 0 1 5.3329e-5 0 1 5.34058e-5 0 1 5.31457e-5 0 1 5.35551e-5 0 1 5.32162e-5 0 1 5.31514e-5 0 1 5.30795e-5 0 1 5.30013e-5 0 1 5.34243e-5 0 1 5.32389e-5 0 1 5.32815e-5 1.28114e-7 1 5.33076e-5 0 1 5.34589e-5 0 1 5.30545e-5 0 1 5.30343e-5 -1.25545e-7 1 5.33518e-5 0 1 5.34884e-5 -1.3686e-7 1 5.31989e-5 0 1 5.28411e-5 0 1 5.28411e-5 -1.77145e-5 1 -1.53293e-4 9.86914e-7 1 -7.66332e-5 0.9659805 -1.92291e-5 -0.258615 0.9062742 -3.14613e-5 -0.4226905 0.9961893 -6.46515e-6 -0.08721762 0.9659803 -1.92906e-5 -0.2586159 -2.364e-5 1 -7.64844e-5 -1.85468e-5 1 -6.00059e-5 1.77089e-5 1 -1.56479e-4 0.9961893 6.53124e-6 0.08721762 0.9961891 -6.48252e-6 -0.08721929 0 1 -8.03749e-5 0 1 -1.31149e-4 0 -7.45061e-5 -1 0 -7.45056e-5 -1 -1 0 0 -1 0 0 0 7.94726e-5 1 0 7.94731e-5 1 0 1 -7.26491e-5 -3.04492e-7 1 -1.1267e-4 0.965991 1.93048e-5 0.2585757 0.9961879 6.48363e-6 0.0872336 0.906244 3.35873e-5 0.4227552 0.965977 2.05565e-5 0.2586281 -6.78876e-6 1 -4.60377e-5 -1.15529e-6 1 -8.68266e-5 5.15375e-6 1 -3.72799e-5 0.8191122 4.26899e-5 0.5736336 0.9062656 3.14627e-5 0.4227088 0.7073092 5.27204e-5 0.7069044 0.8191503 4.28458e-5 0.573579 0.5734569 6.50093e-5 0.8192358 0.7072022 5.61467e-5 0.7070114 -9.39412e-6 1 -1.30214e-4 -1.4277e-6 1 -1.84184e-4 8.42811e-6 1 2.8736e-5 0.4224954 7.65424e-5 0.9063652 0.573438 6.92331e-5 0.819249 -1.57211e-7 1 -9.91862e-5 0 1 0 0 1 -1.0823e-4 0.906276 3.06766e-5 0.4226866 0.9659069 0 0.2588901 0.8191182 3.66044e-5 0.573625 0.9062985 4.0476e-5 0.4226382 0.7071372 5.23298e-5 0.7070764 0.8191563 4.04746e-5 0.5735706 0.573659 6.35043e-5 0.8190943 0.7070302 6.07185e-5 0.7071834 -3.0471e-7 1 0 0.4224373 8.22029e-5 0.9063923 0.5736401 7.08387e-5 0.8191075 0.258737 7.43748e-5 0.9659479 0.4228081 7.08245e-5 0.9062193 1.84967e-5 1 -2.24316e-4 -7.76709e-6 1 0 6.09499e-6 1 -9.75199e-5 9.87324e-7 1 -7.66347e-5 -1.76989e-5 1 -1.48411e-4 0.2587357 7.20086e-5 0.9659482 0.4228643 6.75135e-5 0.9061931 0.08709281 7.91625e-5 0.9962002 0.2587022 7.67667e-5 0.9659572 -6.0939e-6 1 -1.20003e-4 0 1 -7.92676e-5 2.09388e-7 1 -6.40756e-5 -0.08725345 7.91852e-5 0.9961862 0.08725392 7.91819e-5 0.9961861 -7.48424e-7 1 0 -7.48408e-7 0.9999999 -4.57113e-4 0 1 0 0.9962048 9.46689e-6 0.08704 0.9962048 2.02384e-5 -0.08704107 0.9659209 1.67371e-5 0.2588377 0.9962034 0 0.08705657 0.08710116 7.9704e-5 0.9961995 0.2587035 7.58974e-5 0.9659569 -0.08726185 7.94657e-5 0.9961854 0.08726269 7.84191e-5 0.9961854 -0.2588881 7.29092e-5 0.9659073 -0.08710205 7.84202e-5 0.9961994 -8.43068e-6 1 0 1.42753e-6 1 -9.2081e-5 9.39768e-6 1 -1.22129e-4 -0.4227032 7.65198e-5 0.9062682 -0.2585524 7.59006e-5 0.9659973 -0.5737676 6.45459e-5 0.8190182 -0.4225421 7.08342e-5 0.9063433 -0.7070562 5.49644e-5 0.7071574 -0.5735313 7.08452e-5 0.8191837 -5.14692e-6 1 -4.25894e-5 1.15501e-6 1 -1.30208e-4 6.79004e-6 1 1.00758e-5 -0.8190598 3.78666e-5 0.5737082 -0.7071111 5.0593e-5 0.7071025 -0.9063234 3.33269e-5 0.4225847 -0.8190992 4.04718e-5 0.573652 -0.9659209 1.69544e-5 0.2588377 -0.9063461 4.04782e-5 0.4225364 -0.9962036 1.273e-5 0.08705407 -0.9659069 0 0.2588901 -2.36301e-5 1 -1.52905e-4 -1.85772e-5 1 0 1.77055e-5 1 -1.0135e-4 5.05861e-7 1 -2.20371e-4 -2.07438e-7 1 0 0 1 -1.7787e-5 0.4225702 -7.08529e-5 -0.9063302 0.258907 -8.09531e-5 -0.9659023 0.5735551 -6.37875e-5 -0.8191671 0.4227173 -7.08278e-5 -0.9062616 0.7072181 -5.30352e-5 -0.7069955 0.5735626 -6.07229e-5 -0.8191618 0.8191726 -4.67178e-5 -0.5735473 0.7069893 -5.06017e-5 -0.7072243 0 1 -2.24966e-4 0 1 0 0 1 -1.24882e-4 0.9063048 -3.65021e-5 -0.4226245 0.8191258 -4.04775e-5 -0.5736141 0.9659101 -2.18386e-5 -0.2588782 0.9063071 -2.02371e-5 -0.4226198 0.9962048 -2.37364e-5 -0.08704066 0.9659101 -2.02379e-5 -0.2588779 0 1 -9.21795e-5 -0.2588868 7.6731e-5 0.9659077 -0.08709323 7.91632e-5 0.9962003 2.93325e-7 1 -3.64424e-4 0 1 -2.2037e-4 -2.29449e-7 1 1.18811e-4 0.08742338 -7.37935e-5 -0.9961713 -0.08742249 -7.46228e-5 -0.9961714 0.2588881 -7.46089e-5 -0.9659073 0.08694046 -7.4626e-5 -0.9962136 2.936e-7 1 3.64334e-4 -0.4227594 6.75607e-5 0.906242 -0.2585511 7.19471e-5 0.9659976 -5.92624e-6 1 -1.20019e-4 0 1 -7.94228e-5 -2.63072e-7 1 -1.21673e-4 -0.08694136 -7.4271e-5 -0.9962135 -0.258907 -7.0834e-5 -0.9659023 -0.5738056 6.91589e-5 0.8189916 -0.4225983 7.65364e-5 0.9063171 -0.7069752 5.62856e-5 0.7072383 -0.5735694 6.51566e-5 0.8191571 0 1 -1.30566e-4 0 1 -2.24966e-4 0 1 3.19503e-5 -0.8191109 4.28175e-5 0.5736352 -0.7070276 5.28002e-5 0.707186 -0.906243 3.16551e-5 0.4227572 -0.8191491 4.26877e-5 0.5735808 -0.965991 2.04547e-5 0.2585757 -0.9062666 3.3518e-5 0.4227068 0 1 -9.51507e-5 -0.9961879 6.65398e-6 0.0872336 -0.9659773 1.92915e-5 0.2586269 -0.9961891 -6.3441e-6 -0.08721953 -0.9961889 6.32447e-6 0.08722203 -2.62409e-7 1 0 2.09468e-7 1 -9.33064e-5 -1.57258e-7 1 -1.30182e-4 -0.9962048 -2.04754e-5 -0.08704066 -0.9962047 0 0.08704257 -0.9659808 -1.92782e-5 -0.2586138 -0.996189 -6.64063e-6 -0.0872212 -0.9659101 -7.51012e-6 -0.2588782 -0.9962048 0 -0.08704107 6.76628e-6 1 0 0.906273 -3.36029e-5 -0.4226931 0.8191198 -4.53787e-5 -0.5736225 -0.906273 -3.13355e-5 -0.4226931 -0.9659803 -1.92906e-5 -0.2586159 -0.9063524 -2.9646e-5 -0.4225227 -0.9659101 -4.04758e-5 -0.2588779 -6.76919e-6 1 -4.60575e-5 -1.1762e-6 1 -1.30208e-4 5.1528e-6 1 -1.86342e-5 1.17648e-6 1 -1.3024e-4 0.8191667 -4.5719e-5 -0.5735558 0.7071614 -5.63081e-5 -0.7070522 -0.8191109 -4.54836e-5 -0.5736352 -0.9062751 -3.35166e-5 -0.4226884 0 1 -1.26299e-4 -0.8190598 -3.73132e-5 -0.5737082 -0.9063546 -2.02382e-5 -0.422518 -5.15927e-6 1 0 0.7073926 -5.26102e-5 -0.7068209 0.5733606 -6.10176e-5 -0.8193033 -0.7069752 -5.61269e-5 -0.7072383 -0.8191731 -4.55308e-5 -0.5735465 -0.7070562 -5.7435e-5 -0.7071574 -0.8191232 -6.0704e-5 -0.5736178 9.38925e-6 1 -4.34068e-5 0.5733507 -6.1026e-5 -0.8193102 0.4227755 -6.7517e-5 -0.9062345 -0.5735907 -6.09813e-5 -0.8191421 -0.7070703 -5.27974e-5 -0.7071433 -0.5735551 -5.91621e-5 -0.8191671 -0.7071512 -5.05901e-5 -0.7070624 -9.38962e-6 1 -8.68659e-5 2.10156e-5 1 -1.84128e-4 8.82988e-6 1 1.59629e-5 -2.1022e-5 1 -1.38138e-4 0.4226284 -7.65199e-5 -0.9063031 0.2589032 -8.15053e-5 -0.9659033 -0.4227594 -6.74801e-5 -0.906242 -0.5736007 -6.10432e-5 -0.8191352 1.05752e-4 0.9999999 -4.63271e-4 1.93865e-5 1 0 -7.55172e-6 1 -4.3014e-5 -0.4227032 -5.85361e-5 -0.9062682 -0.5735626 -6.07229e-5 -0.8191618 -8.82979e-6 1 0 0.2588868 -7.2005e-5 -0.9659077 0.08693218 -7.42236e-5 -0.9962143 -0.2588868 -8.15361e-5 -0.9659077 -0.4226406 -7.65347e-5 -0.9062974 -0.2588881 -8.59732e-5 -0.9659073 -0.4225844 -9.10705e-5 -0.9063237 5.92544e-6 1 0 0.08741456 -7.42261e-5 -0.996172 -0.08741408 -7.42402e-5 -0.9961721 -0.08693259 -7.42094e-5 -0.9962142 -0.2589045 -7.19401e-5 -0.9659031 0 -1 7.75979e-5 7.53529e-6 -1 2.61039e-5 1 -3.582e-6 0 0 -0.7071616 -0.707052 0 -0.70716 -0.7070536 0 -1 8.91686e-5 -5.66124e-7 -1 7.2703e-5 -7.77571e-6 -1 2.86759e-5 -1 4.85054e-7 0 2.77195e-7 -1 7.81531e-5 1.16662e-5 -1 8.76798e-5 0 -1 6.69661e-5 6.40043e-7 -1 7.99912e-5 5.75452e-6 -1 7.01503e-5 -1.02789e-6 -1 7.7075e-5 1.85568e-5 -1 1.04073e-4 1.0279e-6 -1 7.70757e-5 2.03963e-5 -1 1.12526e-4 6.76598e-6 -1 1.38107e-4 -1.77145e-5 -1 5.10975e-5 1.17648e-6 -1 0 -5.1491e-6 -1 1.27822e-4 -8.43174e-6 -1 1.53268e-4 1.43317e-6 -1 4.60412e-5 9.38593e-6 -1 7.32488e-5 6.10119e-6 -1 0 -2.03915e-5 -1 1.20005e-4 1.6205e-5 -1 5.10975e-5 -8.06656e-6 -1 8.9194e-5 0 -1 6.68556e-5 0 -1 7.88201e-5 5.25542e-6 -1 -1.44665e-5 6.51775e-6 -1 1.4144e-4 -6.76919e-6 -1 9.2115e-5 -1.1762e-6 -1 4.34028e-5 5.15248e-6 -1 9.58451e-5 1.77058e-5 -1 1.02145e-4 -9.38798e-6 -1 4.34254e-5 -1.43315e-6 -1 4.60405e-5 8.43135e-6 -1 1.18141e-4 -6.10059e-6 -1 0 -1.8567e-5 -1 6.0024e-5 0 7.74864e-5 1 0 7.7486e-5 1 0 -1 8.45691e-5 1.51286e-7 -1 7.53649e-5 -7.76868e-6 -1 -3.82458e-5 -1.2914e-5 -1 1.10028e-4 1.07812e-5 -1 5.0096e-5 -5.43872e-6 -1 4.32014e-5 -1.6024e-6 -1 9.44376e-5 3.03309e-6 -1 4.86244e-5 -7.53604e-6 -1 2.61064e-5 -1.68814e-6 -1 1.17696e-4 1.68824e-6 -1 1.17702e-4 -6.51698e-6 -1 1.41423e-4 6.40125e-5 -0.9999998 6.09756e-4 -6.22508e-6 -1 -1.71703e-4 -1.45268e-5 -1 1.74567e-4 1.81195e-5 -1 7.67106e-5 -1.32561e-5 -1 0 -1.16686e-5 -1 1.04196e-4 -8.82104e-6 -1 5.14686e-5 8.81263e-6 -1 5.14562e-5 -5.12472e-6 -1 1.49224e-4 1.29887e-5 -1 4.84417e-5 -1.61971e-5 -1 1.02145e-4 5.12395e-6 -1 1.49202e-4 8.07355e-6 -1 9.2115e-5 2.1696e-5 -1 1.3024e-4 5.1595e-6 -1 4.26075e-5 -9.38295e-6 -1 4.88325e-5 -1.29901e-5 -1 1.00014e-4 -2.16908e-5 -1 8.68056e-5 -3.37281e-6 -1 1.04659e-4 3.3731e-6 -1 1.04668e-4 -5.88409e-6 -1 0 -9.77898e-7 -1 1.23944e-4 -5.15819e-6 -1 4.25967e-5 5.88465e-6 -1 0 9.38268e-6 -1 8.68508e-5 -1.43317e-6 -1 9.20824e-5 8.43174e-6 -1 0 -6.09386e-6 -1 1.12502e-4 9.76419e-7 -1 1.32212e-4 1.43315e-6 -1 9.2081e-5 -6.22819e-6 -1 1.64585e-4 6.22808e-6 -1 1.64582e-4 -8.43241e-6 -1 1.02187e-4 6.09326e-6 -1 1.1999e-4 0 -1 9.0584e-5 0 -1 7.54867e-5 -8.29507e-7 -1 -5.4286e-5 0 -1 -5.32341e-5 0.965991 -1.53046e-5 0.2585755 0.9062899 -2.51354e-5 0.4226567 0.9961893 -4.2995e-6 0.08721774 0.9659715 -1.26511e-5 0.2586486 -5.60226e-7 -1 -5.49768e-5 -4.46821e-7 -1 -5.25051e-5 0 -1 -5.38394e-5 0.9961869 4.36622e-6 -0.08724588 0.99619 -4.26858e-6 0.08721059 0 -1 -5.32841e-5 0 -1 -5.27887e-5 0 -4.96706e-5 1 1.68075e-7 -4.96706e-5 1 -1 0 0 -1 0 0 0 4.96706e-5 -1 0 4.96706e-5 -1 0 -1 -5.32646e-5 0 -1 -4.68384e-5 0.965991 1.41475e-5 -0.2585755 0.99619 5.05901e-6 -0.08720982 0.906273 2.10787e-5 -0.422693 0.9659835 1.31233e-5 -0.2586041 5.61984e-7 -1 -5.32311e-5 0 -1 -5.29122e-5 -1.50013e-7 -1 -5.56702e-5 0.8191658 3.13978e-5 -0.573557 0.9062387 2.29282e-5 -0.4227665 0.7072307 3.86147e-5 -0.7069829 0.8191165 3.1465e-5 -0.5736271 0.5734596 4.48383e-5 -0.819234 0.7073366 3.85835e-5 -0.7068769 3.12607e-7 -1 -5.28995e-5 1.23659e-7 -1 -5.18017e-5 -5.96001e-7 -1 -5.50741e-5 0.4227592 4.49644e-5 -0.9062421 0.5733086 4.06276e-5 -0.8193395 0 -1 -5.26929e-5 0 -1 -5.12913e-5 0 -1 -5.66934e-5 0.9063529 2.01296e-5 -0.4225214 0.9659132 2.02369e-5 -0.258866 0.8191142 3.87015e-5 -0.5736306 0.9063187 2.02418e-5 -0.4225949 0.7070572 3.6732e-5 -0.7071563 0.819065 2.02375e-5 -0.5737008 0.5736614 4.04093e-5 -0.8190926 0.7071637 4.04712e-5 -0.7070499 0 -1 -4.84225e-5 0.4227026 5.2884e-5 -0.9062685 0.5735104 4.04837e-5 -0.8191984 0.2588891 5.42522e-5 -0.9659071 0.4224541 5.0598e-5 -0.9063843 -1.38219e-6 -1 -5.60538e-5 -2.52057e-7 -1 -4.77975e-5 1.97319e-7 -1 -5.50846e-5 0 -1 -5.32851e-5 1.4301e-7 -1 -5.22473e-5 0.2588876 5.28107e-5 -0.9659075 0.4225106 4.95769e-5 -0.906358 0.08709311 4.94826e-5 -0.9962003 0.2588996 4.79866e-5 -0.9659043 -1.90434e-7 -1 -5.25013e-5 0 -1 -5.31626e-5 0 -1 -5.55959e-5 -0.08709311 4.94826e-5 -0.9962003 0.08720982 4.94813e-5 -0.99619 0 -1 -1.08354e-4 0 -1 -5.48468e-5 0 -1 -5.46962e-5 0.9962036 1.40148e-5 -0.08705437 0.9962043 -2.02398e-5 0.08704721 0.9659209 1.19748e-5 -0.2588375 0.9962055 0 -0.08703249 0.08710169 4.90322e-5 -0.9961994 0.2589011 4.55362e-5 -0.9659039 -0.08710169 4.87259e-5 -0.9961994 0.08721649 4.93281e-5 -0.9961894 -0.258889 4.84218e-5 -0.9659071 -0.08722633 5.05929e-5 -0.9961885 6.29936e-7 -1 -5.26901e-5 0 -1 -5.4663e-5 -2.64535e-7 -1 -5.35152e-5 -0.4224367 5.04305e-5 -0.9063925 -0.2589122 5.05956e-5 -0.965901 -0.5736614 3.95199e-5 -0.8190926 -0.4227299 4.04727e-5 -0.9062557 -0.7071382 4.40199e-5 -0.7070754 -0.5735157 5.06044e-5 -0.8191946 2.07992e-7 -1 -5.32459e-5 0 -1 -5.29063e-5 -4.85833e-7 -1 -5.22494e-5 -0.8191726 4.77059e-5 -0.5735473 -0.7070057 3.03602e-5 -0.7072078 -0.9063053 2.55041e-5 -0.4226236 -0.8191261 2.02388e-5 -0.5736137 -0.9659209 1.44251e-6 -0.2588375 -0.9063007 2.02377e-5 -0.4226335 -0.9962036 1.17416e-5 -0.08705437 -0.9659136 0 -0.2588651 -5.50791e-7 -1 -5.25772e-5 -4.46849e-7 -1 -5.25084e-5 9.24952e-7 -1 -5.21651e-5 0 -1 -5.50928e-5 0 -1 -5.55027e-5 0 -1 -5.50247e-5 0.4225696 -3.71557e-5 0.9063305 0.2588931 -5.05958e-5 0.965906 0.5736615 -4.9096e-5 0.8190926 0.422563 -5.05952e-5 0.9063336 0.7072191 -4.05372e-5 0.7069945 0.5734863 -4.04846e-5 0.8192152 0.8190609 -1.8123e-5 0.5737068 0.7070624 -3.03577e-5 0.7071511 0 -1 -5.27264e-5 0 -1 -5.0767e-5 0 -1 -5.32561e-5 0.906324 -2.18424e-5 0.4225834 0.8191066 -4.04708e-5 0.5736415 0.9659209 -3.25059e-5 0.2588375 0.9063699 -2.02366e-5 0.4224852 0.9962048 5.37577e-6 0.08704036 0.9659013 0 0.2589106 0 -1 -5.18542e-5 -0.2588871 4.80074e-5 -0.9659076 -0.08721971 4.94813e-5 -0.9961891 0 -1 -5.69272e-5 0 -1 -4.13193e-5 0 -1 -5.61359e-5 0.08726239 -5.39129e-5 0.9961854 -0.08720821 -5.31227e-5 0.9961901 0.2588891 -5.12975e-5 0.965907 0.08689653 -5.4389e-5 0.9962174 0 -1 -4.5553e-5 -0.4224939 4.96052e-5 -0.9063658 -0.2589102 5.28087e-5 -0.9659014 -1.9046e-7 -1 -5.06331e-5 0 -1 -5.32667e-5 0 -1 -5.36999e-5 -0.08694106 -5.52583e-5 0.9962134 -0.2590332 -5.05939e-5 0.9658684 -0.5736988 4.06221e-5 -0.8190664 -0.4226542 4.49085e-5 -0.9062911 -0.7070567 3.86288e-5 -0.707157 -0.5736618 4.49102e-5 -0.8190923 0 -1 -5.30424e-5 0 -1 -5.27304e-5 0 -1 -5.13259e-5 -0.8191652 3.15442e-5 -0.5735576 -0.7069242 3.85783e-5 -0.7072894 -0.9062733 2.29378e-5 -0.4226922 -0.8191187 3.09904e-5 -0.573624 -0.9659909 1.29531e-5 -0.2585765 -0.9062687 2.11856e-5 -0.4227021 0 -1 -5.35222e-5 -0.9961881 4.77521e-6 -0.08723181 -0.9659835 1.423e-5 -0.2586041 -0.9961893 -4.32389e-6 0.08721774 -0.9961887 4.42735e-6 -0.08722388 0 -1 -5.10166e-5 0 -1 -5.24782e-5 0 -1 -5.50801e-5 -0.9962048 -1.26884e-5 0.08704036 -0.9962043 0 -0.0870465 -0.9659909 -1.30502e-5 0.2585765 -0.9961888 -4.42739e-6 0.08722466 -0.9659209 -2.42756e-5 0.2588375 -0.9962055 0 0.08703321 3.09105e-7 -1 -5.17947e-5 0.906244 -2.10733e-5 0.422755 0.8191049 -2.84616e-5 0.5736439 -0.9062445 -2.53121e-5 0.4227542 -0.9659819 -1.51791e-5 0.2586101 -0.9062765 -2.25726e-5 0.4226856 -0.965901 -2.02404e-5 0.2589116 -2.3047e-7 -1 -5.61222e-5 0 -1 -5.29063e-5 -1.45741e-7 -1 -5.34898e-5 0 -1 -5.291e-5 0.8191656 -2.84054e-5 0.5735571 0.7072353 -3.51097e-5 0.7069782 -0.819112 -2.82188e-5 0.5736338 -0.9062895 -2.08672e-5 0.4226574 0 -1 -5.12877e-5 0 -1 -5.92024e-5 -0.8191192 -1.72942e-5 0.5736233 -0.9063215 -2.02356e-5 0.4225888 2.02835e-7 -1 -5.19257e-5 0.7073925 -3.86323e-5 0.7068211 0.5732846 -4.48968e-5 0.8193565 -0.7070566 -3.5104e-5 0.707157 -0.819155 -2.87742e-5 0.5735722 -0.7071382 -3.1145e-5 0.7070755 -0.8191624 -4.0474e-5 0.5735618 -2.59623e-7 -1 -5.4256e-5 0.5734597 -4.46837e-5 0.8192338 0.4226195 -4.9495e-5 0.9063072 -0.5735902 -4.4697e-5 0.8191425 -0.7069768 -3.85754e-5 0.7072367 -0.5735528 -3.69341e-5 0.8191686 -0.7070584 -3.03579e-5 0.7071551 3.07455e-7 -1 -5.29247e-5 -5.67638e-7 -1 -5.32343e-5 1.37005e-7 -1 -5.28844e-5 6.07054e-7 -1 -5.32409e-5 0.4226262 -4.50658e-5 0.9063042 0.2588917 -4.79867e-5 0.9659064 -0.422627 -4.94347e-5 0.9063038 -0.5737358 -4.47492e-5 0.8190405 -3.05386e-6 -1 -4.34326e-5 2.46402e-7 -1 -5.60701e-5 -2.50066e-7 -1 -5.18258e-5 -0.4225696 -4.86187e-5 0.9063306 -0.5736983 -5.05965e-5 0.8190667 0 -1 -5.42792e-5 0.2588876 -5.27391e-5 0.9659075 0.08688604 -5.44429e-5 0.9962183 -0.2587361 -4.79492e-5 0.9659481 -0.4226107 -4.50677e-5 0.9063113 -0.2587381 -4.75345e-5 0.9659476 -0.4225534 -5.05954e-5 0.906338 1.97759e-7 -1 -5.43764e-5 0.08725374 -5.44265e-5 0.9961861 -0.08719766 -5.44216e-5 0.9961912 -0.08693248 -5.44438e-5 0.9962143 -0.2590312 -5.2807e-5 0.965869 0 1 5.32377e-5 0 1 5.32603e-5 1 3.58202e-6 0 0 0.7070699 0.7071437 0 0.70707 0.7071437 0 1 5.32387e-5 0 1 5.32364e-5 0 1 5.3205e-5 -1 4.85057e-7 0 0 1 5.32384e-5 0 1 5.32703e-5 0 1 5.32378e-5 0 1 5.3238e-5 0 1 5.32237e-5 0 1 5.32369e-5 0 1 5.3253e-5 0 1 5.32377e-5 0 1 5.32548e-5 0 1 5.32737e-5 0 1 5.31934e-5 0 1 5.3209e-5 0 1 5.32571e-5 0 1 5.32315e-5 0 1 5.3238e-5 0 1 5.32451e-5 0 1 5.3263e-5 0 1 5.3267e-5 0 1 5.32182e-5 0 1 5.32561e-5 0 1 5.32381e-5 0 1 5.32368e-5 0 1 5.32074e-5 0 1 5.32416e-5 0 1 5.32568e-5 0 1 5.32335e-5 0 1 5.32233e-5 0 1 5.31922e-5 0 1 5.32428e-5 0 1 5.3247e-5 0 1 5.32165e-5 0 1 5.32409e-5 0 1 5.32702e-5 0 5.0664e-5 -1 0 5.0664e-5 -1 0 1 5.32369e-5 0 1 5.32332e-5 0 1 5.32616e-5 0 1 5.32109e-5 0 1 5.32266e-5 0 1 5.32511e-5 0 1 5.3239e-5 0 1 5.32039e-5 0 1 5.32405e-5 0 1 5.32489e-5 0 1 5.32414e-5 0 1 5.32137e-5 0 1 5.32941e-5 0 1 5.31908e-5 0 1 5.33103e-5 0 1 5.31717e-5 0 1 5.3271e-5 0 1 5.32037e-5 0 1 5.32276e-5 0 1 5.32958e-5 0 1 5.31902e-5 0 1 5.32287e-5 0 1 5.32421e-5 0 1 5.32308e-5 0 1 5.32441e-5 0 1 5.32491e-5 0 1 5.32178e-5 0 1 5.32505e-5 0 1 5.32303e-5 0 1 5.32243e-5 0 1 5.31986e-5 0 1 5.32852e-5 0 1 5.32223e-5 0 1 5.32228e-5 0 1 5.32251e-5 0 1 5.32798e-5 0 1 5.3264e-5 0 1 5.3238e-5 0 1 5.32347e-5 0 1 5.32262e-5 0 1 5.31992e-5 0 1 5.32021e-5 0 1 5.3241e-5 0 1 5.32488e-5 0 1 5.3253e-5 0 1 5.32702e-5 0 1 5.28412e-5 0 1 5.28412e-5</float_array>
          <technique_common>
            <accessor source="#Rack-mesh-normals-array" count="3086" stride="3">
              <param name="X" type="float"/>
              <param name="Y" type="float"/>
              <param name="Z" type="float"/>
            </accessor>
          </technique_common>
        </source>
        <vertices id="Rack-mesh-vertices">
          <input semantic="POSITION" source="#Rack-mesh-positions"/>
        </vertices>
        <triangles material="Material_003-material" count="4056">
          <input semantic="VERTEX" source="#Rack-mesh-vertices" offset="0"/>
          <input semantic="NORMAL" source="#Rack-mesh-normals" offset="1"/>
          <p>0 0 1 0 2 0 1 0 3 0 2 0 1 1 0 1 4 1 0 2 5 2 4 2 4 3 5 3 6 3 5 1 7 1 6 1 6 4 7 4 8 4 7 5 9 5 8 5 8 6 9 6 10 6 11 7 1 7 12 7 1 8 13 8 12 8 12 9 13 9 14 9 13 10 15 10 14 10 1 11 11 11 16 11 11 11 17 11 16 11 3 11 1 11 16 11 2 12 3 12 18 12 3 13 19 13 18 13 2 14 18 14 20 14 18 14 21 14 20 14 20 14 21 14 22 14 0 14 2 14 23 14 2 14 20 14 23 14 23 14 20 14 24 14 25 14 0 14 23 14 0 15 25 15 26 15 25 6 27 6 26 6 26 16 27 16 28 16 27 17 29 17 28 17 19 11 3 11 30 11 3 11 16 11 30 11 30 11 16 11 31 11 16 11 32 11 31 11 31 18 32 18 29 18 32 11 28 11 29 11 33 14 23 14 24 14 23 19 33 19 16 19 33 20 32 20 16 20 23 21 16 21 17 21 25 21 23 21 17 21 17 22 11 22 12 22 25 23 17 23 27 23 17 24 12 24 27 24 27 25 12 25 34 25 12 15 14 15 34 15 18 26 19 26 35 26 4 26 18 26 35 26 18 14 4 14 36 14 4 27 35 27 1 27 35 28 13 28 1 28 35 11 19 11 37 11 19 11 30 11 37 11 37 11 30 11 38 11 30 11 39 11 38 11 38 11 39 11 40 11 39 11 41 11 40 11 42 11 35 11 37 11 35 27 42 27 13 27 42 29 6 29 13 29 13 30 6 30 43 30 6 31 44 31 43 31 36 32 4 32 6 32 43 21 22 21 40 21 22 21 38 21 40 21 22 14 43 14 44 14 22 33 21 33 38 33 21 33 37 33 38 33 40 34 41 34 45 34 41 35 46 35 45 35 45 7 46 7 47 7 46 5 48 5 47 5 47 36 48 36 49 36 48 37 50 37 49 37 49 38 50 38 51 38 43 39 40 39 13 39 40 40 45 40 13 40 13 41 45 41 15 41 45 42 52 42 15 42 51 43 53 43 46 43 53 43 54 43 46 43 53 14 51 14 50 14 55 14 53 14 20 14 53 14 56 14 20 14 20 14 56 14 57 14 53 44 55 44 54 44 55 45 39 45 54 45 54 11 39 11 30 11 46 11 54 11 58 11 54 11 30 11 58 11 58 11 30 11 59 11 30 46 60 46 59 46 48 11 46 11 58 11 51 47 46 47 41 47 61 21 57 21 60 21 57 21 59 21 60 21 57 14 61 14 62 14 57 48 56 48 58 48 59 33 57 33 58 33 63 11 60 11 30 11 60 34 63 34 64 34 61 49 60 49 47 49 60 50 64 50 47 50 47 51 64 51 65 51 64 52 66 52 65 52 62 10 61 10 49 10 61 53 47 53 49 53 67 54 28 54 33 54 28 54 32 54 33 54 28 55 67 55 26 55 67 27 68 27 26 27 26 41 68 41 69 41 68 56 70 56 69 56 67 14 33 14 71 14 33 57 24 57 71 57 71 14 24 14 72 14 67 58 71 58 68 58 71 32 72 32 68 32 68 3 72 3 73 3 42 54 37 54 21 54 36 54 42 54 21 54 42 59 36 59 6 59 36 14 21 14 18 14 74 14 55 14 44 14 55 14 22 14 44 14 55 60 74 60 41 60 39 61 55 61 41 61 41 62 74 62 51 62 74 63 49 63 51 63 74 64 44 64 75 64 44 65 6 65 75 65 75 62 6 62 8 62 48 54 58 54 56 54 50 54 48 54 56 54 50 14 56 14 53 14 76 44 77 44 78 44 77 66 79 66 78 66 78 44 79 44 80 44 79 67 81 67 80 67 77 68 76 68 82 68 76 69 83 69 82 69 84 70 77 70 85 70 77 71 82 71 85 71 77 72 84 72 79 72 84 73 86 73 79 73 79 74 86 74 87 74 86 75 84 75 88 75 84 76 85 76 88 76 89 44 79 44 90 44 79 77 91 77 90 77 79 78 89 78 92 78 89 79 93 79 92 79 94 80 79 80 95 80 79 81 96 81 95 81 79 82 94 82 97 82 24 83 79 83 73 83 79 84 97 84 73 84 79 44 24 44 98 44 24 85 99 85 98 85 87 86 86 86 100 86 86 87 88 87 100 87 101 88 87 88 102 88 87 89 100 89 102 89 87 44 101 44 79 44 101 44 103 44 79 44 79 90 103 90 104 90 103 91 101 91 105 91 101 92 102 92 105 92 104 93 103 93 106 93 103 94 105 94 106 94 91 95 104 95 107 95 104 96 106 96 107 96 104 44 91 44 79 44 90 97 91 97 108 97 91 98 107 98 108 98 109 99 90 99 110 99 90 100 108 100 110 100 90 44 109 44 89 44 109 44 111 44 89 44 89 101 111 101 112 101 20 44 89 44 113 44 89 102 114 102 113 102 89 103 20 103 115 103 20 104 116 104 115 104 117 105 89 105 115 105 89 106 117 106 118 106 117 107 119 107 118 107 98 108 99 108 120 108 99 109 121 109 120 109 122 110 98 110 123 110 98 111 120 111 123 111 98 112 122 112 79 112 122 44 124 44 79 44 79 113 124 113 125 113 124 114 122 114 126 114 122 115 123 115 126 115 24 116 20 116 127 116 20 117 128 117 127 117 72 118 24 118 73 118 125 119 124 119 129 119 124 120 126 120 129 120 130 121 125 121 131 121 125 122 129 122 131 122 125 123 130 123 79 123 130 124 132 124 79 124 79 125 132 125 133 125 132 126 130 126 134 126 130 127 131 127 134 127 133 128 132 128 135 128 132 129 134 129 135 129 81 130 133 130 136 130 133 131 135 131 136 131 133 44 81 44 79 44 80 132 81 132 137 132 81 133 136 133 137 133 78 134 80 134 138 134 80 135 137 135 138 135 139 136 78 136 140 136 78 137 138 137 140 137 78 44 139 44 141 44 139 138 142 138 141 138 143 44 144 44 24 44 144 44 142 44 24 44 24 44 142 44 145 44 142 139 146 139 145 139 144 140 143 140 147 140 143 141 148 141 147 141 142 142 144 142 149 142 144 143 147 143 149 143 141 144 142 144 150 144 142 145 149 145 150 145 151 44 143 44 24 44 143 146 151 146 148 146 151 147 152 147 148 147 62 148 20 148 57 148 20 21 62 21 116 21 127 149 128 149 153 149 128 150 154 150 153 150 151 151 127 151 152 151 127 152 153 152 152 152 127 44 151 44 24 44 155 44 156 44 24 44 156 44 157 44 24 44 24 153 157 153 158 153 156 154 155 154 70 154 155 155 69 155 70 155 157 156 156 156 159 156 156 157 70 157 159 157 158 158 157 158 160 158 157 159 159 159 160 159 161 160 158 160 162 160 158 161 160 161 162 161 158 162 161 162 24 162 161 44 163 44 24 44 24 163 163 163 99 163 163 164 161 164 164 164 161 165 162 165 164 165 145 166 146 166 165 166 146 167 166 167 165 167 167 168 145 168 168 168 145 169 165 169 168 169 145 44 167 44 24 44 167 170 169 170 24 170 24 171 169 171 170 171 169 172 167 172 171 172 167 173 168 173 171 173 170 174 169 174 172 174 169 175 171 175 172 175 99 176 163 176 121 176 163 177 164 177 121 177 155 178 170 178 69 178 170 179 172 179 69 179 170 44 155 44 24 44 141 44 76 44 78 44 76 180 141 180 83 180 141 181 150 181 83 181 173 182 139 182 174 182 139 183 140 183 174 183 139 44 173 44 142 44 173 44 175 44 142 44 142 184 175 184 176 184 175 185 173 185 177 185 173 186 174 186 177 186 176 187 175 187 178 187 175 188 177 188 178 188 179 189 146 189 142 189 146 190 179 190 166 190 179 191 180 191 166 191 181 192 176 192 182 192 176 193 178 193 182 193 176 194 181 194 142 194 181 195 183 195 142 195 142 196 183 196 184 196 185 197 179 197 142 197 179 198 185 198 180 198 185 199 186 199 180 199 183 200 181 200 187 200 181 201 182 201 187 201 188 202 185 202 142 202 185 203 188 203 186 203 188 204 189 204 186 204 184 205 183 205 190 205 183 206 187 206 190 206 191 44 188 44 142 44 188 207 191 207 189 207 191 208 192 208 189 208 193 209 184 209 194 209 184 210 190 210 194 210 184 44 193 44 142 44 193 211 195 211 142 211 142 212 195 212 196 212 196 44 191 44 142 44 191 213 196 213 192 213 196 214 197 214 192 214 195 215 193 215 198 215 193 216 194 216 198 216 196 217 195 217 197 217 195 218 198 218 197 218 111 219 109 219 199 219 109 220 110 220 199 220 112 221 111 221 200 221 111 222 199 222 200 222 201 44 128 44 20 44 128 223 201 223 154 223 201 224 202 224 154 224 203 225 112 225 204 225 112 226 200 226 204 226 112 44 203 44 89 44 203 44 205 44 89 44 89 227 205 227 206 227 207 44 201 44 20 44 201 228 207 228 202 228 207 229 208 229 202 229 205 230 203 230 209 230 203 231 204 231 209 231 210 44 207 44 20 44 207 232 210 232 208 232 210 233 211 233 208 233 206 234 205 234 212 234 205 235 209 235 212 235 213 236 210 236 20 236 210 237 213 237 211 237 213 238 214 238 211 238 215 239 206 239 216 239 206 240 212 240 216 240 206 44 215 44 89 44 215 44 217 44 89 44 89 241 217 241 218 241 219 44 213 44 20 44 213 242 219 242 214 242 219 243 220 243 214 243 217 244 215 244 221 244 215 245 216 245 221 245 222 44 219 44 20 44 219 246 222 246 220 246 222 247 223 247 220 247 218 248 217 248 224 248 217 249 221 249 224 249 225 44 222 44 20 44 222 250 225 250 223 250 225 251 226 251 223 251 114 252 218 252 227 252 218 253 224 253 227 253 218 44 114 44 89 44 228 44 225 44 20 44 225 254 228 254 226 254 228 255 229 255 226 255 113 256 114 256 230 256 114 257 227 257 230 257 113 44 228 44 20 44 228 258 113 258 229 258 113 259 230 259 229 259 231 11 31 11 29 11 31 54 231 54 232 54 233 260 31 260 232 260 31 261 233 261 234 261 233 262 235 262 234 262 30 44 31 44 236 44 31 263 237 263 236 263 231 65 29 65 232 65 29 264 238 264 232 264 232 265 238 265 239 265 238 266 240 266 239 266 241 267 30 267 242 267 30 268 243 268 242 268 30 21 241 21 64 21 241 21 244 21 64 21 63 21 30 21 64 21 115 269 116 269 229 269 116 270 226 270 229 270 117 271 115 271 245 271 115 5 204 5 245 5 245 272 204 272 200 272 10 273 117 273 245 273 117 274 10 274 246 274 10 275 247 275 246 275 116 276 62 276 49 276 95 277 96 277 248 277 96 278 249 278 248 278 250 279 95 279 251 279 95 280 248 280 251 280 95 281 250 281 94 281 250 106 252 106 94 106 94 282 252 282 253 282 254 283 94 283 253 283 94 284 254 284 97 284 254 284 255 284 97 284 97 285 255 285 73 285 255 285 68 285 73 285 252 286 250 286 256 286 250 287 251 287 256 287 253 288 252 288 257 288 252 289 256 289 257 289 258 290 253 290 259 290 253 291 257 291 259 291 253 292 258 292 254 292 258 293 260 293 254 293 254 78 260 78 261 78 260 294 262 294 261 294 261 295 262 295 263 295 254 2 261 2 255 2 261 2 264 2 255 2 255 41 264 41 140 41 264 296 174 296 140 296 265 274 266 274 79 274 266 297 267 297 79 297 79 298 267 298 268 298 266 299 265 299 269 299 265 300 270 300 269 300 267 301 266 301 271 301 266 302 269 302 271 302 268 303 267 303 272 303 267 304 271 304 272 304 273 305 268 305 274 305 268 306 272 306 274 306 268 307 273 307 79 307 273 308 275 308 79 308 79 309 275 309 276 309 277 310 273 310 278 310 273 311 274 311 278 311 273 312 277 312 279 312 277 313 280 313 279 313 92 314 93 314 281 314 93 315 282 315 281 315 265 316 92 316 270 316 92 317 281 317 270 317 92 318 265 318 79 318 276 319 283 319 79 319 283 320 284 320 79 320 79 321 284 321 285 321 283 322 276 322 286 322 276 323 287 323 286 323 284 324 283 324 288 324 283 325 286 325 288 325 285 326 284 326 289 326 284 327 288 327 289 327 290 328 291 328 79 328 291 329 292 329 79 329 79 330 292 330 96 330 291 331 290 331 293 331 290 332 294 332 293 332 292 333 291 333 295 333 291 331 293 331 295 331 96 334 292 334 249 334 292 335 295 335 249 335 296 312 275 312 273 312 275 336 296 336 297 336 296 337 298 337 297 337 276 338 275 338 287 338 275 336 297 336 287 336 290 339 285 339 294 339 285 340 289 340 294 340 285 341 290 341 79 341 260 342 258 342 299 342 258 343 259 343 299 343 262 344 260 344 300 344 260 345 299 345 300 345 301 346 261 346 302 346 261 347 303 347 302 347 261 41 301 41 264 41 301 2 304 2 264 2 264 348 304 348 26 348 304 349 5 349 26 349 26 27 5 27 0 27 263 350 262 350 305 350 262 344 300 344 305 344 306 351 263 351 307 351 263 352 305 352 307 352 263 353 306 353 261 353 306 354 303 354 261 354 303 355 306 355 308 355 306 356 307 356 308 356 302 357 303 357 309 357 303 358 308 358 309 358 310 359 302 359 311 359 302 360 309 360 311 360 302 361 310 361 277 361 310 362 312 362 277 362 277 363 312 363 313 363 314 78 301 78 302 78 301 2 314 2 304 2 314 3 7 3 304 3 304 2 7 2 5 2 315 364 316 364 302 364 316 365 317 365 302 365 302 366 317 366 314 366 317 367 9 367 314 367 316 368 315 368 318 368 315 369 319 369 318 369 317 370 316 370 320 370 316 371 318 371 320 371 321 372 317 372 322 372 317 373 320 373 322 373 317 374 321 374 9 374 321 375 323 375 9 375 9 376 323 376 324 376 277 377 315 377 302 377 315 378 277 378 319 378 277 379 278 379 319 379 312 380 310 380 325 380 310 381 311 381 325 381 314 15 9 15 7 15 313 382 312 382 326 382 312 383 325 383 326 383 327 384 296 384 273 384 296 385 327 385 298 385 327 386 328 386 298 386 329 387 313 387 330 387 313 388 326 388 330 388 313 389 329 389 277 389 329 390 331 390 277 390 277 391 331 391 332 391 333 392 327 392 273 392 327 393 333 393 328 393 333 394 334 394 328 394 331 395 329 395 335 395 329 396 330 396 335 396 336 274 333 274 273 274 333 397 336 397 334 397 336 398 337 398 334 398 332 399 331 399 338 399 331 400 335 400 338 400 339 346 336 346 273 346 336 401 339 401 337 401 339 402 340 402 337 402 280 403 332 403 341 403 332 404 338 404 341 404 332 405 280 405 277 405 342 406 339 406 273 406 339 407 342 407 340 407 342 408 343 408 340 408 279 409 280 409 344 409 280 410 341 410 344 410 345 411 342 411 273 411 342 412 345 412 343 412 345 413 346 413 343 413 347 414 279 414 348 414 279 415 344 415 348 415 279 365 347 365 273 365 347 416 345 416 273 416 345 417 347 417 346 417 347 418 348 418 346 418 10 419 9 419 349 419 9 420 350 420 349 420 324 421 323 421 351 421 323 422 352 422 351 422 353 423 324 423 354 423 324 424 351 424 354 424 324 425 353 425 9 425 353 426 355 426 9 426 9 427 355 427 356 427 355 428 353 428 357 428 353 429 354 429 357 429 323 430 321 430 352 430 321 431 322 431 352 431 356 432 355 432 358 432 355 433 357 433 358 433 359 434 356 434 360 434 356 435 358 435 360 435 356 436 359 436 9 436 359 437 350 437 9 437 350 438 359 438 361 438 359 439 360 439 361 439 349 440 350 440 362 440 350 441 361 441 362 441 363 442 349 442 364 442 349 443 362 443 364 443 349 444 363 444 10 444 363 445 365 445 10 445 10 446 365 446 366 446 365 447 363 447 367 447 363 448 364 448 367 448 368 449 93 449 89 449 93 450 368 450 282 450 368 451 369 451 282 451 366 452 365 452 370 452 365 453 367 453 370 453 371 454 368 454 89 454 368 455 371 455 369 455 371 456 372 456 369 456 373 457 366 457 374 457 366 458 370 458 374 458 366 459 373 459 10 459 373 460 247 460 10 460 375 461 371 461 89 461 371 462 375 462 372 462 375 463 376 463 372 463 247 464 373 464 377 464 373 465 374 465 377 465 378 466 375 466 89 466 375 463 378 463 376 463 378 467 379 467 376 467 246 468 247 468 380 468 247 469 377 469 380 469 381 470 378 470 89 470 378 471 381 471 379 471 381 472 382 472 379 472 383 473 246 473 384 473 246 474 380 474 384 474 246 475 383 475 117 475 383 346 119 346 117 346 385 476 381 476 89 476 381 477 385 477 382 477 385 478 386 478 382 478 119 479 383 479 387 479 383 480 384 480 387 480 388 481 385 481 89 481 385 482 388 482 386 482 388 483 389 483 386 483 118 484 119 484 390 484 119 479 387 479 390 479 118 485 388 485 89 485 388 486 118 486 389 486 118 487 390 487 389 487 232 488 239 488 233 488 233 489 239 489 391 489 239 490 392 490 391 490 241 14 233 14 393 14 233 491 394 491 393 491 233 44 241 44 395 44 241 492 396 492 395 492 239 14 240 14 397 14 240 493 398 493 397 493 391 494 392 494 399 494 392 495 400 495 399 495 401 496 391 496 402 496 391 497 399 497 402 497 391 14 401 14 233 14 401 498 403 498 233 498 233 499 403 499 404 499 34 500 240 500 405 500 240 501 406 501 405 501 240 14 34 14 407 14 34 502 408 502 407 502 397 503 398 503 409 503 398 504 410 504 409 504 392 505 397 505 400 505 397 506 409 506 400 506 397 14 392 14 239 14 411 507 412 507 233 507 412 508 413 508 233 508 233 509 413 509 414 509 412 510 411 510 415 510 411 511 416 511 415 511 413 512 412 512 417 512 412 513 415 513 417 513 414 514 413 514 418 514 413 515 417 515 418 515 419 516 414 516 420 516 414 517 418 517 420 517 414 14 419 14 233 14 419 14 421 14 233 14 233 518 421 518 394 518 421 519 419 519 422 519 419 520 420 520 422 520 394 521 421 521 423 521 421 522 422 522 423 522 403 523 401 523 424 523 401 524 402 524 424 524 404 525 403 525 425 525 403 526 424 526 425 526 426 527 404 527 427 527 404 528 425 528 427 528 404 529 426 529 233 529 426 530 428 530 233 530 233 531 428 531 429 531 428 532 426 532 430 532 426 533 427 533 430 533 393 534 394 534 431 534 394 535 423 535 431 535 432 536 393 536 433 536 393 537 431 537 433 537 393 14 432 14 241 14 432 538 434 538 241 538 241 539 434 539 435 539 244 14 241 14 436 14 241 540 437 540 436 540 436 541 437 541 438 541 429 542 428 542 439 542 428 543 430 543 439 543 440 544 429 544 441 544 429 545 439 545 441 545 429 14 440 14 233 14 440 14 442 14 233 14 233 546 442 546 443 546 442 547 440 547 444 547 440 548 441 548 444 548 443 549 442 549 445 549 442 550 444 550 445 550 446 551 443 551 447 551 443 552 445 552 447 552 443 14 446 14 233 14 446 14 448 14 233 14 233 553 448 553 411 553 449 554 446 554 450 554 446 555 447 555 450 555 446 14 449 14 451 14 449 556 452 556 451 556 451 557 452 557 453 557 454 14 448 14 446 14 448 558 454 558 455 558 454 559 456 559 455 559 411 560 448 560 416 560 448 561 455 561 416 561 34 14 14 14 457 14 14 562 458 562 457 562 407 563 408 563 459 563 408 564 460 564 459 564 398 565 407 565 410 565 407 566 459 566 410 566 407 14 398 14 240 14 461 14 462 14 34 14 462 567 463 567 34 567 34 568 463 568 408 568 462 569 461 569 464 569 461 570 465 570 464 570 463 571 462 571 466 571 462 572 464 572 466 572 408 573 463 573 460 573 463 574 466 574 460 574 14 14 15 14 467 14 15 575 468 575 467 575 457 576 458 576 469 576 458 577 470 577 469 577 461 578 457 578 465 578 457 579 469 579 465 579 457 14 461 14 34 14 451 580 471 580 446 580 471 14 472 14 446 14 446 581 472 581 454 581 471 582 451 582 473 582 451 583 474 583 473 583 472 584 471 584 475 584 471 585 473 585 475 585 454 586 472 586 456 586 472 587 475 587 456 587 476 588 451 588 52 588 451 14 15 14 52 14 451 589 476 589 474 589 476 590 477 590 474 590 452 591 449 591 478 591 449 592 450 592 478 592 479 14 458 14 14 14 458 593 479 593 470 593 479 594 480 594 470 594 453 595 452 595 481 595 452 596 478 596 481 596 482 14 479 14 14 14 479 396 482 396 480 396 482 597 483 597 480 597 484 598 453 598 485 598 453 599 481 599 485 599 453 14 484 14 451 14 484 14 486 14 451 14 451 600 486 600 487 600 488 14 482 14 14 14 482 601 488 601 483 601 488 602 489 602 483 602 486 603 484 603 490 603 484 604 485 604 490 604 491 605 488 605 14 605 488 606 491 606 489 606 491 607 492 607 489 607 487 608 486 608 493 608 486 609 490 609 493 609 494 14 491 14 14 14 491 610 494 610 492 610 494 611 495 611 492 611 496 612 487 612 497 612 487 613 493 613 497 613 487 614 496 614 451 614 496 14 498 14 451 14 451 14 498 14 15 14 498 14 468 14 15 14 467 615 494 615 14 615 494 616 467 616 495 616 467 617 499 617 495 617 498 618 496 618 500 618 496 619 497 619 500 619 467 620 468 620 499 620 468 621 501 621 499 621 468 622 498 622 501 622 498 623 500 623 501 623 436 624 52 624 47 624 52 3 45 3 47 3 52 14 436 14 502 14 436 625 503 625 502 625 504 14 505 14 52 14 505 14 506 14 52 14 52 626 506 626 476 626 505 627 504 627 507 627 504 628 508 628 507 628 506 629 505 629 509 629 505 630 507 630 509 630 476 631 506 631 477 631 506 632 509 632 477 632 510 633 504 633 52 633 504 634 510 634 508 634 510 635 511 635 508 635 244 636 436 636 512 636 436 637 513 637 512 637 502 638 503 638 514 638 503 639 515 639 514 639 510 640 502 640 511 640 502 641 514 641 511 641 502 14 510 14 52 14 516 642 503 642 436 642 503 643 516 643 515 643 516 644 517 644 515 644 434 645 432 645 518 645 432 646 433 646 518 646 519 14 516 14 436 14 516 647 519 647 517 647 519 648 520 648 517 648 435 649 434 649 521 649 434 650 518 650 521 650 522 14 519 14 436 14 519 651 522 651 520 651 522 652 523 652 520 652 524 653 435 653 525 653 435 654 521 654 525 654 435 14 524 14 241 14 524 655 526 655 241 655 241 656 526 656 527 656 528 14 522 14 436 14 522 657 528 657 523 657 528 658 529 658 523 658 526 659 524 659 530 659 524 660 525 660 530 660 531 661 528 661 436 661 528 662 531 662 529 662 531 663 532 663 529 663 527 664 526 664 533 664 526 665 530 665 533 665 438 14 531 14 436 14 531 666 438 666 532 666 438 667 534 667 532 667 535 668 527 668 536 668 527 669 533 669 536 669 527 670 535 670 241 670 535 14 537 14 241 14 241 671 537 671 538 671 438 672 437 672 534 672 437 673 539 673 534 673 537 674 535 674 540 674 535 675 536 675 540 675 538 14 437 14 241 14 437 676 538 676 539 676 538 677 541 677 539 677 538 678 537 678 541 678 537 679 540 679 541 679 64 680 244 680 542 680 244 681 543 681 542 681 544 682 545 682 31 682 545 683 546 683 31 683 31 684 546 684 547 684 545 685 544 685 548 685 544 686 549 686 548 686 546 687 545 687 550 687 545 688 548 688 550 688 550 689 548 689 436 689 548 690 549 690 436 690 436 691 549 691 551 691 552 692 550 692 47 692 550 693 436 693 47 693 550 694 552 694 546 694 552 695 547 695 546 695 553 696 552 696 47 696 552 697 553 697 547 697 553 698 554 698 547 698 555 44 544 44 556 44 544 699 31 699 556 699 556 700 31 700 557 700 31 701 558 701 557 701 544 702 555 702 549 702 555 703 551 703 549 703 547 704 554 704 31 704 554 705 559 705 31 705 31 706 559 706 560 706 561 707 553 707 47 707 553 698 561 698 554 698 561 708 559 708 554 708 562 44 555 44 556 44 555 709 562 709 551 709 562 710 563 710 551 710 564 711 561 711 47 711 561 712 564 712 559 712 564 713 560 713 559 713 551 714 563 714 436 714 563 715 565 715 436 715 436 716 565 716 566 716 567 44 562 44 556 44 562 717 567 717 563 717 567 718 565 718 563 718 568 719 564 719 47 719 564 720 568 720 560 720 568 721 237 721 560 721 569 44 567 44 570 44 567 722 556 722 570 722 567 723 569 723 565 723 569 724 566 724 565 724 560 725 237 725 31 725 571 726 568 726 47 726 568 727 571 727 237 727 571 728 236 728 237 728 572 44 569 44 233 44 569 729 573 729 233 729 233 730 573 730 574 730 569 731 572 731 566 731 572 732 575 732 566 732 576 733 571 733 47 733 571 734 576 734 236 734 576 735 577 735 236 735 566 24 575 24 436 24 575 736 513 736 436 736 578 44 572 44 233 44 572 737 578 737 575 737 578 738 513 738 575 738 236 739 577 739 30 739 577 740 579 740 30 740 30 741 579 741 580 741 581 742 576 742 47 742 576 743 581 743 577 743 581 744 579 744 577 744 395 44 578 44 233 44 578 745 395 745 513 745 395 746 512 746 513 746 582 747 581 747 47 747 581 748 582 748 579 748 582 749 580 749 579 749 395 750 396 750 512 750 396 751 583 751 512 751 65 752 582 752 47 752 582 753 65 753 580 753 65 754 584 754 580 754 512 755 583 755 244 755 583 756 585 756 244 756 244 757 585 757 586 757 587 44 396 44 241 44 396 758 587 758 583 758 587 759 585 759 583 759 580 760 584 760 30 760 584 761 588 761 30 761 30 762 588 762 589 762 65 763 66 763 584 763 66 764 588 764 584 764 590 44 587 44 241 44 587 765 590 765 585 765 590 766 586 766 585 766 591 767 66 767 64 767 66 768 591 768 588 768 591 769 589 769 588 769 592 44 590 44 241 44 590 770 592 770 586 770 592 771 593 771 586 771 594 772 591 772 64 772 591 773 594 773 589 773 594 774 595 774 589 774 586 775 593 775 244 775 593 776 596 776 244 776 244 777 596 777 597 777 598 44 592 44 241 44 592 778 598 778 593 778 598 779 596 779 593 779 589 780 595 780 30 780 595 781 599 781 30 781 30 782 599 782 600 782 601 783 594 783 64 783 594 774 601 774 595 774 601 784 599 784 595 784 602 44 598 44 241 44 598 785 602 785 596 785 602 786 597 786 596 786 603 787 601 787 64 787 601 788 603 788 599 788 603 789 600 789 599 789 604 790 602 790 241 790 602 791 604 791 597 791 604 792 543 792 597 792 605 793 603 793 64 793 603 789 605 789 600 789 605 794 243 794 600 794 597 795 543 795 244 795 606 44 604 44 241 44 604 796 606 796 543 796 606 797 542 797 543 797 600 798 243 798 30 798 607 799 605 799 64 799 605 800 607 800 243 800 607 801 242 801 243 801 608 802 606 802 241 802 606 803 608 803 542 803 608 804 609 804 542 804 609 805 607 805 64 805 607 806 609 806 242 806 609 807 608 807 242 807 542 808 609 808 64 808 242 44 608 44 241 44 85 809 82 809 49 809 82 810 83 810 49 810 49 811 83 811 150 811 88 812 85 812 49 812 100 813 88 813 245 813 88 814 49 814 245 814 245 2 49 2 75 2 49 41 74 41 75 41 102 815 100 815 245 815 105 816 102 816 245 816 106 817 105 817 245 817 107 818 106 818 245 818 150 819 149 819 49 819 149 820 147 820 49 820 49 821 147 821 148 821 108 822 107 822 245 822 110 823 108 823 245 823 199 824 110 824 245 824 148 825 152 825 49 825 152 826 153 826 49 826 49 63 153 63 116 63 153 827 154 827 116 827 116 828 154 828 202 828 200 829 199 829 245 829 209 830 204 830 115 830 212 831 209 831 115 831 202 832 208 832 116 832 208 833 211 833 116 833 116 834 211 834 214 834 216 835 212 835 115 835 221 836 216 836 115 836 224 837 221 837 115 837 214 838 220 838 116 838 220 839 223 839 116 839 116 840 223 840 226 840 227 841 224 841 115 841 230 842 227 842 115 842 229 843 230 843 115 843 120 844 121 844 68 844 121 845 164 845 68 845 68 846 164 846 162 846 123 847 120 847 68 847 126 848 123 848 68 848 129 849 126 849 255 849 126 850 68 850 255 850 131 851 129 851 255 851 134 852 131 852 255 852 135 853 134 853 255 853 162 854 160 854 68 854 160 855 159 855 68 855 68 856 159 856 70 856 136 857 135 857 255 857 137 793 136 793 255 793 138 858 137 858 255 858 140 859 138 859 255 859 69 27 172 27 26 27 172 860 171 860 26 860 26 861 171 861 168 861 177 862 174 862 264 862 178 40 177 40 264 40 168 863 165 863 26 863 165 864 166 864 26 864 26 865 166 865 180 865 182 866 178 866 264 866 187 867 182 867 264 867 190 868 187 868 264 868 180 869 186 869 26 869 186 870 189 870 26 870 26 871 189 871 192 871 194 872 190 872 264 872 198 873 194 873 264 873 197 874 198 874 264 874 192 875 197 875 26 875 197 876 264 876 26 876 234 877 610 877 31 877 610 878 611 878 31 878 31 879 611 879 612 879 610 880 234 880 613 880 234 881 614 881 613 881 611 882 610 882 615 882 610 883 613 883 615 883 615 884 613 884 240 884 613 885 614 885 240 885 240 886 614 886 616 886 617 887 615 887 238 887 615 888 240 888 238 888 615 889 617 889 611 889 617 890 612 890 611 890 618 891 617 891 238 891 617 892 618 892 612 892 618 893 619 893 612 893 234 894 235 894 614 894 235 895 616 895 614 895 612 896 619 896 31 896 619 897 620 897 31 897 31 898 620 898 621 898 622 899 618 899 238 899 618 893 622 893 619 893 622 900 620 900 619 900 623 901 235 901 233 901 235 902 623 902 616 902 623 903 624 903 616 903 625 904 622 904 238 904 622 905 625 905 620 905 625 906 621 906 620 906 616 907 624 907 240 907 624 34 626 34 240 34 240 908 626 908 627 908 628 909 623 909 233 909 623 910 628 910 624 910 628 911 626 911 624 911 629 912 625 912 238 912 625 913 629 913 621 913 629 914 630 914 621 914 631 44 628 44 233 44 628 915 631 915 626 915 631 916 627 916 626 916 621 917 630 917 31 917 630 918 558 918 31 918 632 919 629 919 238 919 629 920 632 920 630 920 632 921 558 921 630 921 633 44 631 44 233 44 631 922 633 922 627 922 633 923 406 923 627 923 634 924 632 924 238 924 632 921 634 921 558 921 634 925 557 925 558 925 627 38 406 38 240 38 635 44 633 44 233 44 633 926 635 926 406 926 635 927 405 927 406 927 636 928 634 928 238 928 634 929 636 929 557 929 636 930 556 930 557 930 637 44 635 44 233 44 635 931 637 931 405 931 637 932 638 932 405 932 639 933 636 933 238 933 636 930 639 930 556 930 639 934 570 934 556 934 405 935 638 935 34 935 638 936 640 936 34 936 34 937 640 937 641 937 642 44 637 44 233 44 637 938 642 938 638 938 642 939 640 939 638 939 643 940 639 940 27 940 639 941 238 941 27 941 27 6 238 6 29 6 639 942 643 942 570 942 643 943 644 943 570 943 574 944 642 944 233 944 642 945 574 945 640 945 574 946 641 946 640 946 570 44 644 44 569 44 644 44 645 44 569 44 569 947 645 947 646 947 647 948 643 948 27 948 643 949 647 949 644 949 647 950 645 950 644 950 574 951 573 951 641 951 573 952 648 952 641 952 649 953 647 953 27 953 647 954 649 954 645 954 649 955 646 955 645 955 641 956 648 956 34 956 648 957 650 957 34 957 34 958 650 958 651 958 652 44 573 44 569 44 573 959 652 959 648 959 652 960 650 960 648 960 653 961 649 961 27 961 649 962 653 962 646 962 653 963 654 963 646 963 655 44 652 44 569 44 652 964 655 964 650 964 655 965 651 965 650 965 646 44 654 44 569 44 654 966 656 966 569 966 569 967 656 967 657 967 658 968 653 968 27 968 653 969 658 969 654 969 658 970 656 970 654 970 659 44 655 44 569 44 655 971 659 971 651 971 659 972 660 972 651 972 661 973 658 973 27 973 658 974 661 974 656 974 661 975 657 975 656 975 651 976 660 976 34 976 660 977 662 977 34 977 34 978 662 978 663 978 664 979 659 979 569 979 659 980 664 980 660 980 664 981 662 981 660 981 665 982 661 982 27 982 661 975 665 975 657 975 665 983 666 983 657 983 667 44 664 44 569 44 664 984 667 984 662 984 667 985 663 985 662 985 657 44 666 44 569 44 666 44 668 44 569 44 569 986 668 986 669 986 670 987 665 987 27 987 665 988 670 988 666 988 670 989 668 989 666 989 669 44 667 44 569 44 667 990 669 990 663 990 669 991 671 991 663 991 671 992 670 992 27 992 670 993 671 993 668 993 671 994 669 994 668 994 663 995 671 995 27 995 425 14 424 14 672 14 424 14 402 14 672 14 672 996 402 996 399 996 427 14 425 14 672 14 399 14 400 14 672 14 400 14 409 14 672 14 672 14 409 14 410 14 430 14 427 14 672 14 439 14 430 14 672 14 441 14 439 14 672 14 410 14 459 14 672 14 459 14 460 14 672 14 672 997 460 997 466 997 444 998 441 998 672 998 445 14 444 14 672 14 447 14 445 14 672 14 466 14 464 14 672 14 464 14 465 14 672 14 672 999 465 999 469 999 450 14 447 14 672 14 478 14 450 14 672 14 481 14 478 14 672 14 469 14 470 14 672 14 470 1000 480 1000 672 1000 672 14 480 14 483 14 485 14 481 14 672 14 490 1001 485 1001 672 1001 493 1002 490 1002 672 1002 483 14 489 14 672 14 489 14 492 14 672 14 672 1003 492 1003 495 1003 497 14 493 14 672 14 500 14 497 14 672 14 501 14 500 14 672 14 495 14 499 14 672 14 499 14 501 14 672 14 416 14 455 14 673 14 455 14 456 14 673 14 673 1004 456 1004 475 1004 415 14 416 14 673 14 475 14 473 14 673 14 473 14 474 14 673 14 673 14 474 14 477 14 417 14 415 14 673 14 418 14 417 14 673 14 420 14 418 14 673 14 477 14 509 14 673 14 509 14 507 14 673 14 673 1005 507 1005 508 1005 422 1006 420 1006 673 1006 423 14 422 14 673 14 431 14 423 14 673 14 508 14 511 14 673 14 511 14 514 14 673 14 673 1007 514 1007 515 1007 433 14 431 14 673 14 518 14 433 14 673 14 521 14 518 14 673 14 515 14 517 14 673 14 517 1008 520 1008 673 1008 673 14 520 14 523 14 525 14 521 14 673 14 530 1009 525 1009 673 1009 533 1010 530 1010 673 1010 523 14 529 14 673 14 529 14 532 14 673 14 673 1011 532 1011 534 1011 536 14 533 14 673 14 540 14 536 14 673 14 541 14 540 14 673 14 534 14 539 14 673 14 539 14 541 14 673 14 256 11 251 11 674 11 251 1012 248 1012 674 1012 674 1013 248 1013 249 1013 257 11 256 11 674 11 259 1014 257 1014 674 1014 299 1015 259 1015 674 1015 300 1016 299 1016 674 1016 249 1017 295 1017 674 1017 295 1018 293 1018 674 1018 674 1019 293 1019 294 1019 305 11 300 11 674 11 307 11 305 11 674 11 308 11 307 11 674 11 294 1020 289 1020 674 1020 289 1021 288 1021 674 1021 674 1022 288 1022 286 1022 309 1023 308 1023 674 1023 311 11 309 11 674 11 325 11 311 11 674 11 286 1024 287 1024 674 1024 287 1025 297 1025 674 1025 674 1026 297 1026 298 1026 326 11 325 11 674 11 330 11 326 11 674 11 335 11 330 11 674 11 298 1027 328 1027 674 1027 328 1028 334 1028 674 1028 674 1029 334 1029 337 1029 338 11 335 11 674 11 341 11 338 11 674 11 344 1030 341 1030 674 1030 337 1031 340 1031 674 1031 340 1032 343 1032 674 1032 674 11 343 11 346 11 348 1033 344 1033 674 1033 346 11 348 11 674 11 322 11 320 11 675 11 320 1034 318 1034 675 1034 675 1035 318 1035 319 1035 352 11 322 11 675 11 351 1036 352 1036 675 1036 354 1037 351 1037 675 1037 357 1038 354 1038 675 1038 319 1039 278 1039 675 1039 278 1040 274 1040 675 1040 675 1041 274 1041 272 1041 358 11 357 11 675 11 360 11 358 11 675 11 361 11 360 11 675 11 272 1042 271 1042 675 1042 271 1043 269 1043 675 1043 675 1044 269 1044 270 1044 362 1045 361 1045 675 1045 364 11 362 11 675 11 367 11 364 11 675 11 270 1046 281 1046 675 1046 281 1047 282 1047 675 1047 675 1048 282 1048 369 1048 370 11 367 11 675 11 374 11 370 11 675 11 377 11 374 11 675 11 369 1049 372 1049 675 1049 372 1050 376 1050 675 1050 675 1051 376 1051 379 1051 380 11 377 11 675 11 384 11 380 11 675 11 387 1052 384 1052 675 1052 379 1053 382 1053 675 1053 382 1054 386 1054 675 1054 675 11 386 11 389 11 390 1055 387 1055 675 1055 389 11 390 11 675 11 55 14 20 14 22 14 10 1 245 1 8 1 27 1056 34 1056 663 1056 245 41 75 41 8 41 676 1057 677 1057 678 1057 677 14 679 14 678 14 677 1058 676 1058 680 1058 676 1059 681 1059 680 1059 682 1060 677 1060 683 1060 677 1061 680 1061 683 1061 677 1062 682 1062 679 1062 682 1063 684 1063 679 1063 679 1064 684 1064 685 1064 684 1065 682 1065 686 1065 682 1066 683 1066 686 1066 687 1067 679 1067 688 1067 679 1068 689 1068 688 1068 679 54 687 54 690 54 687 1069 691 1069 690 1069 679 1070 690 1070 692 1070 678 1071 679 1071 692 1071 678 1072 692 1072 693 1072 694 1073 678 1073 693 1073 678 1074 694 1074 695 1074 694 1075 696 1075 695 1075 685 1076 684 1076 697 1076 684 1077 686 1077 697 1077 698 1078 685 1078 699 1078 685 1079 697 1079 699 1079 685 1080 698 1080 679 1080 698 1081 700 1081 679 1081 679 1082 700 1082 701 1082 700 1083 698 1083 702 1083 698 1084 699 1084 702 1084 701 1085 700 1085 703 1085 700 1086 702 1086 703 1086 704 1087 701 1087 705 1087 701 1088 703 1088 705 1088 701 14 704 14 679 14 704 14 706 14 679 14 679 1089 706 1089 707 1089 706 1090 704 1090 708 1090 704 1091 705 1091 708 1091 709 1092 710 1092 679 1092 710 1093 711 1093 679 1093 679 1094 711 1094 712 1094 710 1095 709 1095 713 1095 709 1096 714 1096 713 1096 711 1097 710 1097 715 1097 710 1098 713 1098 715 1098 712 1099 711 1099 716 1099 711 1100 715 1100 716 1100 689 1101 712 1101 717 1101 712 1102 716 1102 717 1102 712 1103 689 1103 679 1103 688 1104 689 1104 718 1104 689 1105 717 1105 718 1105 719 1106 688 1106 720 1106 688 1107 718 1107 720 1107 688 14 719 14 687 14 719 14 721 14 687 14 687 1108 721 1108 722 1108 694 14 687 14 723 14 687 1109 724 1109 723 1109 687 44 694 44 691 44 694 44 693 44 691 44 707 1110 706 1110 725 1110 706 1111 708 1111 725 1111 726 1112 707 1112 727 1112 707 1113 725 1113 727 1113 707 14 726 14 679 14 726 1114 728 1114 679 1114 679 1115 728 1115 709 1115 729 1116 726 1116 730 1116 726 1117 727 1117 730 1117 726 1118 729 1118 731 1118 729 1119 732 1119 731 1119 733 1120 728 1120 726 1120 728 1121 733 1121 734 1121 733 1122 735 1122 734 1122 709 1123 728 1123 714 1123 728 1124 734 1124 714 1124 721 1125 719 1125 736 1125 719 1126 720 1126 736 1126 722 1127 721 1127 737 1127 721 1128 736 1128 737 1128 738 1129 722 1129 739 1129 722 1130 737 1130 739 1130 722 14 738 14 687 14 738 14 740 14 687 14 687 1131 740 1131 741 1131 740 1132 738 1132 742 1132 738 1133 739 1133 742 1133 741 1134 740 1134 743 1134 740 1135 742 1135 743 1135 744 1136 741 1136 745 1136 741 1137 743 1137 745 1137 741 1138 744 1138 687 1138 744 1139 746 1139 687 1139 687 1140 746 1140 724 1140 746 1141 744 1141 747 1141 744 1136 745 1136 747 1136 724 1142 746 1142 748 1142 746 1143 747 1143 748 1143 723 1144 724 1144 749 1144 724 1145 748 1145 749 1145 750 1146 723 1146 751 1146 723 1147 749 1147 751 1147 723 14 750 14 694 14 750 14 752 14 694 14 694 1148 752 1148 753 1148 754 1149 755 1149 726 1149 755 1150 756 1150 726 1150 726 1151 756 1151 757 1151 755 1152 754 1152 758 1152 754 1153 759 1153 758 1153 756 1154 755 1154 760 1154 755 1152 758 1152 760 1152 757 1155 756 1155 761 1155 756 1156 760 1156 761 1156 762 1157 757 1157 763 1157 757 1158 761 1158 763 1158 757 1159 762 1159 726 1159 762 1160 764 1160 726 1160 726 1161 764 1161 765 1161 764 1162 762 1162 766 1162 762 1163 763 1163 766 1163 765 1164 764 1164 767 1164 764 1165 766 1165 767 1165 733 1166 765 1166 735 1166 765 1167 767 1167 735 1167 765 1168 733 1168 726 1168 768 1169 729 1169 769 1169 729 1116 730 1116 769 1116 729 1170 768 1170 732 1170 768 1171 770 1171 732 1171 732 1172 770 1172 771 1172 731 1173 732 1173 772 1173 732 1174 773 1174 772 1174 754 1175 731 1175 759 1175 731 1176 772 1176 759 1176 731 1177 754 1177 726 1177 770 1178 768 1178 774 1178 768 1179 769 1179 774 1179 775 14 732 14 694 14 732 1180 776 1180 694 1180 694 1181 776 1181 777 1181 732 1182 775 1182 773 1182 775 1183 778 1183 773 1183 771 1184 770 1184 779 1184 770 1185 774 1185 779 1185 780 1186 771 1186 781 1186 771 1187 779 1187 781 1187 771 1188 780 1188 732 1188 780 1189 782 1189 732 1189 732 1190 782 1190 783 1190 782 1191 780 1191 784 1191 780 1192 781 1192 784 1192 783 1193 782 1193 785 1193 782 1194 784 1194 785 1194 776 1195 783 1195 786 1195 783 1196 785 1196 786 1196 783 1197 776 1197 732 1197 777 1198 776 1198 787 1198 776 1199 786 1199 787 1199 788 1200 777 1200 789 1200 777 1201 787 1201 789 1201 777 1202 788 1202 694 1202 788 1203 790 1203 694 1203 694 1204 790 1204 791 1204 752 1205 750 1205 792 1205 750 1206 751 1206 792 1206 790 1207 788 1207 793 1207 788 1208 789 1208 793 1208 753 1209 752 1209 794 1209 752 1210 792 1210 794 1210 795 1211 676 1211 678 1211 676 1212 795 1212 681 1212 795 1213 796 1213 681 1213 791 1214 790 1214 797 1214 790 1215 793 1215 797 1215 798 1216 753 1216 799 1216 753 1217 794 1217 799 1217 753 14 798 14 694 14 798 1218 800 1218 694 1218 694 1219 800 1219 801 1219 802 1220 795 1220 678 1220 795 1221 802 1221 796 1221 802 1222 803 1222 796 1222 804 1223 791 1223 805 1223 791 1224 797 1224 805 1224 791 1225 804 1225 694 1225 804 1226 696 1226 694 1226 800 1227 798 1227 806 1227 798 1228 799 1228 806 1228 807 14 802 14 678 14 802 1229 807 1229 803 1229 807 1230 808 1230 803 1230 696 1231 804 1231 809 1231 804 1232 805 1232 809 1232 801 1233 800 1233 810 1233 800 1234 806 1234 810 1234 811 14 807 14 678 14 807 1235 811 1235 808 1235 811 1236 812 1236 808 1236 695 1237 696 1237 813 1237 696 1238 809 1238 813 1238 814 1239 801 1239 815 1239 801 1240 810 1240 815 1240 801 14 814 14 694 14 814 14 816 14 694 14 694 1241 816 1241 775 1241 817 14 811 14 678 14 811 1242 817 1242 812 1242 817 1243 818 1243 812 1243 819 1244 695 1244 820 1244 695 1245 813 1245 820 1245 695 14 819 14 678 14 819 14 821 14 678 14 678 14 821 14 822 14 816 1246 814 1246 823 1246 814 1247 815 1247 823 1247 824 14 817 14 678 14 817 1248 824 1248 818 1248 824 1249 825 1249 818 1249 821 1250 819 1250 826 1250 819 1251 820 1251 826 1251 775 1252 816 1252 778 1252 816 1246 823 1246 778 1246 822 14 824 14 678 14 824 1253 822 1253 825 1253 822 1254 827 1254 825 1254 822 1255 821 1255 827 1255 821 1256 826 1256 827 1256 828 11 829 11 717 11 829 1257 718 1257 717 1257 829 1258 828 1258 830 1258 828 44 831 44 830 44 829 1259 830 1259 832 1259 833 1260 829 1260 832 1260 829 1261 833 1261 690 1261 833 1262 769 1262 690 1262 690 1263 769 1263 730 1263 833 1264 832 1264 834 1264 835 1265 833 1265 834 1265 833 11 835 11 789 11 835 1266 793 1266 789 1266 690 1267 691 1267 829 1267 691 11 737 11 829 11 829 1268 737 1268 736 1268 692 11 690 11 686 11 690 1269 697 1269 686 1269 691 11 693 11 792 11 693 1270 794 1270 792 1270 702 11 699 11 690 11 699 11 697 11 690 11 703 1271 702 1271 690 1271 705 11 703 11 690 11 727 1272 725 1272 690 1272 725 11 708 11 690 11 690 1273 708 1273 705 1273 730 11 727 11 690 11 686 11 683 11 692 11 683 11 680 11 692 11 692 1274 680 1274 681 1274 693 1275 692 1275 835 1275 692 11 825 11 835 11 835 1276 825 1276 827 1276 774 1277 769 1277 833 1277 749 11 748 11 691 11 748 11 747 11 691 11 691 1278 747 1278 745 1278 751 1279 749 1279 691 1279 745 11 743 11 691 11 743 11 742 11 691 11 691 1280 742 1280 739 1280 739 11 737 11 691 11 792 11 751 11 691 11 835 1281 834 1281 831 1281 828 21 835 21 831 21 835 1282 828 1282 693 1282 828 11 759 11 693 11 693 1283 759 1283 772 1283 789 11 787 11 833 11 787 11 786 11 833 11 833 1284 786 1284 785 1284 785 11 784 11 833 11 784 1285 781 1285 833 1285 833 1286 781 1286 779 1286 779 11 774 11 833 11 720 11 718 11 829 11 736 11 720 11 829 11 717 11 716 11 828 11 716 11 715 11 828 11 828 1287 715 1287 713 1287 713 11 714 11 828 11 714 11 734 11 828 11 828 1288 734 1288 735 1288 797 11 793 11 835 11 735 11 767 11 828 11 767 11 766 11 828 11 828 1289 766 1289 763 1289 799 1290 794 1290 693 1290 805 11 797 11 835 11 806 11 799 11 693 11 681 1291 796 1291 692 1291 796 11 803 11 692 11 692 1292 803 1292 808 1292 809 11 805 11 835 11 810 11 806 11 693 11 813 1293 809 1293 835 1293 763 11 761 11 828 11 761 11 760 11 828 11 828 1294 760 1294 758 1294 815 11 810 11 693 11 820 11 813 11 835 11 823 11 815 11 693 11 808 11 812 11 692 11 812 11 818 11 692 11 692 1295 818 1295 825 1295 826 11 820 11 835 11 778 11 823 11 693 11 827 1296 826 1296 835 1296 758 11 759 11 828 11 773 1279 778 1279 693 1279 772 11 773 11 693 11 830 1297 831 1297 834 1297 832 1297 830 1297 834 1297 836 1298 837 1298 838 1298 837 1298 839 1298 838 1298 837 1299 836 1299 840 1299 836 1300 841 1300 840 1300 840 1265 841 1265 842 1265 841 1265 843 1265 842 1265 842 1265 843 1265 844 1265 843 1265 845 1265 844 1265 844 1265 845 1265 846 1265 847 1265 837 1265 848 1265 837 1265 849 1265 848 1265 848 1265 849 1265 850 1265 849 1265 851 1265 850 1265 837 11 847 11 852 11 847 11 853 11 852 11 839 11 837 11 852 11 838 1301 839 1301 854 1301 839 1302 855 1302 854 1302 838 14 854 14 856 14 854 14 857 14 856 14 856 14 857 14 858 14 836 14 838 14 859 14 838 14 856 14 859 14 859 14 856 14 860 14 861 14 836 14 859 14 836 1303 861 1303 862 1303 861 1265 863 1265 862 1265 862 1265 863 1265 864 1265 863 1265 865 1265 864 1265 855 11 839 11 866 11 839 11 852 11 866 11 866 11 852 11 867 11 852 11 868 11 867 11 867 1304 868 1304 865 1304 868 11 864 11 865 11 869 14 859 14 860 14 859 44 869 44 852 44 869 44 868 44 852 44 859 21 852 21 853 21 861 21 859 21 853 21 853 1265 847 1265 848 1265 861 1265 853 1265 863 1265 853 1265 848 1265 863 1265 863 1265 848 1265 870 1265 848 1265 850 1265 870 1265 854 1305 855 1305 871 1305 840 1305 854 1305 871 1305 854 14 840 14 872 14 840 1306 871 1306 837 1306 871 1307 849 1307 837 1307 871 11 855 11 873 11 855 11 866 11 873 11 873 11 866 11 874 11 866 11 875 11 874 11 874 11 875 11 876 11 875 11 877 11 876 11 878 11 871 11 873 11 871 1265 878 1265 849 1265 878 1265 842 1265 849 1265 849 1265 842 1265 879 1265 842 1265 880 1265 879 1265 872 1265 840 1265 842 1265 879 21 858 21 876 21 858 21 874 21 876 21 858 14 879 14 880 14 858 44 857 44 874 44 857 44 873 44 874 44 876 1308 877 1308 881 1308 877 1265 882 1265 881 1265 881 1265 882 1265 883 1265 882 1309 884 1309 883 1309 883 1265 884 1265 885 1265 884 1265 886 1265 885 1265 885 1265 886 1265 887 1265 879 1265 876 1265 849 1265 876 1265 881 1265 849 1265 849 1265 881 1265 851 1265 881 1265 888 1265 851 1265 887 1310 889 1310 882 1310 889 1310 890 1310 882 1310 889 14 887 14 886 14 891 14 889 14 856 14 889 14 892 14 856 14 856 14 892 14 893 14 889 1311 891 1311 890 1311 891 1312 875 1312 890 1312 890 11 875 11 866 11 882 11 890 11 894 11 890 11 866 11 894 11 894 11 866 11 895 11 866 1313 896 1313 895 1313 884 11 882 11 894 11 887 1314 882 1314 877 1314 897 21 893 21 896 21 893 21 895 21 896 21 893 14 897 14 898 14 893 44 892 44 894 44 895 44 893 44 894 44 899 11 896 11 866 11 896 1265 899 1265 900 1265 897 1265 896 1265 883 1265 896 1265 900 1265 883 1265 883 1265 900 1265 901 1265 900 1315 902 1315 901 1315 898 1265 897 1265 885 1265 897 1265 883 1265 885 1265 903 54 864 54 869 54 864 54 868 54 869 54 864 1265 903 1265 862 1265 903 1265 904 1265 862 1265 862 1265 904 1265 905 1265 904 1316 906 1316 905 1316 903 14 869 14 907 14 869 14 860 14 907 14 907 14 860 14 908 14 903 1265 907 1265 904 1265 907 1265 908 1265 904 1265 904 1265 908 1265 909 1265 878 54 873 54 857 54 872 54 878 54 857 54 878 1265 872 1265 842 1265 872 14 857 14 854 14 910 14 891 14 880 14 891 14 858 14 880 14 891 1317 910 1317 877 1317 875 1317 891 1317 877 1317 877 1318 910 1318 887 1318 910 1265 885 1265 887 1265 910 1265 880 1265 911 1265 880 1265 842 1265 911 1265 911 1265 842 1265 844 1265 884 54 894 54 892 54 886 54 884 54 892 54 886 14 892 14 889 14 912 44 913 44 914 44 913 1319 915 1319 914 1319 914 44 915 44 916 44 915 1320 917 1320 916 1320 913 1321 912 1321 918 1321 912 1322 919 1322 918 1322 920 1323 913 1323 921 1323 913 1324 918 1324 921 1324 913 44 920 44 915 44 920 44 922 44 915 44 915 1325 922 1325 923 1325 922 1326 920 1326 924 1326 920 1327 921 1327 924 1327 925 44 915 44 926 44 915 1328 927 1328 926 1328 915 1329 925 1329 928 1329 925 1330 929 1330 928 1330 930 1331 915 1331 931 1331 915 1332 932 1332 931 1332 915 54 930 54 933 54 860 54 915 54 909 54 915 1333 933 1333 909 1333 915 44 860 44 934 44 860 1334 935 1334 934 1334 923 1335 922 1335 936 1335 922 1336 924 1336 936 1336 937 1337 923 1337 938 1337 923 1338 936 1338 938 1338 923 44 937 44 915 44 937 44 939 44 915 44 915 1339 939 1339 940 1339 939 1340 937 1340 941 1340 937 1341 938 1341 941 1341 940 1342 939 1342 942 1342 939 1343 941 1343 942 1343 927 1344 940 1344 943 1344 940 1345 942 1345 943 1345 940 44 927 44 915 44 926 1346 927 1346 944 1346 927 1347 943 1347 944 1347 945 1348 926 1348 946 1348 926 1349 944 1349 946 1349 926 44 945 44 925 44 945 1350 947 1350 925 1350 925 1351 947 1351 948 1351 856 44 925 44 949 44 925 1352 950 1352 949 1352 925 21 856 21 951 21 856 1353 952 1353 951 1353 953 21 925 21 951 21 925 1354 953 1354 954 1354 953 1355 955 1355 954 1355 934 1356 935 1356 956 1356 935 1357 957 1357 956 1357 958 1358 934 1358 959 1358 934 1359 956 1359 959 1359 934 44 958 44 915 44 958 44 960 44 915 44 915 1360 960 1360 961 1360 960 1361 958 1361 962 1361 958 1362 959 1362 962 1362 860 1363 856 1363 963 1363 856 1364 964 1364 963 1364 908 54 860 54 909 54 961 1365 960 1365 965 1365 960 1366 962 1366 965 1366 966 1367 961 1367 967 1367 961 1368 965 1368 967 1368 961 44 966 44 915 44 966 44 968 44 915 44 915 1369 968 1369 969 1369 968 1370 966 1370 970 1370 966 1371 967 1371 970 1371 969 1372 968 1372 971 1372 968 1373 970 1373 971 1373 917 1374 969 1374 972 1374 969 1375 971 1375 972 1375 969 44 917 44 915 44 916 1376 917 1376 973 1376 917 1377 972 1377 973 1377 914 1378 916 1378 974 1378 916 1379 973 1379 974 1379 975 1380 914 1380 976 1380 914 1381 974 1381 976 1381 914 44 975 44 977 44 975 1382 978 1382 977 1382 979 44 980 44 860 44 980 44 978 44 860 44 860 1383 978 1383 981 1383 978 1384 982 1384 981 1384 980 1385 979 1385 983 1385 979 1386 984 1386 983 1386 978 1387 980 1387 985 1387 980 1388 983 1388 985 1388 977 1389 978 1389 986 1389 978 1390 985 1390 986 1390 987 44 979 44 860 44 979 1391 987 1391 984 1391 987 1392 988 1392 984 1392 898 14 856 14 893 14 856 21 898 21 952 21 963 1393 964 1393 989 1393 964 1394 990 1394 989 1394 987 1395 963 1395 988 1395 963 1396 989 1396 988 1396 963 44 987 44 860 44 991 44 992 44 860 44 992 44 993 44 860 44 860 1397 993 1397 994 1397 992 1398 991 1398 906 1398 991 1399 905 1399 906 1399 993 1400 992 1400 995 1400 992 1401 906 1401 995 1401 994 1402 993 1402 996 1402 993 1403 995 1403 996 1403 997 1404 994 1404 998 1404 994 1405 996 1405 998 1405 994 44 997 44 860 44 997 44 999 44 860 44 860 1406 999 1406 935 1406 999 1407 997 1407 1000 1407 997 1408 998 1408 1000 1408 981 1409 982 1409 1001 1409 982 1410 1002 1410 1001 1410 1003 1411 981 1411 1004 1411 981 1412 1001 1412 1004 1412 981 44 1003 44 860 44 1003 44 1005 44 860 44 860 1413 1005 1413 1006 1413 1005 1414 1003 1414 1007 1414 1003 1415 1004 1415 1007 1415 1006 1416 1005 1416 1008 1416 1005 1417 1007 1417 1008 1417 935 1418 999 1418 957 1418 999 1419 1000 1419 957 1419 991 1420 1006 1420 905 1420 1006 1421 1008 1421 905 1421 1006 1422 991 1422 860 1422 977 1423 912 1423 914 1423 912 1424 977 1424 919 1424 977 1425 986 1425 919 1425 1009 1426 975 1426 1010 1426 975 1427 976 1427 1010 1427 975 44 1009 44 978 44 1009 44 1011 44 978 44 978 1428 1011 1428 1012 1428 1011 1429 1009 1429 1013 1429 1009 1430 1010 1430 1013 1430 1012 1431 1011 1431 1014 1431 1011 1432 1013 1432 1014 1432 1015 1433 982 1433 978 1433 982 1434 1015 1434 1002 1434 1015 1435 1016 1435 1002 1435 1017 1436 1012 1436 1018 1436 1012 1437 1014 1437 1018 1437 1012 1438 1017 1438 978 1438 1017 44 1019 44 978 44 978 1439 1019 1439 1020 1439 1021 1440 1015 1440 978 1440 1015 1441 1021 1441 1016 1441 1021 1442 1022 1442 1016 1442 1019 1443 1017 1443 1023 1443 1017 1444 1018 1444 1023 1444 1024 44 1021 44 978 44 1021 1445 1024 1445 1022 1445 1024 1446 1025 1446 1022 1446 1020 1447 1019 1447 1026 1447 1019 1448 1023 1448 1026 1448 1027 44 1024 44 978 44 1024 1449 1027 1449 1025 1449 1027 1450 1028 1450 1025 1450 1029 1451 1020 1451 1030 1451 1020 1452 1026 1452 1030 1452 1020 1453 1029 1453 978 1453 1029 44 1031 44 978 44 978 1454 1031 1454 1032 1454 1032 1455 1027 1455 978 1455 1027 1456 1032 1456 1028 1456 1032 1457 1033 1457 1028 1457 1031 1458 1029 1458 1034 1458 1029 1459 1030 1459 1034 1459 1032 1460 1031 1460 1033 1460 1031 1461 1034 1461 1033 1461 947 1462 945 1462 1035 1462 945 1463 946 1463 1035 1463 948 1464 947 1464 1036 1464 947 1465 1035 1465 1036 1465 1037 44 964 44 856 44 964 1466 1037 1466 990 1466 1037 1467 1038 1467 990 1467 1039 1468 948 1468 1040 1468 948 1469 1036 1469 1040 1469 948 1470 1039 1470 925 1470 1039 44 1041 44 925 44 925 1471 1041 1471 1042 1471 1043 1472 1037 1472 856 1472 1037 1473 1043 1473 1038 1473 1043 1474 1044 1474 1038 1474 1041 1475 1039 1475 1045 1475 1039 1476 1040 1476 1045 1476 1046 44 1043 44 856 44 1043 1477 1046 1477 1044 1477 1046 1478 1047 1478 1044 1478 1042 1479 1041 1479 1048 1479 1041 1480 1045 1480 1048 1480 1049 44 1046 44 856 44 1046 1481 1049 1481 1047 1481 1049 1482 1050 1482 1047 1482 1051 1483 1042 1483 1052 1483 1042 1484 1048 1484 1052 1484 1042 44 1051 44 925 44 1051 44 1053 44 925 44 925 1485 1053 1485 1054 1485 1055 44 1049 44 856 44 1049 1486 1055 1486 1050 1486 1055 1487 1056 1487 1050 1487 1053 1488 1051 1488 1057 1488 1051 1489 1052 1489 1057 1489 1058 44 1055 44 856 44 1055 1490 1058 1490 1056 1490 1058 1491 1059 1491 1056 1491 1054 1492 1053 1492 1060 1492 1053 1493 1057 1493 1060 1493 1061 44 1058 44 856 44 1058 1494 1061 1494 1059 1494 1061 1495 1062 1495 1059 1495 950 1496 1054 1496 1063 1496 1054 1497 1060 1497 1063 1497 1054 44 950 44 925 44 1064 44 1061 44 856 44 1061 1498 1064 1498 1062 1498 1064 1499 1065 1499 1062 1499 949 1500 950 1500 1066 1500 950 1501 1063 1501 1066 1501 949 1502 1064 1502 856 1502 1064 1503 949 1503 1065 1503 949 1504 1066 1504 1065 1504 1067 11 867 11 865 11 867 54 1067 54 1068 54 1069 1505 867 1505 1068 1505 867 44 1069 44 1070 44 1069 1506 1071 1506 1070 1506 866 44 867 44 1072 44 867 1507 1073 1507 1072 1507 1067 1265 865 1265 1068 1265 865 1265 1074 1265 1068 1265 1068 1265 1074 1265 1075 1265 1074 1265 1076 1265 1075 1265 1077 44 866 44 1078 44 866 1508 1079 1508 1078 1508 866 21 1077 21 900 21 1077 21 1080 21 900 21 899 21 866 21 900 21 951 1265 952 1265 1065 1265 952 1509 1062 1509 1065 1509 953 1265 951 1265 1081 1265 951 1265 1040 1265 1081 1265 1081 1510 1040 1510 1036 1510 846 1265 953 1265 1081 1265 953 1511 846 1511 1082 1511 846 1512 1083 1512 1082 1512 952 1265 898 1265 885 1265 931 1513 932 1513 1084 1513 932 1514 1085 1514 1084 1514 1086 1515 931 1515 1087 1515 931 1516 1084 1516 1087 1516 931 1517 1086 1517 930 1517 1086 1518 1088 1518 930 1518 930 1519 1088 1519 1089 1519 1090 1520 930 1520 1089 1520 930 1265 1090 1265 933 1265 1090 1265 1091 1265 933 1265 933 1265 1091 1265 909 1265 1091 1265 904 1265 909 1265 1088 1521 1086 1521 1092 1521 1086 1522 1087 1522 1092 1522 1089 1523 1088 1523 1093 1523 1088 1524 1092 1524 1093 1524 1094 1525 1089 1525 1095 1525 1089 1526 1093 1526 1095 1526 1089 1527 1094 1527 1090 1527 1094 1528 1096 1528 1090 1528 1090 1529 1096 1529 1097 1529 1096 1530 1098 1530 1097 1530 1097 1531 1098 1531 1099 1531 1090 1265 1097 1265 1091 1265 1097 1265 1100 1265 1091 1265 1091 1532 1100 1532 976 1532 1100 1533 1010 1533 976 1533 1101 1534 1102 1534 915 1534 1102 1535 1103 1535 915 1535 915 1536 1103 1536 1104 1536 1102 1537 1101 1537 1105 1537 1101 1538 1106 1538 1105 1538 1103 1539 1102 1539 1107 1539 1102 1537 1105 1537 1107 1537 1104 1540 1103 1540 1108 1540 1103 1541 1107 1541 1108 1541 1109 1542 1104 1542 1110 1542 1104 1543 1108 1543 1110 1543 1104 1544 1109 1544 915 1544 1109 1545 1111 1545 915 1545 915 1546 1111 1546 1112 1546 1113 1547 1109 1547 1114 1547 1109 1548 1110 1548 1114 1548 1109 1549 1113 1549 1115 1549 1113 1550 1116 1550 1115 1550 928 1551 929 1551 1117 1551 929 1552 1118 1552 1117 1552 1101 1553 928 1553 1106 1553 928 1554 1117 1554 1106 1554 928 1555 1101 1555 915 1555 1112 1556 1119 1556 915 1556 1119 1557 1120 1557 915 1557 915 1558 1120 1558 1121 1558 1119 1559 1112 1559 1122 1559 1112 1554 1123 1554 1122 1554 1120 1560 1119 1560 1124 1560 1119 1561 1122 1561 1124 1561 1121 1562 1120 1562 1125 1562 1120 1560 1124 1560 1125 1560 1126 1563 1127 1563 915 1563 1127 1564 1128 1564 915 1564 915 1565 1128 1565 932 1565 1127 1566 1126 1566 1129 1566 1126 1567 1130 1567 1129 1567 1128 1568 1127 1568 1131 1568 1127 1569 1129 1569 1131 1569 932 1570 1128 1570 1085 1570 1128 1571 1131 1571 1085 1571 1132 1572 1111 1572 1109 1572 1111 1573 1132 1573 1133 1573 1132 1574 1134 1574 1133 1574 1112 1575 1111 1575 1123 1575 1111 1573 1133 1573 1123 1573 1126 1576 1121 1576 1130 1576 1121 1562 1125 1562 1130 1562 1121 1577 1126 1577 915 1577 1096 1578 1094 1578 1135 1578 1094 1579 1095 1579 1135 1579 1098 1580 1096 1580 1136 1580 1096 1578 1135 1578 1136 1578 1137 1581 1097 1581 1138 1581 1097 1582 1139 1582 1138 1582 1097 1265 1137 1265 1100 1265 1137 1265 1140 1265 1100 1265 1100 1265 1140 1265 862 1265 1140 1265 841 1265 862 1265 862 1583 841 1583 836 1583 1099 1584 1098 1584 1141 1584 1098 1580 1136 1580 1141 1580 1142 1585 1099 1585 1143 1585 1099 1586 1141 1586 1143 1586 1099 1587 1142 1587 1097 1587 1142 1588 1139 1588 1097 1588 1139 1589 1142 1589 1144 1589 1142 1590 1143 1590 1144 1590 1138 1591 1139 1591 1145 1591 1139 1592 1144 1592 1145 1592 1146 1593 1138 1593 1147 1593 1138 1594 1145 1594 1147 1594 1138 1595 1146 1595 1113 1595 1146 1596 1148 1596 1113 1596 1113 1597 1148 1597 1149 1597 1150 1598 1137 1598 1138 1598 1137 1265 1150 1265 1140 1265 1150 1265 843 1265 1140 1265 1140 1265 843 1265 841 1265 1151 1599 1152 1599 1138 1599 1152 1600 1153 1600 1138 1600 1138 1601 1153 1601 1150 1601 1153 1602 845 1602 1150 1602 1152 1603 1151 1603 1154 1603 1151 1604 1155 1604 1154 1604 1153 1605 1152 1605 1156 1605 1152 1606 1154 1606 1156 1606 1157 1607 1153 1607 1158 1607 1153 1608 1156 1608 1158 1608 1153 1609 1157 1609 845 1609 1157 1610 1159 1610 845 1610 845 1611 1159 1611 1160 1611 1113 1612 1151 1612 1138 1612 1151 1613 1113 1613 1155 1613 1113 1614 1114 1614 1155 1614 1148 1615 1146 1615 1161 1615 1146 1616 1147 1616 1161 1616 1150 1265 845 1265 843 1265 1149 1617 1148 1617 1162 1617 1148 1618 1161 1618 1162 1618 1163 1619 1132 1619 1109 1619 1132 1574 1163 1574 1134 1574 1163 1620 1164 1620 1134 1620 1165 1621 1149 1621 1166 1621 1149 1622 1162 1622 1166 1622 1149 1623 1165 1623 1113 1623 1165 1624 1167 1624 1113 1624 1113 1625 1167 1625 1168 1625 1169 1626 1163 1626 1109 1626 1163 1627 1169 1627 1164 1627 1169 1628 1170 1628 1164 1628 1167 1629 1165 1629 1171 1629 1165 1630 1166 1630 1171 1630 1172 11 1169 11 1109 11 1169 1631 1172 1631 1170 1631 1172 1632 1173 1632 1170 1632 1168 1633 1167 1633 1174 1633 1167 1634 1171 1634 1174 1634 1175 11 1172 11 1109 11 1172 1635 1175 1635 1173 1635 1175 1636 1176 1636 1173 1636 1116 1637 1168 1637 1177 1637 1168 1633 1174 1633 1177 1633 1168 1638 1116 1638 1113 1638 1178 1639 1175 1639 1109 1639 1175 1640 1178 1640 1176 1640 1178 1641 1179 1641 1176 1641 1115 1642 1116 1642 1180 1642 1116 1643 1177 1643 1180 1643 1181 1644 1178 1644 1109 1644 1178 1645 1181 1645 1179 1645 1181 1646 1182 1646 1179 1646 1183 1647 1115 1647 1184 1647 1115 1648 1180 1648 1184 1648 1115 1649 1183 1649 1109 1649 1183 1650 1181 1650 1109 1650 1181 1651 1183 1651 1182 1651 1183 1652 1184 1652 1182 1652 846 1653 845 1653 1185 1653 845 1654 1186 1654 1185 1654 1160 1655 1159 1655 1187 1655 1159 1656 1188 1656 1187 1656 1189 1657 1160 1657 1190 1657 1160 1658 1187 1658 1190 1658 1160 1659 1189 1659 845 1659 1189 1660 1191 1660 845 1660 845 1661 1191 1661 1192 1661 1191 1662 1189 1662 1193 1662 1189 1663 1190 1663 1193 1663 1159 1664 1157 1664 1188 1664 1157 1665 1158 1665 1188 1665 1192 1666 1191 1666 1194 1666 1191 1667 1193 1667 1194 1667 1195 1668 1192 1668 1196 1668 1192 1666 1194 1666 1196 1666 1192 1669 1195 1669 845 1669 1195 1670 1186 1670 845 1670 1186 1671 1195 1671 1197 1671 1195 1672 1196 1672 1197 1672 1185 1673 1186 1673 1198 1673 1186 1674 1197 1674 1198 1674 1199 1593 1185 1593 1200 1593 1185 1675 1198 1675 1200 1675 1185 1676 1199 1676 846 1676 1199 1677 1201 1677 846 1677 846 1678 1201 1678 1202 1678 1201 1679 1199 1679 1203 1679 1199 1680 1200 1680 1203 1680 1204 1681 929 1681 925 1681 929 1552 1204 1552 1118 1552 1204 1682 1205 1682 1118 1682 1202 1683 1201 1683 1206 1683 1201 1684 1203 1684 1206 1684 1207 1685 1204 1685 925 1685 1204 1686 1207 1686 1205 1686 1207 1687 1208 1687 1205 1687 1209 1688 1202 1688 1210 1688 1202 1689 1206 1689 1210 1689 1202 1690 1209 1690 846 1690 1209 1691 1083 1691 846 1691 1211 1692 1207 1692 925 1692 1207 1693 1211 1693 1208 1693 1211 1694 1212 1694 1208 1694 1083 1695 1209 1695 1213 1695 1209 1696 1210 1696 1213 1696 1214 1697 1211 1697 925 1697 1211 1698 1214 1698 1212 1698 1214 1699 1215 1699 1212 1699 1082 1700 1083 1700 1216 1700 1083 1701 1213 1701 1216 1701 1217 1702 1214 1702 925 1702 1214 1703 1217 1703 1215 1703 1217 1704 1218 1704 1215 1704 1219 1705 1082 1705 1220 1705 1082 1700 1216 1700 1220 1700 1082 1706 1219 1706 953 1706 1219 1707 955 1707 953 1707 1221 1708 1217 1708 925 1708 1217 1709 1221 1709 1218 1709 1221 1710 1222 1710 1218 1710 955 1711 1219 1711 1223 1711 1219 1712 1220 1712 1223 1712 1224 1713 1221 1713 925 1713 1221 1710 1224 1710 1222 1710 1224 1714 1225 1714 1222 1714 954 1715 955 1715 1226 1715 955 1711 1223 1711 1226 1711 954 1716 1224 1716 925 1716 1224 1717 954 1717 1225 1717 954 1718 1226 1718 1225 1718 1068 54 1075 54 1069 54 1069 14 1075 14 1227 14 1075 1719 1228 1719 1227 1719 1077 14 1069 14 1229 14 1069 1720 1230 1720 1229 1720 1069 1721 1077 1721 1231 1721 1077 1722 1232 1722 1231 1722 1075 14 1076 14 1233 14 1076 1723 1234 1723 1233 1723 1227 1724 1228 1724 1235 1724 1228 1725 1236 1725 1235 1725 1237 1726 1227 1726 1238 1726 1227 1724 1235 1724 1238 1724 1227 14 1237 14 1069 14 1237 14 1239 14 1069 14 1069 1727 1239 1727 1240 1727 870 1265 1076 1265 1241 1265 1076 1728 1242 1728 1241 1728 1076 14 870 14 1243 14 870 1729 1244 1729 1243 1729 1233 1730 1234 1730 1245 1730 1234 1731 1246 1731 1245 1731 1228 1732 1233 1732 1236 1732 1233 1730 1245 1730 1236 1730 1233 1733 1228 1733 1075 1733 1247 1734 1248 1734 1069 1734 1248 1735 1249 1735 1069 1735 1069 1736 1249 1736 1250 1736 1248 1737 1247 1737 1251 1737 1247 1603 1252 1603 1251 1603 1249 1738 1248 1738 1253 1738 1248 1739 1251 1739 1253 1739 1250 1740 1249 1740 1254 1740 1249 1741 1253 1741 1254 1741 1255 1742 1250 1742 1256 1742 1250 1743 1254 1743 1256 1743 1250 14 1255 14 1069 14 1255 14 1257 14 1069 14 1069 1744 1257 1744 1230 1744 1257 1745 1255 1745 1258 1745 1255 1746 1256 1746 1258 1746 1230 1747 1257 1747 1259 1747 1257 1745 1258 1745 1259 1745 1239 1748 1237 1748 1260 1748 1237 1749 1238 1749 1260 1749 1240 1513 1239 1513 1261 1513 1239 1748 1260 1748 1261 1748 1262 1750 1240 1750 1263 1750 1240 1513 1261 1513 1263 1513 1240 1751 1262 1751 1069 1751 1262 1752 1264 1752 1069 1752 1069 1753 1264 1753 1265 1753 1264 1754 1262 1754 1266 1754 1262 1755 1263 1755 1266 1755 1229 1756 1230 1756 1267 1756 1230 1747 1259 1747 1267 1747 1268 1757 1229 1757 1269 1757 1229 1758 1267 1758 1269 1758 1229 1759 1268 1759 1077 1759 1268 1760 1270 1760 1077 1760 1077 1761 1270 1761 1271 1761 1080 14 1077 14 1272 14 1077 14 1273 14 1272 14 1272 1762 1273 1762 1274 1762 1265 1763 1264 1763 1275 1763 1264 1754 1266 1754 1275 1754 1276 1764 1265 1764 1277 1764 1265 1765 1275 1765 1277 1765 1265 14 1276 14 1069 14 1276 14 1278 14 1069 14 1069 1766 1278 1766 1279 1766 1278 1767 1276 1767 1280 1767 1276 1768 1277 1768 1280 1768 1279 1769 1278 1769 1281 1769 1278 1767 1280 1767 1281 1767 1282 1770 1279 1770 1283 1770 1279 1771 1281 1771 1283 1771 1279 1772 1282 1772 1069 1772 1282 14 1284 14 1069 14 1069 1773 1284 1773 1247 1773 1285 1757 1282 1757 1286 1757 1282 1774 1283 1774 1286 1774 1282 14 1285 14 1287 14 1285 14 1288 14 1287 14 1287 1775 1288 1775 1289 1775 1290 14 1284 14 1282 14 1284 1776 1290 1776 1291 1776 1290 1777 1292 1777 1291 1777 1247 1606 1284 1606 1252 1606 1284 1778 1291 1778 1252 1778 870 14 850 14 1293 14 850 1779 1294 1779 1293 1779 1243 1780 1244 1780 1295 1780 1244 1781 1296 1781 1295 1781 1234 1782 1243 1782 1246 1782 1243 1783 1295 1783 1246 1783 1243 14 1234 14 1076 14 1297 14 1298 14 870 14 1298 1784 1299 1784 870 1784 870 1785 1299 1785 1244 1785 1298 1786 1297 1786 1300 1786 1297 1787 1301 1787 1300 1787 1299 1788 1298 1788 1302 1788 1298 1789 1300 1789 1302 1789 1244 1781 1299 1781 1296 1781 1299 1790 1302 1790 1296 1790 850 14 851 14 1303 14 851 1791 1304 1791 1303 1791 1293 1792 1294 1792 1305 1792 1294 1793 1306 1793 1305 1793 1297 1794 1293 1794 1301 1794 1293 1792 1305 1792 1301 1792 1293 14 1297 14 870 14 1287 14 1307 14 1282 14 1307 1795 1308 1795 1282 1795 1282 1796 1308 1796 1290 1796 1307 1797 1287 1797 1309 1797 1287 1798 1310 1798 1309 1798 1308 1799 1307 1799 1311 1799 1307 1800 1309 1800 1311 1800 1290 1801 1308 1801 1292 1801 1308 1664 1311 1664 1292 1664 1312 588 1287 588 888 588 1287 14 851 14 888 14 1287 1802 1312 1802 1310 1802 1312 1803 1313 1803 1310 1803 1288 1804 1285 1804 1314 1804 1285 1757 1286 1757 1314 1757 1315 14 1294 14 850 14 1294 1793 1315 1793 1306 1793 1315 1805 1316 1805 1306 1805 1289 1806 1288 1806 1317 1806 1288 1804 1314 1804 1317 1804 1318 14 1315 14 850 14 1315 1805 1318 1805 1316 1805 1318 1807 1319 1807 1316 1807 1320 1808 1289 1808 1321 1808 1289 1806 1317 1806 1321 1806 1289 14 1320 14 1287 14 1320 14 1322 14 1287 14 1287 1809 1322 1809 1323 1809 1324 14 1318 14 850 14 1318 1810 1324 1810 1319 1810 1324 1811 1325 1811 1319 1811 1322 1812 1320 1812 1326 1812 1320 1808 1321 1808 1326 1808 1327 1813 1324 1813 850 1813 1324 1814 1327 1814 1325 1814 1327 1815 1328 1815 1325 1815 1323 1816 1322 1816 1329 1816 1322 1817 1326 1817 1329 1817 1330 1818 1327 1818 850 1818 1327 1815 1330 1815 1328 1815 1330 1642 1331 1642 1328 1642 1332 1819 1323 1819 1333 1819 1323 1820 1329 1820 1333 1820 1323 1821 1332 1821 1287 1821 1332 1822 1334 1822 1287 1822 1287 14 1334 14 851 14 1334 1823 1304 1823 851 1823 1303 14 1330 14 850 14 1330 1824 1303 1824 1331 1824 1303 1825 1335 1825 1331 1825 1334 1826 1332 1826 1336 1826 1332 1819 1333 1819 1336 1819 1303 1827 1304 1827 1335 1827 1304 1828 1337 1828 1335 1828 1304 1829 1334 1829 1337 1829 1334 1645 1336 1645 1337 1645 1272 1265 888 1265 883 1265 888 1265 881 1265 883 1265 888 14 1272 14 1338 14 1272 1830 1339 1830 1338 1830 1340 14 1341 14 888 14 1341 14 1342 14 888 14 888 1831 1342 1831 1312 1831 1341 1832 1340 1832 1343 1832 1340 1833 1344 1833 1343 1833 1342 1834 1341 1834 1345 1834 1341 1832 1343 1832 1345 1832 1312 1835 1342 1835 1313 1835 1342 1836 1345 1836 1313 1836 1346 1837 1340 1837 888 1837 1340 1833 1346 1833 1344 1833 1346 1838 1347 1838 1344 1838 1080 1839 1272 1839 1348 1839 1272 1840 1349 1840 1348 1840 1338 1841 1339 1841 1350 1841 1339 1842 1351 1842 1350 1842 1346 1843 1338 1843 1347 1843 1338 1787 1350 1787 1347 1787 1338 14 1346 14 888 14 1352 14 1339 14 1272 14 1339 1842 1352 1842 1351 1842 1352 1844 1353 1844 1351 1844 1270 1845 1268 1845 1354 1845 1268 1846 1269 1846 1354 1846 1355 14 1352 14 1272 14 1352 1847 1355 1847 1353 1847 1355 1848 1356 1848 1353 1848 1271 1849 1270 1849 1357 1849 1270 1845 1354 1845 1357 1845 1358 14 1355 14 1272 14 1355 1848 1358 1848 1356 1848 1358 1850 1359 1850 1356 1850 1360 1851 1271 1851 1361 1851 1271 1852 1357 1852 1361 1852 1271 14 1360 14 1077 14 1360 14 1362 14 1077 14 1077 1853 1362 1853 1363 1853 1364 14 1358 14 1272 14 1358 1854 1364 1854 1359 1854 1364 1855 1365 1855 1359 1855 1362 1856 1360 1856 1366 1856 1360 1851 1361 1851 1366 1851 1367 1857 1364 1857 1272 1857 1364 1858 1367 1858 1365 1858 1367 1859 1368 1859 1365 1859 1363 1860 1362 1860 1369 1860 1362 1861 1366 1861 1369 1861 1274 1862 1367 1862 1272 1862 1367 1863 1274 1863 1368 1863 1274 1864 1370 1864 1368 1864 1371 1865 1363 1865 1372 1865 1363 1866 1369 1866 1372 1866 1363 1867 1371 1867 1077 1867 1371 14 1373 14 1077 14 1077 1868 1373 1868 1374 1868 1274 1711 1273 1711 1370 1711 1273 1869 1375 1869 1370 1869 1373 1870 1371 1870 1376 1870 1371 1871 1372 1871 1376 1871 1374 14 1273 14 1077 14 1273 1872 1374 1872 1375 1872 1374 1873 1377 1873 1375 1873 1374 1873 1373 1873 1377 1873 1373 1710 1376 1710 1377 1710 900 1265 1080 1265 1378 1265 1080 1874 1379 1874 1378 1874 1380 44 1381 44 867 44 1381 44 1382 44 867 44 867 1875 1382 1875 1383 1875 1381 1876 1380 1876 1384 1876 1380 1877 1385 1877 1384 1877 1382 1878 1381 1878 1386 1878 1381 1879 1384 1879 1386 1879 1386 1265 1384 1265 1272 1265 1384 1880 1385 1880 1272 1880 1272 1881 1385 1881 1387 1881 1388 1265 1386 1265 883 1265 1386 1265 1272 1265 883 1265 1386 1882 1388 1882 1382 1882 1388 1883 1383 1883 1382 1883 1389 1884 1388 1884 883 1884 1388 1885 1389 1885 1383 1885 1389 1886 1390 1886 1383 1886 1391 44 1380 44 1392 44 1380 1319 867 1319 1392 1319 1392 44 867 44 1393 44 867 1887 1394 1887 1393 1887 1380 1888 1391 1888 1385 1888 1391 1889 1387 1889 1385 1889 1383 44 1390 44 867 44 1390 44 1395 44 867 44 867 1890 1395 1890 1396 1890 1397 1891 1389 1891 883 1891 1389 1892 1397 1892 1390 1892 1397 1893 1395 1893 1390 1893 1398 1894 1391 1894 1392 1894 1391 1889 1398 1889 1387 1889 1398 1895 1399 1895 1387 1895 1400 1265 1397 1265 883 1265 1397 1893 1400 1893 1395 1893 1400 1896 1396 1896 1395 1896 1387 1265 1399 1265 1272 1265 1399 1265 1401 1265 1272 1265 1272 1897 1401 1897 1402 1897 1403 1898 1398 1898 1392 1898 1398 1899 1403 1899 1399 1899 1403 1900 1401 1900 1399 1900 1404 1265 1400 1265 883 1265 1400 1896 1404 1896 1396 1896 1404 1901 1073 1901 1396 1901 1405 44 1403 44 1406 44 1403 1902 1392 1902 1406 1902 1403 1903 1405 1903 1401 1903 1405 1904 1402 1904 1401 1904 1396 44 1073 44 867 44 1407 1265 1404 1265 883 1265 1404 1905 1407 1905 1073 1905 1407 1906 1072 1906 1073 1906 1408 44 1405 44 1069 44 1405 1907 1409 1907 1069 1907 1069 1908 1409 1908 1410 1908 1405 1909 1408 1909 1402 1909 1408 1910 1411 1910 1402 1910 1412 1265 1407 1265 883 1265 1407 1911 1412 1911 1072 1911 1412 1912 1413 1912 1072 1912 1402 1265 1411 1265 1272 1265 1411 1265 1349 1265 1272 1265 1414 44 1408 44 1069 44 1408 1913 1414 1913 1411 1913 1414 1914 1349 1914 1411 1914 1072 44 1413 44 866 44 1413 1915 1415 1915 866 1915 866 1916 1415 1916 1416 1916 1417 1265 1412 1265 883 1265 1412 1917 1417 1917 1413 1917 1417 1918 1415 1918 1413 1918 1231 44 1414 44 1069 44 1414 1919 1231 1919 1349 1919 1231 1920 1348 1920 1349 1920 1418 1265 1417 1265 883 1265 1417 1921 1418 1921 1415 1921 1418 1922 1416 1922 1415 1922 1231 1923 1232 1923 1348 1923 1232 1924 1419 1924 1348 1924 901 1925 1418 1925 883 1925 1418 1926 901 1926 1416 1926 901 1927 1420 1927 1416 1927 1348 1265 1419 1265 1080 1265 1419 1928 1421 1928 1080 1928 1080 1929 1421 1929 1422 1929 1423 44 1232 44 1077 44 1232 1930 1423 1930 1419 1930 1423 1931 1421 1931 1419 1931 1416 1932 1420 1932 866 1932 1420 44 1424 44 866 44 866 1933 1424 1933 1425 1933 901 1934 902 1934 1420 1934 902 1935 1424 1935 1420 1935 1426 1936 1423 1936 1077 1936 1423 1937 1426 1937 1421 1937 1426 1938 1422 1938 1421 1938 1427 1939 902 1939 900 1939 902 1940 1427 1940 1424 1940 1427 1941 1425 1941 1424 1941 1428 44 1426 44 1077 44 1426 1942 1428 1942 1422 1942 1428 1943 1429 1943 1422 1943 1430 1265 1427 1265 900 1265 1427 1941 1430 1941 1425 1941 1430 1944 1431 1944 1425 1944 1422 1265 1429 1265 1080 1265 1429 1265 1432 1265 1080 1265 1080 1945 1432 1945 1433 1945 1434 44 1428 44 1077 44 1428 1946 1434 1946 1429 1946 1434 1947 1432 1947 1429 1947 1425 44 1431 44 866 44 1431 44 1435 44 866 44 866 1948 1435 1948 1436 1948 1437 1265 1430 1265 900 1265 1430 1949 1437 1949 1431 1949 1437 1950 1435 1950 1431 1950 1438 44 1434 44 1077 44 1434 1951 1438 1951 1432 1951 1438 1952 1433 1952 1432 1952 1439 1265 1437 1265 900 1265 1437 1950 1439 1950 1435 1950 1439 1953 1436 1953 1435 1953 1440 44 1438 44 1077 44 1438 1954 1440 1954 1433 1954 1440 1955 1379 1955 1433 1955 1441 1956 1439 1956 900 1956 1439 1957 1441 1957 1436 1957 1441 1958 1079 1958 1436 1958 1433 1959 1379 1959 1080 1959 1442 44 1440 44 1077 44 1440 1955 1442 1955 1379 1955 1442 1960 1378 1960 1379 1960 1436 44 1079 44 866 44 1443 1265 1441 1265 900 1265 1441 1961 1443 1961 1079 1961 1443 1962 1078 1962 1079 1962 1444 44 1442 44 1077 44 1442 1963 1444 1963 1378 1963 1444 1964 1445 1964 1378 1964 1445 1965 1443 1965 900 1965 1443 1966 1445 1966 1078 1966 1445 1967 1444 1967 1078 1967 1378 1968 1445 1968 900 1968 1078 1969 1444 1969 1077 1969 921 1970 918 1970 885 1970 918 1971 919 1971 885 1971 885 1972 919 1972 986 1972 924 1265 921 1265 885 1265 936 1265 924 1265 1081 1265 924 1265 885 1265 1081 1265 1081 1265 885 1265 911 1265 885 1265 910 1265 911 1265 938 1884 936 1884 1081 1884 941 1891 938 1891 1081 1891 942 1265 941 1265 1081 1265 943 1265 942 1265 1081 1265 986 1265 985 1265 885 1265 985 1265 983 1265 885 1265 885 1973 983 1973 984 1973 944 1265 943 1265 1081 1265 946 1265 944 1265 1081 1265 1035 1265 946 1265 1081 1265 984 1265 988 1265 885 1265 988 1265 989 1265 885 1265 885 1265 989 1265 952 1265 989 1265 990 1265 952 1265 952 1974 990 1974 1038 1974 1036 1265 1035 1265 1081 1265 1045 1975 1040 1975 951 1975 1048 1976 1045 1976 951 1976 1038 1977 1044 1977 952 1977 1044 1265 1047 1265 952 1265 952 1978 1047 1978 1050 1978 1052 1265 1048 1265 951 1265 1057 1265 1052 1265 951 1265 1060 1265 1057 1265 951 1265 1050 1265 1056 1265 952 1265 1056 1979 1059 1979 952 1979 952 1980 1059 1980 1062 1980 1063 1956 1060 1956 951 1956 1066 1265 1063 1265 951 1265 1065 1965 1066 1965 951 1965 956 1265 957 1265 904 1265 957 1265 1000 1265 904 1265 904 1981 1000 1981 998 1981 959 1265 956 1265 904 1265 962 1265 959 1265 904 1265 965 1265 962 1265 1091 1265 962 1265 904 1265 1091 1265 967 1265 965 1265 1091 1265 970 1982 967 1982 1091 1982 971 1265 970 1265 1091 1265 998 1265 996 1265 904 1265 996 1983 995 1983 904 1983 904 1984 995 1984 906 1984 972 1985 971 1985 1091 1985 973 1986 972 1986 1091 1986 974 1987 973 1987 1091 1987 976 1988 974 1988 1091 1988 905 1265 1008 1265 862 1265 1008 1989 1007 1989 862 1989 862 1990 1007 1990 1004 1990 1013 1265 1010 1265 1100 1265 1014 1265 1013 1265 1100 1265 1004 1265 1001 1265 862 1265 1001 1265 1002 1265 862 1265 862 1991 1002 1991 1016 1991 1018 1265 1014 1265 1100 1265 1023 1265 1018 1265 1100 1265 1026 1992 1023 1992 1100 1992 1016 1993 1022 1993 862 1993 1022 1994 1025 1994 862 1994 862 1995 1025 1995 1028 1995 1030 1996 1026 1996 1100 1996 1034 1265 1030 1265 1100 1265 1033 1265 1034 1265 1100 1265 1028 1265 1033 1265 862 1265 1033 1265 1100 1265 862 1265 1070 44 1446 44 867 44 1446 44 1447 44 867 44 867 1997 1447 1997 1448 1997 1446 1998 1070 1998 1449 1998 1070 1999 1450 1999 1449 1999 1447 2000 1446 2000 1451 2000 1446 1998 1449 1998 1451 1998 1451 1265 1449 1265 1076 1265 1449 1265 1450 1265 1076 1265 1076 2001 1450 2001 1452 2001 1453 1265 1451 1265 1074 1265 1451 1265 1076 1265 1074 1265 1451 2002 1453 2002 1447 2002 1453 2003 1448 2003 1447 2003 1454 1265 1453 1265 1074 1265 1453 2004 1454 2004 1448 2004 1454 2005 1455 2005 1448 2005 1070 1999 1071 1999 1450 1999 1071 2006 1452 2006 1450 2006 1448 44 1455 44 867 44 1455 44 1456 44 867 44 867 2007 1456 2007 1457 2007 1458 1265 1454 1265 1074 1265 1454 2008 1458 2008 1455 2008 1458 2009 1456 2009 1455 2009 1459 44 1071 44 1069 44 1071 2010 1459 2010 1452 2010 1459 2011 1460 2011 1452 2011 1461 2012 1458 2012 1074 2012 1458 2013 1461 2013 1456 2013 1461 1373 1457 1373 1456 1373 1452 2014 1460 2014 1076 2014 1460 1265 1462 1265 1076 1265 1076 2015 1462 2015 1463 2015 1464 44 1459 44 1069 44 1459 2016 1464 2016 1460 2016 1464 2017 1462 2017 1460 2017 1465 1265 1461 1265 1074 1265 1461 2018 1465 2018 1457 2018 1465 2019 1466 2019 1457 2019 1467 44 1464 44 1069 44 1464 2020 1467 2020 1462 2020 1467 2021 1463 2021 1462 2021 1457 44 1466 44 867 44 1466 44 1394 44 867 44 1468 2022 1465 2022 1074 2022 1465 2023 1468 2023 1466 2023 1468 2024 1394 2024 1466 2024 1469 44 1467 44 1069 44 1467 2025 1469 2025 1463 2025 1469 2026 1242 2026 1463 2026 1470 2027 1468 2027 1074 2027 1468 2028 1470 2028 1394 2028 1470 2029 1393 2029 1394 2029 1463 2030 1242 2030 1076 2030 1471 44 1469 44 1069 44 1469 2031 1471 2031 1242 2031 1471 2032 1241 2032 1242 2032 1472 2033 1470 2033 1074 2033 1470 2034 1472 2034 1393 2034 1472 2035 1392 2035 1393 2035 1473 2036 1471 2036 1069 2036 1471 2037 1473 2037 1241 2037 1473 2038 1474 2038 1241 2038 1475 2039 1472 2039 1074 2039 1472 2040 1475 2040 1392 2040 1475 2041 1406 2041 1392 2041 1241 1265 1474 1265 870 1265 1474 2042 1476 2042 870 2042 870 2043 1476 2043 1477 2043 1478 44 1473 44 1069 44 1473 2044 1478 2044 1474 2044 1478 2045 1476 2045 1474 2045 1479 2046 1475 2046 863 2046 1475 1265 1074 1265 863 1265 863 1265 1074 1265 865 1265 1475 2047 1479 2047 1406 2047 1479 2048 1480 2048 1406 2048 1410 44 1478 44 1069 44 1478 2049 1410 2049 1476 2049 1410 2050 1477 2050 1476 2050 1406 44 1480 44 1405 44 1480 44 1481 44 1405 44 1405 2051 1481 2051 1482 2051 1483 1265 1479 1265 863 1265 1479 2052 1483 2052 1480 2052 1483 2053 1481 2053 1480 2053 1410 2054 1409 2054 1477 2054 1409 2055 1484 2055 1477 2055 1485 1265 1483 1265 863 1265 1483 2056 1485 2056 1481 2056 1485 2057 1482 2057 1481 2057 1477 1265 1484 1265 870 1265 1484 1265 1486 1265 870 1265 870 2058 1486 2058 1487 2058 1488 44 1409 44 1405 44 1409 2059 1488 2059 1484 2059 1488 2060 1486 2060 1484 2060 1489 1265 1485 1265 863 1265 1485 2057 1489 2057 1482 2057 1489 2061 1490 2061 1482 2061 1491 2062 1488 2062 1405 2062 1488 2063 1491 2063 1486 2063 1491 2064 1487 2064 1486 2064 1482 2065 1490 2065 1405 2065 1490 2066 1492 2066 1405 2066 1405 2067 1492 2067 1493 2067 1494 1265 1489 1265 863 1265 1489 2061 1494 2061 1490 2061 1494 2068 1492 2068 1490 2068 1495 2069 1491 2069 1405 2069 1491 2070 1495 2070 1487 2070 1495 2071 1496 2071 1487 2071 1497 2072 1494 2072 863 2072 1494 2073 1497 2073 1492 2073 1497 2074 1493 2074 1492 2074 1487 2075 1496 2075 870 2075 1496 2076 1498 2076 870 2076 870 2077 1498 2077 1499 2077 1500 2078 1495 2078 1405 2078 1495 2079 1500 2079 1496 2079 1500 2080 1498 2080 1496 2080 1501 2081 1497 2081 863 2081 1497 2082 1501 2082 1493 2082 1501 2083 1502 2083 1493 2083 1503 2084 1500 2084 1405 2084 1500 2085 1503 2085 1498 2085 1503 2086 1499 2086 1498 2086 1493 2087 1502 2087 1405 2087 1502 44 1504 44 1405 44 1405 2088 1504 2088 1505 2088 1506 1265 1501 1265 863 1265 1501 2089 1506 2089 1502 2089 1506 2090 1504 2090 1502 2090 1505 2091 1503 2091 1405 2091 1503 2092 1505 2092 1499 2092 1505 2093 1507 2093 1499 2093 1507 1265 1506 1265 863 1265 1506 2094 1507 2094 1504 2094 1507 2093 1505 2093 1504 2093 1499 1265 1507 1265 863 1265 1261 14 1260 14 1508 14 1260 14 1238 14 1508 14 1508 14 1238 14 1235 14 1263 2095 1261 2095 1508 2095 1235 14 1236 14 1508 14 1236 14 1245 14 1508 14 1508 2096 1245 2096 1246 2096 1266 2097 1263 2097 1508 2097 1275 14 1266 14 1508 14 1277 14 1275 14 1508 14 1246 14 1295 14 1508 14 1295 14 1296 14 1508 14 1508 2098 1296 2098 1302 2098 1280 14 1277 14 1508 14 1281 2099 1280 2099 1508 2099 1283 14 1281 14 1508 14 1302 14 1300 14 1508 14 1300 14 1301 14 1508 14 1508 2100 1301 2100 1305 2100 1286 14 1283 14 1508 14 1314 14 1286 14 1508 14 1317 14 1314 14 1508 14 1305 14 1306 14 1508 14 1306 14 1316 14 1508 14 1508 2101 1316 2101 1319 2101 1321 14 1317 14 1508 14 1326 14 1321 14 1508 14 1329 2102 1326 2102 1508 2102 1319 14 1325 14 1508 14 1325 14 1328 14 1508 14 1508 14 1328 14 1331 14 1333 14 1329 14 1508 14 1336 14 1333 14 1508 14 1337 2103 1336 2103 1508 2103 1331 14 1335 14 1508 14 1335 14 1337 14 1508 14 1252 14 1291 14 1509 14 1291 14 1292 14 1509 14 1509 14 1292 14 1311 14 1251 2104 1252 2104 1509 2104 1311 14 1309 14 1509 14 1309 14 1310 14 1509 14 1509 2105 1310 2105 1313 2105 1253 2106 1251 2106 1509 2106 1254 14 1253 14 1509 14 1256 14 1254 14 1509 14 1313 14 1345 14 1509 14 1345 14 1343 14 1509 14 1509 2098 1343 2098 1344 2098 1258 14 1256 14 1509 14 1259 2099 1258 2099 1509 2099 1267 14 1259 14 1509 14 1344 14 1347 14 1509 14 1347 14 1350 14 1509 14 1509 2107 1350 2107 1351 2107 1269 14 1267 14 1509 14 1354 14 1269 14 1509 14 1357 14 1354 14 1509 14 1351 14 1353 14 1509 14 1353 14 1356 14 1509 14 1509 2108 1356 2108 1359 2108 1361 14 1357 14 1509 14 1366 14 1361 14 1509 14 1369 2102 1366 2102 1509 2102 1359 14 1365 14 1509 14 1365 14 1368 14 1509 14 1509 14 1368 14 1370 14 1372 14 1369 14 1509 14 1376 14 1372 14 1509 14 1377 2103 1376 2103 1509 2103 1370 14 1375 14 1509 14 1375 14 1377 14 1509 14 1092 11 1087 11 1510 11 1087 11 1084 11 1510 11 1510 2109 1084 2109 1085 2109 1093 11 1092 11 1510 11 1095 11 1093 11 1510 11 1135 11 1095 11 1510 11 1136 2110 1135 2110 1510 2110 1085 11 1131 11 1510 11 1131 11 1129 11 1510 11 1510 11 1129 11 1130 11 1141 11 1136 11 1510 11 1143 11 1141 11 1510 11 1144 11 1143 11 1510 11 1130 11 1125 11 1510 11 1125 2111 1124 2111 1510 2111 1510 2112 1124 2112 1122 2112 1145 11 1144 11 1510 11 1147 11 1145 11 1510 11 1161 11 1147 11 1510 11 1122 2113 1123 2113 1510 2113 1123 11 1133 11 1510 11 1510 2114 1133 2114 1134 2114 1162 2115 1161 2115 1510 2115 1166 11 1162 11 1510 11 1171 11 1166 11 1510 11 1134 11 1164 11 1510 11 1164 11 1170 11 1510 11 1510 2116 1170 2116 1173 2116 1174 2117 1171 2117 1510 2117 1177 11 1174 11 1510 11 1180 2118 1177 2118 1510 2118 1173 2118 1176 2118 1510 2118 1176 11 1179 11 1510 11 1510 11 1179 11 1182 11 1184 11 1180 11 1510 11 1182 11 1184 11 1510 11 1158 11 1156 11 1511 11 1156 11 1154 11 1511 11 1511 2119 1154 2119 1155 2119 1188 11 1158 11 1511 11 1187 11 1188 11 1511 11 1190 11 1187 11 1511 11 1193 2120 1190 2120 1511 2120 1155 11 1114 11 1511 11 1114 11 1110 11 1511 11 1511 11 1110 11 1108 11 1194 11 1193 11 1511 11 1196 11 1194 11 1511 11 1197 11 1196 11 1511 11 1108 11 1107 11 1511 11 1107 2121 1105 2121 1511 2121 1511 2122 1105 2122 1106 2122 1198 11 1197 11 1511 11 1200 11 1198 11 1511 11 1203 11 1200 11 1511 11 1106 2123 1117 2123 1511 2123 1117 11 1118 11 1511 11 1511 2114 1118 2114 1205 2114 1206 2124 1203 2124 1511 2124 1210 11 1206 11 1511 11 1213 11 1210 11 1511 11 1205 11 1208 11 1511 11 1208 11 1212 11 1511 11 1511 2125 1212 2125 1215 2125 1216 2111 1213 2111 1511 2111 1220 11 1216 11 1511 11 1223 2110 1220 2110 1511 2110 1215 2118 1218 2118 1511 2118 1218 11 1222 11 1511 11 1511 11 1222 11 1225 11 1226 11 1223 11 1511 11 1225 11 1226 11 1511 11 891 14 856 14 858 14 846 1265 1081 1265 844 1265 863 1265 870 1265 1499 1265 1081 1265 911 1265 844 1265 1512 2126 1513 2126 1514 2126 1513 2127 1515 2127 1514 2127 1513 2128 1512 2128 1516 2128 1512 2129 1517 2129 1516 2129 1518 2130 1513 2130 1519 2130 1513 2131 1516 2131 1519 2131 1513 2132 1518 2132 1515 2132 1518 2133 1520 2133 1515 2133 1515 2134 1520 2134 1521 2134 1520 2135 1518 2135 1522 2135 1518 2136 1519 2136 1522 2136 1523 2137 1515 2137 1524 2137 1515 2138 1525 2138 1524 2138 1515 2139 1523 2139 1526 2139 1523 2140 1527 2140 1526 2140 1515 2141 1526 2141 1528 2141 1514 2142 1515 2142 1528 2142 1514 2143 1528 2143 1529 2143 1530 2144 1514 2144 1529 2144 1514 2145 1530 2145 1531 2145 1530 2146 1532 2146 1531 2146 1521 2147 1520 2147 1533 2147 1520 2148 1522 2148 1533 2148 1534 2149 1521 2149 1535 2149 1521 2150 1533 2150 1535 2150 1521 2151 1534 2151 1515 2151 1534 2152 1536 2152 1515 2152 1515 2153 1536 2153 1537 2153 1536 2154 1534 2154 1538 2154 1534 2155 1535 2155 1538 2155 1537 2156 1536 2156 1539 2156 1536 2157 1538 2157 1539 2157 1540 2158 1537 2158 1541 2158 1537 2159 1539 2159 1541 2159 1537 2160 1540 2160 1515 2160 1540 2161 1542 2161 1515 2161 1515 2162 1542 2162 1543 2162 1542 2163 1540 2163 1544 2163 1540 2164 1541 2164 1544 2164 1545 2165 1546 2165 1515 2165 1546 2166 1547 2166 1515 2166 1515 2167 1547 2167 1548 2167 1546 2168 1545 2168 1549 2168 1545 2169 1550 2169 1549 2169 1547 2170 1546 2170 1551 2170 1546 2171 1549 2171 1551 2171 1548 2172 1547 2172 1552 2172 1547 2173 1551 2173 1552 2173 1525 2174 1548 2174 1553 2174 1548 2175 1552 2175 1553 2175 1548 2176 1525 2176 1515 2176 1524 2177 1525 2177 1554 2177 1525 2178 1553 2178 1554 2178 1555 2179 1524 2179 1556 2179 1524 2180 1554 2180 1556 2180 1524 2181 1555 2181 1523 2181 1555 2182 1557 2182 1523 2182 1523 2183 1557 2183 1558 2183 1530 2184 1523 2184 1559 2184 1523 2185 1560 2185 1559 2185 1523 44 1530 44 1527 44 1530 44 1529 44 1527 44 1543 2186 1542 2186 1561 2186 1542 2187 1544 2187 1561 2187 1562 2188 1543 2188 1563 2188 1543 2189 1561 2189 1563 2189 1543 2190 1562 2190 1515 2190 1562 2191 1564 2191 1515 2191 1515 2192 1564 2192 1545 2192 1565 2193 1562 2193 1566 2193 1562 2194 1563 2194 1566 2194 1562 2195 1565 2195 1567 2195 1565 2196 1568 2196 1567 2196 1569 2197 1564 2197 1562 2197 1564 2198 1569 2198 1570 2198 1569 2199 1571 2199 1570 2199 1545 2200 1564 2200 1550 2200 1564 2201 1570 2201 1550 2201 1557 2202 1555 2202 1572 2202 1555 2203 1556 2203 1572 2203 1558 2204 1557 2204 1573 2204 1557 2205 1572 2205 1573 2205 1574 2206 1558 2206 1575 2206 1558 2207 1573 2207 1575 2207 1558 2208 1574 2208 1523 2208 1574 2209 1576 2209 1523 2209 1523 2210 1576 2210 1577 2210 1576 2211 1574 2211 1578 2211 1574 2212 1575 2212 1578 2212 1577 2213 1576 2213 1579 2213 1576 2214 1578 2214 1579 2214 1580 2215 1577 2215 1581 2215 1577 2216 1579 2216 1581 2216 1577 2217 1580 2217 1523 2217 1580 2218 1582 2218 1523 2218 1523 2219 1582 2219 1560 2219 1582 2220 1580 2220 1583 2220 1580 2221 1581 2221 1583 2221 1560 2222 1582 2222 1584 2222 1582 2223 1583 2223 1584 2223 1559 2224 1560 2224 1585 2224 1560 2225 1584 2225 1585 2225 1586 2226 1559 2226 1587 2226 1559 2227 1585 2227 1587 2227 1559 2228 1586 2228 1530 2228 1586 2229 1588 2229 1530 2229 1530 2230 1588 2230 1589 2230 1590 2231 1591 2231 1562 2231 1591 2232 1592 2232 1562 2232 1562 2233 1592 2233 1593 2233 1591 2234 1590 2234 1594 2234 1590 2235 1595 2235 1594 2235 1592 2236 1591 2236 1596 2236 1591 2237 1594 2237 1596 2237 1593 2238 1592 2238 1597 2238 1592 2239 1596 2239 1597 2239 1598 2240 1593 2240 1599 2240 1593 2241 1597 2241 1599 2241 1593 2242 1598 2242 1562 2242 1598 2243 1600 2243 1562 2243 1562 2244 1600 2244 1601 2244 1600 2245 1598 2245 1602 2245 1598 2246 1599 2246 1602 2246 1601 2247 1600 2247 1603 2247 1600 2248 1602 2248 1603 2248 1569 2249 1601 2249 1571 2249 1601 2250 1603 2250 1571 2250 1601 2251 1569 2251 1562 2251 1604 2252 1565 2252 1605 2252 1565 2253 1566 2253 1605 2253 1565 2254 1604 2254 1568 2254 1604 2255 1606 2255 1568 2255 1568 2256 1606 2256 1607 2256 1567 2257 1568 2257 1608 2257 1568 2258 1609 2258 1608 2258 1590 2259 1567 2259 1595 2259 1567 2260 1608 2260 1595 2260 1567 2261 1590 2261 1562 2261 1606 2262 1604 2262 1610 2262 1604 2263 1605 2263 1610 2263 1611 2264 1568 2264 1530 2264 1568 2265 1612 2265 1530 2265 1530 2266 1612 2266 1613 2266 1568 2267 1611 2267 1609 2267 1611 2268 1614 2268 1609 2268 1607 2269 1606 2269 1615 2269 1606 2270 1610 2270 1615 2270 1616 2271 1607 2271 1617 2271 1607 2272 1615 2272 1617 2272 1607 2273 1616 2273 1568 2273 1616 2274 1618 2274 1568 2274 1568 2275 1618 2275 1619 2275 1618 2276 1616 2276 1620 2276 1616 2277 1617 2277 1620 2277 1619 2278 1618 2278 1621 2278 1618 2279 1620 2279 1621 2279 1612 2280 1619 2280 1622 2280 1619 2281 1621 2281 1622 2281 1619 2282 1612 2282 1568 2282 1613 2283 1612 2283 1623 2283 1612 2284 1622 2284 1623 2284 1624 2285 1613 2285 1625 2285 1613 2286 1623 2286 1625 2286 1613 2287 1624 2287 1530 2287 1624 2288 1626 2288 1530 2288 1530 2289 1626 2289 1627 2289 1588 2290 1586 2290 1628 2290 1586 2291 1587 2291 1628 2291 1626 2292 1624 2292 1629 2292 1624 2293 1625 2293 1629 2293 1589 2294 1588 2294 1630 2294 1588 2295 1628 2295 1630 2295 1631 2296 1512 2296 1514 2296 1512 2297 1631 2297 1517 2297 1631 2298 1632 2298 1517 2298 1627 2299 1626 2299 1633 2299 1626 2300 1629 2300 1633 2300 1634 2301 1589 2301 1635 2301 1589 2302 1630 2302 1635 2302 1589 2303 1634 2303 1530 2303 1634 2304 1636 2304 1530 2304 1530 2305 1636 2305 1637 2305 1638 2306 1631 2306 1514 2306 1631 2307 1638 2307 1632 2307 1638 2308 1639 2308 1632 2308 1640 2309 1627 2309 1641 2309 1627 2310 1633 2310 1641 2310 1627 2311 1640 2311 1530 2311 1640 2312 1532 2312 1530 2312 1636 2313 1634 2313 1642 2313 1634 2314 1635 2314 1642 2314 1643 2315 1638 2315 1514 2315 1638 2316 1643 2316 1639 2316 1643 2317 1644 2317 1639 2317 1532 2318 1640 2318 1645 2318 1640 2319 1641 2319 1645 2319 1637 2320 1636 2320 1646 2320 1636 2321 1642 2321 1646 2321 1647 2322 1643 2322 1514 2322 1643 2323 1647 2323 1644 2323 1647 2324 1648 2324 1644 2324 1531 2325 1532 2325 1649 2325 1532 2326 1645 2326 1649 2326 1650 2327 1637 2327 1651 2327 1637 2328 1646 2328 1651 2328 1637 2329 1650 2329 1530 2329 1650 2330 1652 2330 1530 2330 1530 2331 1652 2331 1611 2331 1653 2332 1647 2332 1514 2332 1647 2333 1653 2333 1648 2333 1653 2334 1654 2334 1648 2334 1655 2335 1531 2335 1656 2335 1531 2336 1649 2336 1656 2336 1531 2337 1655 2337 1514 2337 1655 2338 1657 2338 1514 2338 1514 2339 1657 2339 1658 2339 1652 2340 1650 2340 1659 2340 1650 2341 1651 2341 1659 2341 1660 2342 1653 2342 1514 2342 1653 2343 1660 2343 1654 2343 1660 2344 1661 2344 1654 2344 1657 2345 1655 2345 1662 2345 1655 2346 1656 2346 1662 2346 1611 2347 1652 2347 1614 2347 1652 2348 1659 2348 1614 2348 1658 2349 1660 2349 1514 2349 1660 2350 1658 2350 1661 2350 1658 2351 1663 2351 1661 2351 1658 2352 1657 2352 1663 2352 1657 2353 1662 2353 1663 2353 1664 2354 1665 2354 1553 2354 1665 2355 1554 2355 1553 2355 1665 2356 1664 2356 1666 2356 1664 2357 1667 2357 1666 2357 1665 2358 1666 2358 1668 2358 1669 2359 1665 2359 1668 2359 1665 2360 1669 2360 1526 2360 1669 2361 1605 2361 1526 2361 1526 2362 1605 2362 1566 2362 1669 2363 1668 2363 1670 2363 1671 1265 1669 1265 1670 1265 1669 2364 1671 2364 1625 2364 1671 2365 1629 2365 1625 2365 1526 2366 1527 2366 1665 2366 1527 2367 1573 2367 1665 2367 1665 2368 1573 2368 1572 2368 1528 2369 1526 2369 1522 2369 1526 2370 1533 2370 1522 2370 1527 2371 1529 2371 1628 2371 1529 2372 1630 2372 1628 2372 1538 2373 1535 2373 1526 2373 1535 2374 1533 2374 1526 2374 1539 2375 1538 2375 1526 2375 1541 2376 1539 2376 1526 2376 1563 2377 1561 2377 1526 2377 1561 2378 1544 2378 1526 2378 1526 2379 1544 2379 1541 2379 1566 2380 1563 2380 1526 2380 1522 2381 1519 2381 1528 2381 1519 2382 1516 2382 1528 2382 1528 2383 1516 2383 1517 2383 1529 2384 1528 2384 1671 2384 1528 2385 1661 2385 1671 2385 1671 2386 1661 2386 1663 2386 1610 2387 1605 2387 1669 2387 1585 2388 1584 2388 1527 2388 1584 2389 1583 2389 1527 2389 1527 2390 1583 2390 1581 2390 1587 2391 1585 2391 1527 2391 1581 2392 1579 2392 1527 2392 1579 2393 1578 2393 1527 2393 1527 2394 1578 2394 1575 2394 1575 2395 1573 2395 1527 2395 1628 2396 1587 2396 1527 2396 1671 2397 1670 2397 1667 2397 1664 2398 1671 2398 1667 2398 1671 2399 1664 2399 1529 2399 1664 2400 1595 2400 1529 2400 1529 2401 1595 2401 1608 2401 1625 2402 1623 2402 1669 2402 1623 2403 1622 2403 1669 2403 1669 2404 1622 2404 1621 2404 1621 2405 1620 2405 1669 2405 1620 2406 1617 2406 1669 2406 1669 2407 1617 2407 1615 2407 1615 2408 1610 2408 1669 2408 1556 2409 1554 2409 1665 2409 1572 2410 1556 2410 1665 2410 1553 2411 1552 2411 1664 2411 1552 2412 1551 2412 1664 2412 1664 2413 1551 2413 1549 2413 1549 2414 1550 2414 1664 2414 1550 2415 1570 2415 1664 2415 1664 2416 1570 2416 1571 2416 1633 2417 1629 2417 1671 2417 1571 2418 1603 2418 1664 2418 1603 2419 1602 2419 1664 2419 1664 2420 1602 2420 1599 2420 1635 2421 1630 2421 1529 2421 1641 2422 1633 2422 1671 2422 1642 2423 1635 2423 1529 2423 1517 2424 1632 2424 1528 2424 1632 2425 1639 2425 1528 2425 1528 2426 1639 2426 1644 2426 1645 2427 1641 2427 1671 2427 1646 2428 1642 2428 1529 2428 1649 2429 1645 2429 1671 2429 1599 2430 1597 2430 1664 2430 1597 2431 1596 2431 1664 2431 1664 2432 1596 2432 1594 2432 1651 2433 1646 2433 1529 2433 1656 2434 1649 2434 1671 2434 1659 2435 1651 2435 1529 2435 1644 2436 1648 2436 1528 2436 1648 2437 1654 2437 1528 2437 1528 2438 1654 2438 1661 2438 1662 2439 1656 2439 1671 2439 1614 2440 1659 2440 1529 2440 1663 2441 1662 2441 1671 2441 1594 2442 1595 2442 1664 2442 1609 2443 1614 2443 1529 2443 1608 2444 1609 2444 1529 2444 1666 2445 1667 2445 1670 2445 1668 2446 1666 2446 1670 2446 1672 2447 1673 2447 1674 2447 1673 2448 1675 2448 1674 2448 1673 2449 1672 2449 1676 2449 1672 2450 1677 2450 1676 2450 1678 2451 1673 2451 1679 2451 1673 2452 1676 2452 1679 2452 1673 2453 1678 2453 1675 2453 1678 2454 1680 2454 1675 2454 1675 2455 1680 2455 1681 2455 1680 2456 1678 2456 1682 2456 1678 2457 1679 2457 1682 2457 1683 2458 1675 2458 1684 2458 1675 2459 1685 2459 1684 2459 1675 2460 1683 2460 1686 2460 1683 2461 1687 2461 1686 2461 1675 2462 1686 2462 1688 2462 1674 2463 1675 2463 1688 2463 1674 2464 1688 2464 1689 2464 1690 2465 1674 2465 1689 2465 1674 2466 1690 2466 1691 2466 1690 2467 1692 2467 1691 2467 1681 2468 1680 2468 1693 2468 1680 2469 1682 2469 1693 2469 1694 2470 1681 2470 1695 2470 1681 2471 1693 2471 1695 2471 1681 2472 1694 2472 1675 2472 1694 2473 1696 2473 1675 2473 1675 2474 1696 2474 1697 2474 1696 2475 1694 2475 1698 2475 1694 2476 1695 2476 1698 2476 1697 2477 1696 2477 1699 2477 1696 2478 1698 2478 1699 2478 1700 2479 1697 2479 1701 2479 1697 2480 1699 2480 1701 2480 1697 2481 1700 2481 1675 2481 1700 2482 1702 2482 1675 2482 1675 2483 1702 2483 1703 2483 1702 2484 1700 2484 1704 2484 1700 2485 1701 2485 1704 2485 1705 2486 1706 2486 1675 2486 1706 2487 1707 2487 1675 2487 1675 2488 1707 2488 1708 2488 1706 2489 1705 2489 1709 2489 1705 2490 1710 2490 1709 2490 1707 2491 1706 2491 1711 2491 1706 2492 1709 2492 1711 2492 1708 2493 1707 2493 1712 2493 1707 2494 1711 2494 1712 2494 1685 2495 1708 2495 1713 2495 1708 2496 1712 2496 1713 2496 1708 2497 1685 2497 1675 2497 1684 2498 1685 2498 1714 2498 1685 2499 1713 2499 1714 2499 1715 2500 1684 2500 1716 2500 1684 2501 1714 2501 1716 2501 1684 2502 1715 2502 1683 2502 1715 2503 1717 2503 1683 2503 1683 2504 1717 2504 1718 2504 1690 2505 1683 2505 1719 2505 1683 2506 1720 2506 1719 2506 1683 44 1690 44 1687 44 1690 44 1689 44 1687 44 1703 2507 1702 2507 1721 2507 1702 2508 1704 2508 1721 2508 1722 2509 1703 2509 1723 2509 1703 2510 1721 2510 1723 2510 1703 2511 1722 2511 1675 2511 1722 2512 1724 2512 1675 2512 1675 2513 1724 2513 1705 2513 1725 2514 1722 2514 1726 2514 1722 2515 1723 2515 1726 2515 1722 2516 1725 2516 1727 2516 1725 2517 1728 2517 1727 2517 1729 2518 1724 2518 1722 2518 1724 2519 1729 2519 1730 2519 1729 2520 1731 2520 1730 2520 1705 2521 1724 2521 1710 2521 1724 2522 1730 2522 1710 2522 1717 2523 1715 2523 1732 2523 1715 2524 1716 2524 1732 2524 1718 2525 1717 2525 1733 2525 1717 2526 1732 2526 1733 2526 1734 2527 1718 2527 1735 2527 1718 2528 1733 2528 1735 2528 1718 2529 1734 2529 1683 2529 1734 2530 1736 2530 1683 2530 1683 2531 1736 2531 1737 2531 1736 2532 1734 2532 1738 2532 1734 2533 1735 2533 1738 2533 1737 2534 1736 2534 1739 2534 1736 2535 1738 2535 1739 2535 1740 2536 1737 2536 1741 2536 1737 2537 1739 2537 1741 2537 1737 2538 1740 2538 1683 2538 1740 2539 1742 2539 1683 2539 1683 2540 1742 2540 1720 2540 1742 2541 1740 2541 1743 2541 1740 2542 1741 2542 1743 2542 1720 2543 1742 2543 1744 2543 1742 2544 1743 2544 1744 2544 1719 2545 1720 2545 1745 2545 1720 2546 1744 2546 1745 2546 1746 2547 1719 2547 1747 2547 1719 2548 1745 2548 1747 2548 1719 2549 1746 2549 1690 2549 1746 2550 1748 2550 1690 2550 1690 2551 1748 2551 1749 2551 1750 2552 1751 2552 1722 2552 1751 2553 1752 2553 1722 2553 1722 2554 1752 2554 1753 2554 1751 2555 1750 2555 1754 2555 1750 2556 1755 2556 1754 2556 1752 2557 1751 2557 1756 2557 1751 2558 1754 2558 1756 2558 1753 2559 1752 2559 1757 2559 1752 2560 1756 2560 1757 2560 1758 2561 1753 2561 1759 2561 1753 2562 1757 2562 1759 2562 1753 2563 1758 2563 1722 2563 1758 2564 1760 2564 1722 2564 1722 2565 1760 2565 1761 2565 1760 2566 1758 2566 1762 2566 1758 2567 1759 2567 1762 2567 1761 2568 1760 2568 1763 2568 1760 2569 1762 2569 1763 2569 1729 2570 1761 2570 1731 2570 1761 2571 1763 2571 1731 2571 1761 2572 1729 2572 1722 2572 1764 2573 1725 2573 1765 2573 1725 2574 1726 2574 1765 2574 1725 2575 1764 2575 1728 2575 1764 2576 1766 2576 1728 2576 1728 2577 1766 2577 1767 2577 1727 2578 1728 2578 1768 2578 1728 2579 1769 2579 1768 2579 1750 2580 1727 2580 1755 2580 1727 2581 1768 2581 1755 2581 1727 2582 1750 2582 1722 2582 1766 2583 1764 2583 1770 2583 1764 2584 1765 2584 1770 2584 1771 2585 1728 2585 1690 2585 1728 2586 1772 2586 1690 2586 1690 2587 1772 2587 1773 2587 1728 2588 1771 2588 1769 2588 1771 2589 1774 2589 1769 2589 1767 2590 1766 2590 1775 2590 1766 2591 1770 2591 1775 2591 1776 2592 1767 2592 1777 2592 1767 2593 1775 2593 1777 2593 1767 2594 1776 2594 1728 2594 1776 2595 1778 2595 1728 2595 1728 2596 1778 2596 1779 2596 1778 2597 1776 2597 1780 2597 1776 2598 1777 2598 1780 2598 1779 2599 1778 2599 1781 2599 1778 2600 1780 2600 1781 2600 1772 2601 1779 2601 1782 2601 1779 2602 1781 2602 1782 2602 1779 2603 1772 2603 1728 2603 1773 2604 1772 2604 1783 2604 1772 2605 1782 2605 1783 2605 1784 2606 1773 2606 1785 2606 1773 2607 1783 2607 1785 2607 1773 2608 1784 2608 1690 2608 1784 2609 1786 2609 1690 2609 1690 2610 1786 2610 1787 2610 1748 2611 1746 2611 1788 2611 1746 2612 1747 2612 1788 2612 1786 2613 1784 2613 1789 2613 1784 2614 1785 2614 1789 2614 1749 2615 1748 2615 1790 2615 1748 2616 1788 2616 1790 2616 1791 2617 1672 2617 1674 2617 1672 2618 1791 2618 1677 2618 1791 2619 1792 2619 1677 2619 1787 2620 1786 2620 1793 2620 1786 2621 1789 2621 1793 2621 1794 2622 1749 2622 1795 2622 1749 2623 1790 2623 1795 2623 1749 2624 1794 2624 1690 2624 1794 2625 1796 2625 1690 2625 1690 2626 1796 2626 1797 2626 1798 2627 1791 2627 1674 2627 1791 2628 1798 2628 1792 2628 1798 2629 1799 2629 1792 2629 1800 2630 1787 2630 1801 2630 1787 2631 1793 2631 1801 2631 1787 2487 1800 2487 1690 2487 1800 2632 1692 2632 1690 2632 1796 2633 1794 2633 1802 2633 1794 2634 1795 2634 1802 2634 1803 2635 1798 2635 1674 2635 1798 2636 1803 2636 1799 2636 1803 2637 1804 2637 1799 2637 1692 2638 1800 2638 1805 2638 1800 2639 1801 2639 1805 2639 1797 2640 1796 2640 1806 2640 1796 2641 1802 2641 1806 2641 1807 2642 1803 2642 1674 2642 1803 2643 1807 2643 1804 2643 1807 2644 1808 2644 1804 2644 1691 2645 1692 2645 1809 2645 1692 2646 1805 2646 1809 2646 1810 2647 1797 2647 1811 2647 1797 2648 1806 2648 1811 2648 1797 2649 1810 2649 1690 2649 1810 2650 1812 2650 1690 2650 1690 2651 1812 2651 1771 2651 1813 2652 1807 2652 1674 2652 1807 2653 1813 2653 1808 2653 1813 2654 1814 2654 1808 2654 1815 2655 1691 2655 1816 2655 1691 2656 1809 2656 1816 2656 1691 2657 1815 2657 1674 2657 1815 2658 1817 2658 1674 2658 1674 2659 1817 2659 1818 2659 1812 2660 1810 2660 1819 2660 1810 2661 1811 2661 1819 2661 1820 2662 1813 2662 1674 2662 1813 2663 1820 2663 1814 2663 1820 2664 1821 2664 1814 2664 1817 2665 1815 2665 1822 2665 1815 2666 1816 2666 1822 2666 1771 2667 1812 2667 1774 2667 1812 2668 1819 2668 1774 2668 1818 2669 1820 2669 1674 2669 1820 2670 1818 2670 1821 2670 1818 2671 1823 2671 1821 2671 1818 2672 1817 2672 1823 2672 1817 2673 1822 2673 1823 2673 1824 2674 1825 2674 1713 2674 1825 2675 1714 2675 1713 2675 1825 2676 1824 2676 1826 2676 1824 44 1827 44 1826 44 1825 2677 1826 2677 1828 2677 1829 2678 1825 2678 1828 2678 1825 2679 1829 2679 1686 2679 1829 2680 1765 2680 1686 2680 1686 2681 1765 2681 1726 2681 1829 2682 1828 2682 1830 2682 1831 1265 1829 1265 1830 1265 1829 2683 1831 2683 1785 2683 1831 2684 1789 2684 1785 2684 1686 2685 1687 2685 1825 2685 1687 2686 1733 2686 1825 2686 1825 2687 1733 2687 1732 2687 1688 2688 1686 2688 1682 2688 1686 2689 1693 2689 1682 2689 1687 2690 1689 2690 1788 2690 1689 2691 1790 2691 1788 2691 1698 2692 1695 2692 1686 2692 1695 2693 1693 2693 1686 2693 1699 2694 1698 2694 1686 2694 1701 2695 1699 2695 1686 2695 1723 2696 1721 2696 1686 2696 1721 2697 1704 2697 1686 2697 1686 2698 1704 2698 1701 2698 1726 2699 1723 2699 1686 2699 1682 2700 1679 2700 1688 2700 1679 2701 1676 2701 1688 2701 1688 2702 1676 2702 1677 2702 1689 2703 1688 2703 1831 2703 1688 2704 1821 2704 1831 2704 1831 2705 1821 2705 1823 2705 1770 2706 1765 2706 1829 2706 1745 2707 1744 2707 1687 2707 1744 2708 1743 2708 1687 2708 1687 2709 1743 2709 1741 2709 1747 2710 1745 2710 1687 2710 1741 2711 1739 2711 1687 2711 1739 2712 1738 2712 1687 2712 1687 2713 1738 2713 1735 2713 1735 2714 1733 2714 1687 2714 1788 2715 1747 2715 1687 2715 1831 2716 1830 2716 1827 2716 1824 2717 1831 2717 1827 2717 1831 2718 1824 2718 1689 2718 1824 2719 1755 2719 1689 2719 1689 2720 1755 2720 1768 2720 1785 2721 1783 2721 1829 2721 1783 2722 1782 2722 1829 2722 1829 2723 1782 2723 1781 2723 1781 2724 1780 2724 1829 2724 1780 2725 1777 2725 1829 2725 1829 2726 1777 2726 1775 2726 1775 2727 1770 2727 1829 2727 1716 2728 1714 2728 1825 2728 1732 2729 1716 2729 1825 2729 1713 2730 1712 2730 1824 2730 1712 2731 1711 2731 1824 2731 1824 2732 1711 2732 1709 2732 1709 2733 1710 2733 1824 2733 1710 2734 1730 2734 1824 2734 1824 2735 1730 2735 1731 2735 1793 2736 1789 2736 1831 2736 1731 2737 1763 2737 1824 2737 1763 2738 1762 2738 1824 2738 1824 2739 1762 2739 1759 2739 1795 2740 1790 2740 1689 2740 1801 2741 1793 2741 1831 2741 1802 2742 1795 2742 1689 2742 1677 2743 1792 2743 1688 2743 1792 2744 1799 2744 1688 2744 1688 2745 1799 2745 1804 2745 1805 2746 1801 2746 1831 2746 1806 2747 1802 2747 1689 2747 1809 2748 1805 2748 1831 2748 1759 2749 1757 2749 1824 2749 1757 2750 1756 2750 1824 2750 1824 2751 1756 2751 1754 2751 1811 2752 1806 2752 1689 2752 1816 2753 1809 2753 1831 2753 1819 2754 1811 2754 1689 2754 1804 2755 1808 2755 1688 2755 1808 2756 1814 2756 1688 2756 1688 2757 1814 2757 1821 2757 1822 2758 1816 2758 1831 2758 1774 2759 1819 2759 1689 2759 1823 2760 1822 2760 1831 2760 1754 2761 1755 2761 1824 2761 1769 2762 1774 2762 1689 2762 1768 2763 1769 2763 1689 2763 1826 2764 1827 2764 1830 2764 1828 2765 1826 2765 1830 2765 1832 2766 1833 2766 1834 2766 1833 2767 1835 2767 1834 2767 1833 2768 1832 2768 1836 2768 1832 2769 1837 2769 1836 2769 1838 2770 1833 2770 1839 2770 1833 2771 1836 2771 1839 2771 1833 2772 1838 2772 1835 2772 1838 2773 1840 2773 1835 2773 1835 2774 1840 2774 1841 2774 1840 2775 1838 2775 1842 2775 1838 2776 1839 2776 1842 2776 1843 2777 1835 2777 1844 2777 1835 2778 1845 2778 1844 2778 1835 2779 1843 2779 1846 2779 1843 2780 1847 2780 1846 2780 1835 2781 1846 2781 1848 2781 1834 2782 1835 2782 1848 2782 1834 2783 1848 2783 1849 2783 1850 2784 1834 2784 1849 2784 1834 2785 1850 2785 1851 2785 1850 2786 1852 2786 1851 2786 1841 2787 1840 2787 1853 2787 1840 2788 1842 2788 1853 2788 1854 2789 1841 2789 1855 2789 1841 2790 1853 2790 1855 2790 1841 2791 1854 2791 1835 2791 1854 2792 1856 2792 1835 2792 1835 2793 1856 2793 1857 2793 1856 2794 1854 2794 1858 2794 1854 2795 1855 2795 1858 2795 1857 2796 1856 2796 1859 2796 1856 2797 1858 2797 1859 2797 1860 2798 1857 2798 1861 2798 1857 2799 1859 2799 1861 2799 1857 2800 1860 2800 1835 2800 1860 2801 1862 2801 1835 2801 1835 2802 1862 2802 1863 2802 1862 2803 1860 2803 1864 2803 1860 2804 1861 2804 1864 2804 1865 2805 1866 2805 1835 2805 1866 2806 1867 2806 1835 2806 1835 2807 1867 2807 1868 2807 1866 2808 1865 2808 1869 2808 1865 2809 1870 2809 1869 2809 1867 2810 1866 2810 1871 2810 1866 2811 1869 2811 1871 2811 1868 2812 1867 2812 1872 2812 1867 2813 1871 2813 1872 2813 1845 2814 1868 2814 1873 2814 1868 2815 1872 2815 1873 2815 1868 2816 1845 2816 1835 2816 1844 2817 1845 2817 1874 2817 1845 2818 1873 2818 1874 2818 1875 2819 1844 2819 1876 2819 1844 2820 1874 2820 1876 2820 1844 2821 1875 2821 1843 2821 1875 2822 1877 2822 1843 2822 1843 2823 1877 2823 1878 2823 1850 2824 1843 2824 1879 2824 1843 2825 1880 2825 1879 2825 1843 44 1850 44 1847 44 1850 44 1849 44 1847 44 1863 2826 1862 2826 1881 2826 1862 2827 1864 2827 1881 2827 1882 2828 1863 2828 1883 2828 1863 2829 1881 2829 1883 2829 1863 2830 1882 2830 1835 2830 1882 2831 1884 2831 1835 2831 1835 2832 1884 2832 1865 2832 1885 2833 1882 2833 1886 2833 1882 2834 1883 2834 1886 2834 1882 2835 1885 2835 1887 2835 1885 2836 1888 2836 1887 2836 1889 2837 1884 2837 1882 2837 1884 2838 1889 2838 1890 2838 1889 2839 1891 2839 1890 2839 1865 2840 1884 2840 1870 2840 1884 2841 1890 2841 1870 2841 1877 2842 1875 2842 1892 2842 1875 2843 1876 2843 1892 2843 1878 2844 1877 2844 1893 2844 1877 2845 1892 2845 1893 2845 1894 2846 1878 2846 1895 2846 1878 2847 1893 2847 1895 2847 1878 2848 1894 2848 1843 2848 1894 2849 1896 2849 1843 2849 1843 2850 1896 2850 1897 2850 1896 2851 1894 2851 1898 2851 1894 2852 1895 2852 1898 2852 1897 2853 1896 2853 1899 2853 1896 2854 1898 2854 1899 2854 1900 2855 1897 2855 1901 2855 1897 2856 1899 2856 1901 2856 1897 2857 1900 2857 1843 2857 1900 2858 1902 2858 1843 2858 1843 2859 1902 2859 1880 2859 1902 2860 1900 2860 1903 2860 1900 2861 1901 2861 1903 2861 1880 2862 1902 2862 1904 2862 1902 2863 1903 2863 1904 2863 1879 2864 1880 2864 1905 2864 1880 2865 1904 2865 1905 2865 1906 2866 1879 2866 1907 2866 1879 2867 1905 2867 1907 2867 1879 2868 1906 2868 1850 2868 1906 2869 1908 2869 1850 2869 1850 2870 1908 2870 1909 2870 1910 2871 1911 2871 1882 2871 1911 2872 1912 2872 1882 2872 1882 2873 1912 2873 1913 2873 1911 2874 1910 2874 1914 2874 1910 2875 1915 2875 1914 2875 1912 2876 1911 2876 1916 2876 1911 2877 1914 2877 1916 2877 1913 2878 1912 2878 1917 2878 1912 2879 1916 2879 1917 2879 1918 2880 1913 2880 1919 2880 1913 2881 1917 2881 1919 2881 1913 2882 1918 2882 1882 2882 1918 2883 1920 2883 1882 2883 1882 2884 1920 2884 1921 2884 1920 2885 1918 2885 1922 2885 1918 2886 1919 2886 1922 2886 1921 2887 1920 2887 1923 2887 1920 2888 1922 2888 1923 2888 1889 2889 1921 2889 1891 2889 1921 2890 1923 2890 1891 2890 1921 2891 1889 2891 1882 2891 1924 2892 1885 2892 1925 2892 1885 2893 1886 2893 1925 2893 1885 2894 1924 2894 1888 2894 1924 2895 1926 2895 1888 2895 1888 2896 1926 2896 1927 2896 1887 2897 1888 2897 1928 2897 1888 2898 1929 2898 1928 2898 1910 2899 1887 2899 1915 2899 1887 2900 1928 2900 1915 2900 1887 2901 1910 2901 1882 2901 1926 2902 1924 2902 1930 2902 1924 2903 1925 2903 1930 2903 1931 2904 1888 2904 1850 2904 1888 2905 1932 2905 1850 2905 1850 2906 1932 2906 1933 2906 1888 2907 1931 2907 1929 2907 1931 2908 1934 2908 1929 2908 1927 2909 1926 2909 1935 2909 1926 2910 1930 2910 1935 2910 1936 2911 1927 2911 1937 2911 1927 2912 1935 2912 1937 2912 1927 2913 1936 2913 1888 2913 1936 2914 1938 2914 1888 2914 1888 2915 1938 2915 1939 2915 1938 2916 1936 2916 1940 2916 1936 2917 1937 2917 1940 2917 1939 2918 1938 2918 1941 2918 1938 2919 1940 2919 1941 2919 1932 2920 1939 2920 1942 2920 1939 2921 1941 2921 1942 2921 1939 2922 1932 2922 1888 2922 1933 2923 1932 2923 1943 2923 1932 2924 1942 2924 1943 2924 1944 2925 1933 2925 1945 2925 1933 2926 1943 2926 1945 2926 1933 2927 1944 2927 1850 2927 1944 2928 1946 2928 1850 2928 1850 2929 1946 2929 1947 2929 1908 2930 1906 2930 1948 2930 1906 2931 1907 2931 1948 2931 1946 2932 1944 2932 1949 2932 1944 2933 1945 2933 1949 2933 1909 2934 1908 2934 1950 2934 1908 2935 1948 2935 1950 2935 1951 2936 1832 2936 1834 2936 1832 2937 1951 2937 1837 2937 1951 2938 1952 2938 1837 2938 1947 2939 1946 2939 1953 2939 1946 2940 1949 2940 1953 2940 1954 2941 1909 2941 1955 2941 1909 2942 1950 2942 1955 2942 1909 2943 1954 2943 1850 2943 1954 2944 1956 2944 1850 2944 1850 2945 1956 2945 1957 2945 1958 2946 1951 2946 1834 2946 1951 2947 1958 2947 1952 2947 1958 2948 1959 2948 1952 2948 1960 2949 1947 2949 1961 2949 1947 2950 1953 2950 1961 2950 1947 2951 1960 2951 1850 2951 1960 2952 1852 2952 1850 2952 1956 2953 1954 2953 1962 2953 1954 2954 1955 2954 1962 2954 1963 2955 1958 2955 1834 2955 1958 2956 1963 2956 1959 2956 1963 2957 1964 2957 1959 2957 1852 2958 1960 2958 1965 2958 1960 2959 1961 2959 1965 2959 1957 2960 1956 2960 1966 2960 1956 2961 1962 2961 1966 2961 1967 2962 1963 2962 1834 2962 1963 2963 1967 2963 1964 2963 1967 2964 1968 2964 1964 2964 1851 2965 1852 2965 1969 2965 1852 2966 1965 2966 1969 2966 1970 2967 1957 2967 1971 2967 1957 2968 1966 2968 1971 2968 1957 2969 1970 2969 1850 2969 1970 2970 1972 2970 1850 2970 1850 2971 1972 2971 1931 2971 1973 2972 1967 2972 1834 2972 1967 2973 1973 2973 1968 2973 1973 2974 1974 2974 1968 2974 1975 2975 1851 2975 1976 2975 1851 2976 1969 2976 1976 2976 1851 2977 1975 2977 1834 2977 1975 2978 1977 2978 1834 2978 1834 2979 1977 2979 1978 2979 1972 2980 1970 2980 1979 2980 1970 2981 1971 2981 1979 2981 1980 2982 1973 2982 1834 2982 1973 2983 1980 2983 1974 2983 1980 2984 1981 2984 1974 2984 1977 2985 1975 2985 1982 2985 1975 2986 1976 2986 1982 2986 1931 2987 1972 2987 1934 2987 1972 2988 1979 2988 1934 2988 1978 2989 1980 2989 1834 2989 1980 2990 1978 2990 1981 2990 1978 2991 1983 2991 1981 2991 1978 2992 1977 2992 1983 2992 1977 2993 1982 2993 1983 2993 1984 2994 1985 2994 1873 2994 1985 2995 1874 2995 1873 2995 1985 2996 1984 2996 1986 2996 1984 44 1987 44 1986 44 1985 2997 1986 2997 1988 2997 1989 2998 1985 2998 1988 2998 1985 2999 1989 2999 1846 2999 1989 3000 1925 3000 1846 3000 1846 3001 1925 3001 1886 3001 1989 3002 1988 3002 1990 3002 1991 1265 1989 1265 1990 1265 1989 3003 1991 3003 1945 3003 1991 3004 1949 3004 1945 3004 1846 3005 1847 3005 1985 3005 1847 3006 1893 3006 1985 3006 1985 3007 1893 3007 1892 3007 1848 3008 1846 3008 1842 3008 1846 3009 1853 3009 1842 3009 1847 3010 1849 3010 1948 3010 1849 3011 1950 3011 1948 3011 1858 3012 1855 3012 1846 3012 1855 3013 1853 3013 1846 3013 1859 3014 1858 3014 1846 3014 1861 3015 1859 3015 1846 3015 1883 3016 1881 3016 1846 3016 1881 3017 1864 3017 1846 3017 1846 3018 1864 3018 1861 3018 1886 3019 1883 3019 1846 3019 1842 3020 1839 3020 1848 3020 1839 3021 1836 3021 1848 3021 1848 3022 1836 3022 1837 3022 1849 3023 1848 3023 1991 3023 1848 3024 1981 3024 1991 3024 1991 3025 1981 3025 1983 3025 1930 3026 1925 3026 1989 3026 1905 3027 1904 3027 1847 3027 1904 3028 1903 3028 1847 3028 1847 3029 1903 3029 1901 3029 1907 3030 1905 3030 1847 3030 1901 3031 1899 3031 1847 3031 1899 3032 1898 3032 1847 3032 1847 3033 1898 3033 1895 3033 1895 3034 1893 3034 1847 3034 1948 3035 1907 3035 1847 3035 1991 3036 1990 3036 1987 3036 1984 3037 1991 3037 1987 3037 1991 3038 1984 3038 1849 3038 1984 3039 1915 3039 1849 3039 1849 3040 1915 3040 1928 3040 1945 3041 1943 3041 1989 3041 1943 3042 1942 3042 1989 3042 1989 3043 1942 3043 1941 3043 1941 3044 1940 3044 1989 3044 1940 3045 1937 3045 1989 3045 1989 3046 1937 3046 1935 3046 1935 3047 1930 3047 1989 3047 1876 3048 1874 3048 1985 3048 1892 3049 1876 3049 1985 3049 1873 3050 1872 3050 1984 3050 1872 3051 1871 3051 1984 3051 1984 3052 1871 3052 1869 3052 1869 3053 1870 3053 1984 3053 1870 3054 1890 3054 1984 3054 1984 3055 1890 3055 1891 3055 1953 3056 1949 3056 1991 3056 1891 3057 1923 3057 1984 3057 1923 3058 1922 3058 1984 3058 1984 3059 1922 3059 1919 3059 1955 3060 1950 3060 1849 3060 1961 3061 1953 3061 1991 3061 1962 3062 1955 3062 1849 3062 1837 3063 1952 3063 1848 3063 1952 3064 1959 3064 1848 3064 1848 3065 1959 3065 1964 3065 1965 3066 1961 3066 1991 3066 1966 3067 1962 3067 1849 3067 1969 3068 1965 3068 1991 3068 1919 3069 1917 3069 1984 3069 1917 3070 1916 3070 1984 3070 1984 3071 1916 3071 1914 3071 1971 3072 1966 3072 1849 3072 1976 3073 1969 3073 1991 3073 1979 3074 1971 3074 1849 3074 1964 3075 1968 3075 1848 3075 1968 3076 1974 3076 1848 3076 1848 3077 1974 3077 1981 3077 1982 3078 1976 3078 1991 3078 1934 3079 1979 3079 1849 3079 1983 3080 1982 3080 1991 3080 1914 3081 1915 3081 1984 3081 1929 3082 1934 3082 1849 3082 1928 3083 1929 3083 1849 3083 1986 3084 1987 3084 1990 3084 1988 3085 1986 3085 1990 3085</p>
        </triangles>
      </mesh>
    </geometry>
    <geometry id="Cube-mesh" name="Cube">
      <mesh>
        <source id="Cube-mesh-positions">
          <float_array id="Cube-mesh-positions-array" count="24">1 1 1 1 1 -1 1 -1 1 1 -1 -1 -1 1 1 -1 1 -1 -1 -1 1 -1 -1 -1</float_array>
          <technique_common>
            <accessor source="#Cube-mesh-positions-array" count="8" stride="3">
              <param name="X" type="float"/>
              <param name="Y" type="float"/>
              <param name="Z" type="float"/>
            </accessor>
          </technique_common>
        </source>
        <source id="Cube-mesh-normals">
          <float_array id="Cube-mesh-normals-array" count="18">0 0 1 0 -1 0 -1 0 0 0 0 -1 1 0 0 0 1 0</float_array>
          <technique_common>
            <accessor source="#Cube-mesh-normals-array" count="6" stride="3">
              <param name="X" type="float"/>
              <param name="Y" type="float"/>
              <param name="Z" type="float"/>
            </accessor>
          </technique_common>
        </source>
        <source id="Cube-mesh-map-0">
          <float_array id="Cube-mesh-map-0-array" count="72">0.875 0.5 0.625 0.75 0.625 0.5 0.625 0.75 0.375 1 0.375 0.75 0.625 0 0.375 0.25 0.375 0 0.375 0.5 0.125 0.75 0.125 0.5 0.625 0.5 0.375 0.75 0.375 0.5 0.625 0.25 0.375 0.5 0.375 0.25 0.875 0.5 0.875 0.75 0.625 0.75 0.625 0.75 0.625 1 0.375 1 0.625 0 0.625 0.25 0.375 0.25 0.375 0.5 0.375 0.75 0.125 0.75 0.625 0.5 0.625 0.75 0.375 0.75 0.625 0.25 0.625 0.5 0.375 0.5</float_array>
          <technique_common>
            <accessor source="#Cube-mesh-map-0-array" count="36" stride="2">
              <param name="S" type="float"/>
              <param name="T" type="float"/>
            </accessor>
          </technique_common>
        </source>
        <vertices id="Cube-mesh-vertices">
          <input semantic="POSITION" source="#Cube-mesh-positions"/>
        </vertices>
        <triangles material="Material-material" count="12">
          <input semantic="VERTEX" source="#Cube-mesh-vertices" offset="0"/>
          <input semantic="NORMAL" source="#Cube-mesh-normals" offset="1"/>
          <input semantic="TEXCOORD" source="#Cube-mesh-map-0" offset="2" set="0"/>
          <p>4 0 0 2 0 1 0 0 2 2 1 3 7 1 4 3 1 5 6 2 6 5 2 7 7 2 8 1 3 9 7 3 10 5 3 11 0 4 12 3 4 13 1 4 14 4 5 15 1 5 16 5 5 17 4 0 18 6 0 19 2 0 20 2 1 21 6 1 22 7 1 23 6 2 24 4 2 25 5 2 26 1 3 27 3 3 28 7 3 29 0 4 30 2 4 31 3 4 32 4 5 33 0 5 34 1 5 35</p>
        </triangles>
      </mesh>
    </geometry>
  </library_geometries>
  <library_visual_scenes>
    <visual_scene id="Scene" name="Scene">
      <node id="Cube_002" name="Cube.002" type="NODE">
        <matrix sid="transform">0.1587355 0 0 0.1718501 0 -5.72252e-9 0.003854767 8.31734e-4 0 0.130916 1.68497e-10 0.1357743 0 0 0 1</matrix>
        <instance_geometry url="#Cube_002-mesh" name="Cube.002">
          <bind_material>
            <technique_common>
              <instance_material symbol="Material_002-material" target="#Material_002-material">
                <bind_vertex_input semantic="UVMap" input_semantic="TEXCOORD" input_set="0"/>
              </instance_material>
            </technique_common>
          </bind_material>
        </instance_geometry>
      </node>
      <node id="Cube_001" name="Cube.001" type="NODE">
        <matrix sid="transform">0.1587355 0 0 0.1718501 0 0.04500731 0 0.05298569 0 0 -0.003854767 0.1958643 0 0 0 1</matrix>
        <instance_geometry url="#Cube_001-mesh" name="Cube.001">
          <bind_material>
            <technique_common>
              <instance_material symbol="Material_001-material" target="#Material_001-material">
                <bind_vertex_input semantic="UVMap" input_semantic="TEXCOORD" input_set="0"/>
              </instance_material>
            </technique_common>
          </bind_material>
        </instance_geometry>
      </node>
      <node id="Rack" name="Rack" type="NODE">
        <matrix sid="transform">1 0 0 0 0 1 0 0 0 0 1 0 0 0 0 1</matrix>
        <instance_geometry url="#Rack-mesh" name="Rack">
          <bind_material>
            <technique_common>
              <instance_material symbol="Material_003-material" target="#Material_003-material"/>
            </technique_common>
          </bind_material>
        </instance_geometry>
      </node>
      <node id="Camera" name="Camera" type="NODE">
        <matrix sid="transform">0.6859207 -0.3240135 0.6515582 7.358891 0.7276763 0.3054208 -0.6141704 -6.925791 0 0.8953956 0.4452714 4.958309 0 0 0 1</matrix>
        <instance_camera url="#Camera-camera"/>
      </node>
      <node id="Light" name="Light" type="NODE">
        <matrix sid="transform">-0.2908646 -0.7711008 0.5663932 4.076245 0.9551712 -0.1998834 0.2183912 1.005454 -0.05518906 0.6045247 0.7946723 5.903862 0 0 0 1</matrix>
        <instance_light url="#Light-light"/>
      </node>
      <node id="Cube" name="Cube" type="NODE">
        <matrix sid="transform">0.1587355 0 0 0.1718501 0 0.04500731 0 0.05298569 0 0 -0.003854767 0.0164693 0 0 0 1</matrix>
        <instance_geometry url="#Cube-mesh" name="Cube">
          <bind_material>
            <technique_common>
              <instance_material symbol="Material-material" target="#Material-material">
                <bind_vertex_input semantic="UVMap" input_semantic="TEXCOORD" input_set="0"/>
              </instance_material>
            </technique_common>
          </bind_material>
        </instance_geometry>
      </node>
    </visual_scene>
  </library_visual_scenes>
  <scene>
    <instance_visual_scene url="#Scene"/>
  </scene>
</COLLADA>