<?xml version="1.0" encoding="utf-8"?>
<COLLADA xmlns="http://www.collada.org/2005/11/COLLADASchema" version="1.4.1" xmlns:xsi="http://www.w3.org/2001/XMLSchema-instance">
  <asset>
    <contributor>
      <author>Blender User</author>
      <authoring_tool>Blender 2.92.0 commit date:2021-02-24, commit time:16:25, hash:02948a2cab44</authoring_tool>
    </contributor>
    <created>2026-05-14T16:41:41</created>
    <modified>2026-05-14T16:41:41</modified>
    <unit name="millimeter" meter="0.001"/>
    <up_axis>Z_UP</up_axis>
  </asset>
  <library_cameras>
    <camera id="Camera-camera" name="Camera">
      <optics>
        <technique_common>
          <perspective>
            <xfov sid="xfov">39.59775</xfov>
            <aspect_ratio>1.777778</aspect_ratio>
            <znear sid="znear">0.1</znear>
            <zfar sid="zfar">100</zfar>
          </perspective>
        </technique_common>
      </optics>
      <extra>
        <technique profile="blender">
          <shiftx sid="shiftx" type="float">0</shiftx>
          <shifty sid="shifty" type="float">0</shifty>
          <dof_distance sid="dof_distance" type="float">10</dof_distance>
        </technique>
      </extra>
    </camera>
  </library_cameras>
  <library_lights>
    <light id="Light-light" name="Light">
      <technique_common>
        <point>
          <color sid="color">1000 1000 1000</color>
          <constant_attenuation>1</constant_attenuation>
          <linear_attenuation>0</linear_attenuation>
          <quadratic_attenuation>0.00111109</quadratic_attenuation>
        </point>
      </technique_common>
      <extra>
        <technique profile="blender">
          <type sid="type" type="int">0</type>
          <flag sid="flag" type="int">0</flag>
          <mode sid="mode" type="int">1</mode>
          <gamma sid="blender_gamma" type="float">1</gamma>
          <red sid="red" type="float">1</red>
          <green sid="green" type="float">1</green>
          <blue sid="blue" type="float">1</blue>
          <shadow_r sid="blender_shadow_r" type="float">0</shadow_r>
          <shadow_g sid="blender_shadow_g" type="float">0</shadow_g>
          <shadow_b sid="blender_shadow_b" type="float">0</shadow_b>
          <energy sid="blender_energy" type="float">1000</energy>
          <dist sid="blender_dist" type="float">29.99998</dist>
          <spotsize sid="spotsize" type="float">75</spotsize>
          <spotblend sid="spotblend" type="float">0.15</spotblend>
          <att1 sid="att1" type="float">0</att1>
          <att2 sid="att2" type="float">1</att2>
          <falloff_type sid="falloff_type" type="int">2</falloff_type>
          <clipsta sid="clipsta" type="float">0.04999995</clipsta>
          <clipend sid="clipend" type="float">30.002</clipend>
          <bias sid="bias" type="float">1</bias>
          <soft sid="soft" type="float">3</soft>
          <bufsize sid="bufsize" type="int">2880</bufsize>
          <samp sid="samp" type="int">3</samp>
          <buffers sid="buffers" type="int">1</buffers>
          <area_shape sid="area_shape" type="int">1</area_shape>
          <area_size sid="area_size" type="float">0.1</area_size>
          <area_sizey sid="area_sizey" type="float">0.1</area_sizey>
          <area_sizez sid="area_sizez" type="float">1</area_sizez>
        </technique>
      </extra>
    </light>
  </library_lights>
  <library_effects>
    <effect id="Material_001-effect">
      <profile_COMMON>
        <technique sid="common">
          <lambert>
            <emission>
              <color sid="emission">0 0 0 1</color>
            </emission>
            <diffuse>
              <color sid="diffuse">1.55856e-4 1.79215e-4 5.1546e-4 1</color>
            </diffuse>
            <index_of_refraction>
              <float sid="ior">1.45</float>
            </index_of_refraction>
          </lambert>
        </technique>
      </profile_COMMON>
    </effect>
    <effect id="Material_003-effect">
      <profile_COMMON>
        <technique sid="common">
          <lambert>
            <emission>
              <color sid="emission">0 0 0 1</color>
            </emission>
            <diffuse>
              <color sid="diffuse">0.07303026 0.1651076 0.8000001 1</color>
            </diffuse>
            <index_of_refraction>
              <float sid="ior">1.45</float>
            </index_of_refraction>
          </lambert>
        </technique>
      </profile_COMMON>
    </effect>
  </library_effects>
  <library_images/>
  <library_materials>
    <material id="Material_001-material" name="Material.001">
      <instance_effect url="#Material_001-effect"/>
    </material>
    <material id="Material_003-material" name="Material.003">
      <instance_effect url="#Material_003-effect"/>
    </material>
  </library_materials>
  <library_geometries>
    <geometry id="Pata_Rollers_001-mesh" name="Pata Rollers.001">
      <mesh>
        <source id="Pata_Rollers_001-mesh-positions">
          <float_array id="Pata_Rollers_001-mesh-positions-array" count="96">-79.5 -6 -6 -72.5 -6 -6 -79.5 0 -6 -72.5 0 -6 -72.5 0 0 -72.5 -6 0 -85 0 0 -85 -6 0 -79.5 0 0 -79.5 -6 0 79.5 0 -6 79.5 0 0 85 0 0 -70 0 -14.5 -70 0 -34.5 -85 0 -34.5 72.5 0 0 72.5 0 -6 85 0 -34.5 70 0 -34.5 70 0 -14.5 70 -6 -14.5 70 -6 -34.5 85 -6 -34.5 72.5 -6 0 -85 -6 -34.5 -70 -6 -14.5 -70 -6 -34.5 79.5 -6 -6 85 -6 0 79.5 -6 0 72.5 -6 -6</float_array>
          <technique_common>
            <accessor source="#Pata_Rollers_001-mesh-positions-array" count="32" stride="3">
              <param name="X" type="float"/>
              <param name="Y" type="float"/>
              <param name="Z" type="float"/>
            </accessor>
          </technique_common>
        </source>
        <source id="Pata_Rollers_001-mesh-normals">
          <float_array id="Pata_Rollers_001-mesh-normals-array" count="30">0 0 1 -1 0 0 0 0 1 0 1 0 0 0 -1 0 0 1 0 0 1 0 -1 0 0 0 1 1 0 0</float_array>
          <technique_common>
            <accessor source="#Pata_Rollers_001-mesh-normals-array" count="10" stride="3">
              <param name="X" type="float"/>
              <param name="Y" type="float"/>
              <param name="Z" type="float"/>
            </accessor>
          </technique_common>
        </source>
        <vertices id="Pata_Rollers_001-mesh-vertices">
          <input semantic="POSITION" source="#Pata_Rollers_001-mesh-positions"/>
        </vertices>
        <triangles material="Material_001-material" count="60">
          <input semantic="VERTEX" source="#Pata_Rollers_001-mesh-vertices" offset="0"/>
          <input semantic="NORMAL" source="#Pata_Rollers_001-mesh-normals" offset="1"/>
          <p>0 0 1 0 2 0 1 0 3 0 2 0 3 1 1 1 4 1 1 1 5 1 4 1 6 2 7 2 8 2 7 2 9 2 8 2 10 3 11 3 12 3 13 3 14 3 15 3 4 3 16 3 3 3 16 3 17 3 3 3 18 3 19 3 20 3 12 3 18 3 10 3 18 3 20 3 10 3 10 3 20 3 17 3 20 3 13 3 17 3 17 3 13 3 3 3 13 3 15 3 3 3 3 3 15 3 2 3 15 3 6 3 2 3 2 3 6 3 8 3 20 1 19 1 21 1 19 1 22 1 21 1 18 4 23 4 19 4 23 4 22 4 19 4 5 5 24 5 4 5 24 6 16 6 4 6 9 7 7 7 0 7 7 7 25 7 0 7 0 7 25 7 26 7 25 7 27 7 26 7 22 7 23 7 28 7 23 7 29 7 28 7 28 7 29 7 30 7 31 7 24 7 1 7 24 7 5 7 1 7 22 7 28 7 21 7 28 7 31 7 21 7 21 7 31 7 26 7 31 7 1 7 26 7 26 7 1 7 0 7 30 8 29 8 11 8 29 8 12 8 11 8 27 4 25 4 14 4 25 4 15 4 14 4 25 1 7 1 15 1 7 1 6 1 15 1 29 9 23 9 12 9 23 9 18 9 12 9 13 4 20 4 26 4 20 4 21 4 26 4 31 9 17 9 24 9 17 9 16 9 24 9 14 9 13 9 27 9 13 9 26 9 27 9 10 1 28 1 11 1 28 1 30 1 11 1 31 0 28 0 17 0 28 0 10 0 17 0 0 9 2 9 9 9 2 9 8 9 9 9</p>
        </triangles>
      </mesh>
    </geometry>
    <geometry id="Roller_Main-mesh" name="Roller Main">
      <mesh>
        <source id="Roller_Main-mesh-positions">
          <float_array id="Roller_Main-mesh-positions-array" count="5451">81.14817 -25.43407 32.5 81.14817 -25.43407 35.5 81.14817 -20.43407 32.5 81.14817 -20.43407 35.5 81.14817 -80.03408 32.5 81.14817 -85.03408 32.5 81.14817 -80.03408 35.5 81.14817 -85.03408 35.5 -73.85184 -25.43407 32.5 -73.85184 -20.43407 32.5 -73.85184 -25.43407 35.5 -73.85184 -20.43407 35.5 -68.85184 -25.43407 32.5 -68.85184 -25.43407 35.5 -68.85184 -20.43407 35.5 -68.85184 -20.43407 32.5 81.14817 -103.0341 32.5 81.14817 -108.0341 32.5 81.14817 -103.0341 35.5 81.14817 -108.0341 35.5 -73.85184 -103.0341 32.5 -73.85184 -103.0341 35.5 -73.85184 -108.0341 32.5 -73.85184 -108.0341 35.5 81.14817 -2.434072 32.5 81.14817 2.565928 32.5 83.64817 4.865928 32.5 83.64817 -110.3341 32.5 73.64817 -100.5841 32.5 76.14817 -103.0341 32.5 73.64817 -110.3341 32.5 76.14817 -108.0341 32.5 76.14817 -80.03408 32.5 73.64817 -62.58407 32.5 73.64817 -81.58408 32.5 76.14817 -85.03408 32.5 73.64817 4.865928 32.5 76.14817 2.565928 32.5 73.64817 -5.584072 32.5 76.14817 -2.434072 32.5 73.64817 -43.58407 32.5 76.14817 -25.43407 32.5 73.64817 -24.58407 32.5 76.14817 -20.43407 32.5 -68.85184 -108.0341 35.5 -68.85184 -110.3341 35.5 -68.85184 -110.3341 52.5 -68.85184 4.865928 52.5 -68.85184 -80.03408 35.5 -68.85184 4.865928 35.5 -68.85184 2.565928 35.5 -68.85184 -103.0341 35.5 -68.85184 -103.0341 32.5 -68.85184 -108.0341 32.5 -68.85184 2.565928 32.5 -68.85184 -2.434072 32.5 -68.85184 -2.434072 35.5 -68.85184 -85.03408 35.5 -68.85184 -85.03408 32.5 -68.85184 -80.03408 32.5 81.14817 -2.434072 35.5 76.14817 -2.434072 35.5 76.14817 -20.43407 35.5 83.64817 4.865928 35.5 76.14817 4.865928 35.5 76.14817 2.565928 35.5 81.14817 2.565928 35.5 76.14817 -25.43407 35.5 76.14817 -80.03408 35.5 83.64817 -110.3341 35.5 76.14817 -108.0341 35.5 76.14817 -110.3341 35.5 76.14817 -103.0341 35.5 76.14817 -85.03408 35.5 -73.85184 -80.03408 35.5 -73.85184 -80.03408 32.5 -66.35184 -80.5725 32.5663 -66.35184 -80.90862 32.52949 -66.35184 -67.02929 33.90157 -66.35184 -66.74814 33.71372 -66.35184 -79.90666 32.68371 -66.35184 -80.2383 32.61774 -66.35184 -68.06415 34.76992 -66.35184 -110.3341 52.5 -66.35184 -106.0642 45.73007 -66.35184 -105.8199 45.9639 -66.35184 -74.70973 43.82855 -66.35184 -74.56019 43.52529 -66.35184 -69.97537 37.91953 -66.35184 -74.42401 43.2158 -66.35184 -75.43559 35.5321 -66.35184 -68.52092 35.26839 -66.35184 -68.73256 35.5321 -66.35184 -68.29798 35.01417 -66.35184 -79.57823 32.76407 -66.35184 -79.2536 32.85869 -66.35184 -103.5499 33.08993 -66.35184 -103.8594 33.22611 -66.35184 -110.3341 32.5 -66.35184 -104.1626 33.37566 -66.35184 -87.52092 45.2316 -66.35184 -87.29797 45.48582 -66.35184 -95.86618 46.39849 -66.35184 -81.58408 48 -66.35184 -81.92212 47.99263 -66.35184 -82.25953 47.97051 -66.35184 -75.23564 44.69522 -66.35184 -75.04779 44.41407 -66.35184 -74.87238 44.125 -66.35184 -74.09815 42.25585 -66.35184 -74.01778 41.92741 -66.35184 -73.95182 41.59577 -66.35184 -77.70907 33.5383 -66.35184 -78.00553 33.37566 -66.35184 -78.30879 33.22611 -66.35184 -106.9325 44.69522 -66.35184 -106.7326 44.9679 -66.35184 -87.06415 45.73007 -66.35184 -86.8199 45.9639 -66.35184 -62.58407 32.5 -66.35184 -62.92212 32.50737 -66.35184 -81.58408 32.5 -66.35184 -63.25952 32.52949 -66.35184 -65.54987 33.08993 -66.35184 -65.85936 33.22611 -66.35184 -81.24602 32.50737 -66.35184 -66.16262 33.37566 -66.35184 -66.45908 33.5383 -66.35184 -74.30146 42.90065 -66.35184 -74.19277 42.58047 -66.35184 -73.90038 41.26158 -66.35184 -73.86357 40.92546 -66.35184 -73.84145 40.58805 -66.35184 -78.61827 33.08993 -66.35184 -78.93342 32.96738 -66.35184 -100.7341 32.50072 -66.35184 -100.9221 32.50737 -66.35184 -101.2595 32.52949 -66.35184 -101.5957 32.5663 -66.35184 -108.3046 39.57454 -66.35184 -108.3267 39.91195 -66.35184 -106.5209 45.2316 -66.35184 -106.298 45.48582 -66.35184 -105.5657 46.18684 -66.35184 -105.302 46.39849 -66.35184 -105.0293 46.59843 -66.35184 -102.2615 47.81629 -66.35184 -101.9298 47.88226 -66.35184 -100.9221 47.99263 -66.35184 -100.5841 48 -66.35184 -100.246 47.99263 -66.35184 -86.56568 46.18684 -66.35184 -86.30197 46.39849 -66.35184 -86.02929 46.59843 -66.35184 -75.43559 44.9679 -66.35184 -70.07 38.24415 -66.35184 -70.15037 38.57259 -66.35184 -63.59565 32.5663 -66.35184 -63.92985 32.61774 -66.35184 -64.26148 32.68371 -66.35184 -64.58992 32.76407 -66.35184 -64.91455 32.85869 -66.35184 -65.23473 32.96738 -66.35184 -67.30197 34.10151 -66.35184 -67.56568 34.31315 -66.35184 -67.8199 34.5361 -66.35184 -73.83407 40.25 -66.35184 -73.84145 39.91195 -66.35184 -73.86357 39.57454 -66.35184 -102.5899 32.76407 -66.35184 -102.9145 32.85869 -66.35184 -103.2347 32.96738 -66.35184 -104.4591 33.5383 -66.35184 -104.7481 33.71372 -66.35184 -105.0293 33.90157 -66.35184 -105.302 34.10151 -66.35184 -105.5657 34.31315 -66.35184 -105.8199 34.5361 -66.35184 -107.1204 36.08593 -66.35184 -107.2958 36.375 -66.35184 -107.4584 36.67145 -66.35184 -107.608 36.97471 -66.35184 -107.7441 37.2842 -66.35184 -107.8667 37.59934 -66.35184 -107.9754 37.91953 -66.35184 -108.07 38.24415 -66.35184 -108.1504 38.57259 -66.35184 -101.5957 47.9337 -66.35184 -101.2595 47.97051 -66.35184 -99.2383 32.61774 -66.35184 -99.5725 32.5663 -66.35184 -86.56568 34.31315 -66.35184 -83.26148 47.81629 -66.35184 -82.92984 47.88226 -66.35184 -82.59565 47.9337 -66.35184 -70.21634 38.90423 -66.35184 -70.26777 39.23842 -66.35184 -70.30458 39.57454 -66.35184 -75.87017 45.48582 -66.35184 -75.64723 45.2316 -66.35184 -70.33407 40.25 -66.35184 -70.32669 39.91195 -66.35184 -62.24602 32.50737 -66.35184 -43.58407 32.5 -66.35184 -74.42401 37.2842 -66.35184 -74.56019 36.97471 -66.35184 -69.12036 36.08593 -66.35184 -74.70973 36.67145 -66.35184 -74.87238 36.375 -66.35184 -75.04779 36.08593 -66.35184 -68.93251 35.80478 -66.35184 -75.23564 35.80478 -66.35184 -75.64723 35.26839 -66.35184 -75.87017 35.01417 -66.35184 -76.104 34.76992 -66.35184 -76.86618 34.10151 -66.35184 -77.13886 33.90157 -66.35184 -77.42 33.71372 -66.35184 -101.9298 32.61774 -66.35184 -102.2615 32.68371 -66.35184 -106.0642 34.76992 -66.35184 -106.298 35.01417 -66.35184 -106.5209 35.26839 -66.35184 -106.7326 35.5321 -66.35184 -106.9325 35.80478 -66.35184 -108.2163 38.90423 -66.35184 -108.2678 39.23842 -66.35184 -104.7481 46.78628 -66.35184 -104.4591 46.9617 -66.35184 -104.1626 47.12433 -66.35184 -103.2347 47.53262 -66.35184 -102.9145 47.64131 -66.35184 -102.5899 47.73593 -66.35184 -97.93342 47.53262 -66.35184 -97.61827 47.41007 -66.35184 -100.246 32.50737 -66.35184 -100.5841 32.5 -66.35184 -84.54987 33.08993 -66.35184 -84.85937 33.22611 -66.35184 -85.16263 33.37566 -66.35184 -99.90862 32.52949 -66.35184 -85.45907 33.5383 -66.35184 -85.74815 46.78628 -66.35184 -85.45907 46.9617 -66.35184 -85.16263 47.12433 -66.35184 -84.23473 47.53262 -66.35184 -83.91455 47.64131 -66.35184 -83.58992 47.73593 -66.35184 -67.02929 46.59843 -66.35184 -66.74814 46.78628 -66.35184 -66.45908 46.9617 -66.35184 -66.16262 47.12433 -66.35184 -65.85936 47.27388 -66.35184 -65.54987 47.41007 -66.35184 -65.23473 47.53262 -66.35184 -69.60796 36.97471 -66.35184 -69.74414 37.2842 -66.35184 -74.09815 38.24415 -66.35184 -69.86669 37.59934 -66.35184 -108.2678 41.26158 -66.35184 -108.2163 41.59577 -66.35184 -108.1504 41.92741 -66.35184 -103.8594 47.27388 -66.35184 -103.5499 47.41007 -66.35184 -99.90862 47.97051 -66.35184 -99.5725 47.9337 -66.35184 -99.2383 47.88226 -66.35184 -98.90667 47.81629 -66.35184 -98.57823 47.73593 -66.35184 -98.2536 47.64131 -66.35184 -81.92212 32.50737 -66.35184 -82.25953 32.52949 -66.35184 -82.59565 32.5663 -66.35184 -84.85937 47.27388 -66.35184 -84.54987 47.41007 -66.35184 -80.2383 47.88226 -66.35184 -79.90666 47.81629 -66.35184 -79.57823 47.73593 -66.35184 -79.2536 47.64131 -66.35184 -47.16262 33.37566 -66.35184 -47.45907 33.5383 -66.35184 -56.87017 35.01417 -66.35184 -47.74814 33.71372 -66.35184 -64.26148 47.81629 -66.35184 -63.92985 47.88226 -66.35184 -43.24602 32.50737 -66.35184 -24.58407 32.5 -66.35184 -57.34825 34.5361 -66.35184 -57.60247 34.31315 -66.35184 -44.92984 32.61774 -66.35184 -44.59565 32.5663 -66.35184 -76.34825 34.5361 -66.35184 -76.60247 34.31315 -66.35184 -108.3341 40.25 -66.35184 -108.3267 40.58805 -66.35184 -108.3046 40.92546 -66.35184 -87.9325 44.69522 -66.35184 -87.73256 44.9679 -66.35184 -93.42401 43.2158 -66.35184 -83.58992 32.76407 -66.35184 -83.91455 32.85869 -66.35184 -84.23473 32.96738 -66.35184 -76.104 45.73007 -66.35184 -70.32669 40.58805 -66.35184 -70.30458 40.92546 -66.35184 -45.91454 32.85869 -66.35184 -46.23472 32.96738 -66.35184 -48.02929 33.90157 -66.35184 -48.30197 34.10151 -66.35184 -56.64722 35.26839 -66.35184 -64.91455 47.64131 -66.35184 -64.58992 47.73593 -66.35184 -73.90038 39.23842 -66.35184 -73.95182 38.90423 -66.35184 -74.01778 38.57259 -66.35184 -69.45841 36.67145 -66.35184 -74.19277 37.91953 -66.35184 -69.29577 36.375 -66.35184 -108.07 42.25585 -66.35184 -107.9754 42.58047 -66.35184 -107.8667 42.90065 -66.35184 -97.30878 47.27388 -66.35184 -97.00552 47.12433 -66.35184 -96.70908 46.9617 -66.35184 -96.42 46.78628 -66.35184 -96.13886 46.59843 -66.35184 -82.92984 32.61774 -66.35184 -83.26148 32.68371 -66.35184 -85.74815 33.71372 -66.35184 -86.02929 33.90157 -66.35184 -86.30197 34.10151 -66.35184 -88.60796 36.97471 -66.35184 -94.43558 35.5321 -66.35184 -88.45841 36.67145 -66.35184 -88.29577 36.375 -66.35184 -96.70908 33.5383 -66.35184 -97.00552 33.37566 -66.35184 -97.30878 33.22611 -66.35184 -89.30458 39.57454 -66.35184 -89.3267 39.91195 -66.35184 -92.84145 39.91195 -66.35184 -81.24602 47.99263 -66.35184 -80.90862 47.97051 -66.35184 -80.5725 47.9337 -66.35184 -70.15037 41.92741 -66.35184 -70.07 42.25585 -66.35184 -69.29577 44.125 -66.35184 -69.12036 44.41407 -66.35184 -76.86618 46.39849 -66.35184 -46.54987 33.08993 -66.35184 -46.85936 33.22611 -66.35184 -49.29797 45.48582 -66.35184 -49.06415 45.73007 -66.35184 -60.90666 47.81629 -66.35184 -61.2383 47.88226 -66.35184 -1.138854 33.90157 -66.35184 -1.42 33.71372 -66.35184 4.865928 32.5 -66.35184 -59.30878 33.22611 -66.35184 -59.61827 33.08993 -66.35184 -43.92212 32.50737 -66.35184 -59.93342 32.96738 -66.35184 -61.2383 32.61774 -66.35184 -61.57249 32.5663 -66.35184 -61.90861 32.52949 -66.35184 -59.00552 33.37566 -66.35184 -44.25953 32.52949 -66.35184 -58.70907 33.5383 -66.35184 -74.30146 37.59934 -66.35184 -107.7441 43.2158 -66.35184 -107.608 43.52529 -66.35184 -107.4584 43.82855 -66.35184 -107.2958 44.125 -66.35184 -107.1204 44.41407 -66.35184 -94.04779 44.41407 -66.35184 -93.87238 44.125 -66.35184 -98.57823 32.76407 -66.35184 -98.90667 32.68371 -66.35184 -87.52092 35.26839 -66.35184 -94.04779 36.08593 -66.35184 -88.86669 37.59934 -66.35184 -93.87238 36.375 -66.35184 -93.70974 36.67145 -66.35184 -88.74414 37.2842 -66.35184 -94.23564 35.80478 -66.35184 -92.83407 40.25 -66.35184 -89.33407 40.25 -66.35184 -92.84145 40.58805 -66.35184 -89.3267 40.58805 -66.35184 -92.86356 40.92546 -66.35184 -78.93342 47.53262 -66.35184 -78.61827 47.41007 -66.35184 -78.30879 47.27388 -66.35184 -78.00553 47.12433 -66.35184 -77.70907 46.9617 -66.35184 -77.42 46.78628 -66.35184 -57.104 34.76992 -66.35184 -45.26148 32.68371 -66.35184 -45.58992 32.76407 -66.35184 -50.74414 43.2158 -66.35184 -57.34825 45.9639 -66.35184 -57.104 45.73007 -66.35184 0.5644167 44.9679 -66.35184 0.7643566 44.69522 -66.35184 4.865928 52.5 -66.35184 -6.59565 32.5663 -66.35184 -6.929845 32.61774 -66.35184 -23.90862 32.52949 -66.35184 2.158552 39.91195 -66.35184 2.136437 39.57454 -66.35184 2.099626 39.23842 -66.35184 2.048188 38.90423 -66.35184 -60.2536 32.85869 -66.35184 -60.57822 32.76407 -66.35184 -60.90666 32.68371 -66.35184 -57.86617 34.10151 -66.35184 -58.13885 33.90157 -66.35184 -58.42 33.71372 -66.35184 -95.60247 46.18684 -66.35184 -95.34825 45.9639 -66.35184 -95.104 45.73007 -66.35184 -94.87017 45.48582 -66.35184 -94.64723 45.2316 -66.35184 -94.43558 44.9679 -66.35184 -94.23564 44.69522 -66.35184 -93.70974 43.82855 -66.35184 -93.56019 43.52529 -66.35184 -86.8199 34.5361 -66.35184 -87.06415 34.76992 -66.35184 -87.29797 35.01417 -66.35184 -97.61827 33.08993 -66.35184 -97.93342 32.96738 -66.35184 -88.12036 36.08593 -66.35184 -98.2536 32.85869 -66.35184 -87.9325 35.80478 -66.35184 -87.73256 35.5321 -66.35184 -94.64723 35.26839 -66.35184 -94.87017 35.01417 -66.35184 -95.104 34.76992 -66.35184 -95.86618 34.10151 -66.35184 -96.13886 33.90157 -66.35184 -96.42 33.71372 -66.35184 -67.8199 45.9639 -66.35184 -67.56568 46.18684 -66.35184 -48.8199 45.9639 -66.35184 -48.56567 46.18684 -66.35184 -61.57249 47.9337 -66.35184 -56.04779 36.08593 -66.35184 -55.87237 36.375 -66.35184 -55.70974 36.67145 -66.35184 -56.23564 35.80478 -66.35184 -56.43558 35.5321 -66.35184 -12.86669 42.90065 -66.35184 -12.74414 43.2158 -66.35184 -17.09815 42.25585 -66.35184 -88.45841 43.82855 -66.35184 -88.29577 44.125 -66.35184 -88.12036 44.41407 -66.35184 -88.97538 37.91953 -66.35184 -89.07 38.24415 -66.35184 -93.09815 38.24415 -66.35184 -89.15037 38.57259 -66.35184 -89.21633 38.90423 -66.35184 -93.30146 37.59934 -66.35184 -93.42401 37.2842 -66.35184 -93.56019 36.97471 -66.35184 -70.26777 41.26158 -66.35184 -70.21634 41.59577 -66.35184 -77.13886 46.59843 -66.35184 -67.30197 46.39849 -66.35184 -48.56567 34.31315 -66.35184 -48.8199 34.5361 -66.35184 -49.06415 34.76992 -66.35184 -56.87017 45.48582 -66.35184 -56.64722 45.2316 -66.35184 -56.43558 44.9679 -66.35184 -56.23564 44.69522 -66.35184 -56.04779 44.41407 -66.35184 -55.87237 44.125 -66.35184 -59.61827 47.41007 -66.35184 -59.30878 47.27388 -66.35184 -50.12035 44.41407 -66.35184 -59.00552 47.12433 -66.35184 -49.52091 45.2316 -66.35184 -60.57822 47.73593 -66.35184 -49.73256 44.9679 -66.35184 -17.19277 42.58047 -66.35184 -32.21633 38.90423 -66.35184 -32.26777 39.23842 -66.35184 -35.90037 39.23842 -66.35184 -32.30458 39.57454 -66.35184 -35.86356 39.57454 -66.35184 -32.06999 38.24415 -66.35184 -32.15036 38.57259 -66.35184 -36.01778 38.57259 -66.35184 -5.584072 32.5 -66.35184 -24.24602 32.50737 -66.35184 -5.922122 32.50737 -66.35184 -6.259529 32.52949 -66.35184 0.952212 44.41407 -66.35184 1.127625 44.125 -66.35184 1.290262 43.82855 -66.35184 1.982222 38.57259 -66.35184 1.901853 38.24415 -66.35184 1.807235 37.91953 -66.35184 1.439814 36.97471 -66.35184 1.290262 36.67145 -66.35184 1.127625 36.375 -66.35184 0.952212 36.08593 -66.35184 -1.709072 33.5383 -66.35184 -2.00552 33.37566 -66.35184 -2.30878 33.22611 -66.35184 -88.86669 42.90065 -66.35184 -88.74414 43.2158 -66.35184 -93.09815 42.25585 -66.35184 -88.60796 43.52529 -66.35184 -93.19277 42.58047 -66.35184 -93.30146 42.90065 -66.35184 -89.30458 40.92546 -66.35184 -89.26777 41.26158 -66.35184 -92.90038 41.26158 -66.35184 -89.21633 41.59577 -66.35184 -92.95182 41.59577 -66.35184 -89.15037 41.92741 -66.35184 -93.01778 41.92741 -66.35184 -89.07 42.25585 -66.35184 -88.97538 42.58047 -66.35184 -93.19277 37.91953 -66.35184 -95.34825 34.5361 -66.35184 -95.60247 34.31315 -66.35184 -69.97537 42.58047 -66.35184 -69.86669 42.90065 -66.35184 -76.34825 45.9639 -66.35184 -69.74414 43.2158 -66.35184 -76.60247 46.18684 -66.35184 -69.60796 43.52529 -66.35184 -69.45841 43.82855 -66.35184 -68.93251 44.69522 -66.35184 -68.73256 44.9679 -66.35184 -68.52092 45.2316 -66.35184 -50.12035 36.08593 -66.35184 -49.9325 35.80478 -66.35184 -49.73256 35.5321 -66.35184 -51.15037 38.57259 -66.35184 -51.21633 38.90423 -66.35184 -55.09814 38.24415 -66.35184 -55.19276 37.91953 -66.35184 -55.30145 37.59934 -66.35184 -50.86669 37.59934 -66.35184 -55.424 37.2842 -66.35184 -49.9325 44.69522 -66.35184 -60.2536 47.64131 -66.35184 -59.93342 47.53262 -66.35184 -58.70907 46.9617 -66.35184 -58.42 46.78628 -66.35184 -58.13885 46.59843 -66.35184 -57.86617 46.39849 -66.35184 -57.60247 46.18684 -66.35184 -50.29577 44.125 -66.35184 -50.4584 43.82855 -66.35184 -26.58992 32.76407 -66.35184 -26.91454 32.85869 -66.35184 -38.10399 34.76992 -66.35184 -16.86356 40.92546 -66.35184 -16.84145 40.58805 -66.35184 -13.3267 40.58805 -66.35184 -13.21633 38.90423 -66.35184 -13.26777 39.23842 -66.35184 -16.90037 39.23842 -66.35184 -13.30458 39.57454 -66.35184 1.901853 42.25585 -66.35184 1.807235 42.58047 -66.35184 1.698546 42.90065 -66.35184 1.982222 41.92741 -66.35184 2.048188 41.59577 -66.35184 2.099626 41.26158 -66.35184 1.698546 37.59934 -66.35184 1.575995 37.2842 -66.35184 -0.3482476 34.5361 -66.35184 -0.6024677 34.31315 -66.35184 -0.8661707 34.10151 -66.35184 -2.618275 33.08993 -66.35184 -2.933416 32.96738 -66.35184 -3.253602 32.85869 -66.35184 -4.238298 32.61774 -66.35184 -4.572494 32.5663 -66.35184 -4.908615 32.52949 -66.35184 -5.246021 32.50737 -66.35184 -92.86356 39.57454 -66.35184 -92.90038 39.23842 -66.35184 -89.26777 39.23842 -66.35184 -92.95182 38.90423 -66.35184 -93.01778 38.57259 -66.35184 -68.29798 45.48582 -66.35184 -68.06415 45.73007 -66.35184 -49.29797 35.01417 -66.35184 -49.52091 35.26839 -66.35184 -51.06999 38.24415 -66.35184 -54.86356 39.57454 -66.35184 -54.90037 39.23842 -66.35184 -51.30458 39.57454 -66.35184 -50.60795 36.97471 -66.35184 -50.74414 37.2842 -66.35184 -55.56019 36.97471 -66.35184 -55.70974 43.82855 -66.35184 -55.56019 43.52529 -66.35184 -55.424 43.2158 -66.35184 -55.09814 42.25585 -66.35184 -50.86669 42.90065 -66.35184 -55.01778 41.92741 -66.35184 -50.97538 42.58047 -66.35184 -50.60795 43.52529 -66.35184 -23.2383 47.88226 -66.35184 -22.90666 47.81629 -66.35184 -11.06415 45.73007 -66.35184 -22.57822 47.73593 -66.35184 -22.2536 47.64131 -66.35184 -12.60796 43.52529 -66.35184 -17.42401 43.2158 -66.35184 -17.30145 42.90065 -66.35184 -12.45841 43.82855 -66.35184 -12.29577 44.125 -66.35184 -12.12036 44.41407 -66.35184 -28.45907 33.5383 -66.35184 -28.16262 33.37566 -66.35184 -27.85936 33.22611 -66.35184 -28.74814 33.71372 -66.35184 -29.02929 33.90157 -66.35184 -29.30197 34.10151 -66.35184 -35.95181 38.90423 -66.35184 -31.97538 37.91953 -66.35184 -36.09814 38.24415 -66.35184 -36.19276 37.91953 -66.35184 -40.93341 32.96738 -66.35184 -24.92212 32.50737 -66.35184 -40.61827 33.08993 -66.35184 -40.30878 33.22611 -66.35184 -38.34825 34.5361 -66.35184 -38.60247 34.31315 -66.35184 -25.92985 32.61774 -66.35184 -25.59565 32.5663 -66.35184 -7.261479 32.68371 -66.35184 -7.58992 32.76407 -66.35184 -7.914541 32.85869 -66.35184 -9.459073 33.5383 -66.35184 -9.162624 33.37566 -66.35184 -8.859364 33.22611 -66.35184 -23.2383 32.61774 -66.35184 -23.57249 32.5663 -66.35184 -10.56568 34.31315 -66.35184 1.439814 43.52529 -66.35184 1.575995 43.2158 -66.35184 -3.578224 32.76407 -66.35184 -3.906665 32.68371 -66.35184 -50.29577 36.375 -66.35184 -50.4584 36.67145 -66.35184 -50.97538 37.91953 -66.35184 -55.30145 42.90065 -66.35184 -55.19276 42.58047 -66.35184 -21.30878 47.27388 -66.35184 -21.00552 47.12433 -66.35184 -20.70907 46.9617 -66.35184 -20.42 46.78628 -66.35184 -20.13886 46.59843 -66.35184 -19.86617 46.39849 -66.35184 -19.60247 46.18684 -66.35184 -11.9325 44.69522 -66.35184 -11.73256 44.9679 -66.35184 -11.52092 45.2316 -66.35184 -17.70974 43.82855 -66.35184 -17.56019 43.52529 -66.35184 -11.29797 45.48582 -66.35184 -25.92985 47.88226 -66.35184 -43.58407 48 -66.35184 -43.24602 47.99263 -66.35184 -25.25953 47.97051 -66.35184 -24.92212 47.99263 -66.35184 -6.259529 47.97051 -66.35184 -5.922122 47.99263 -66.35184 -5.584072 48 -66.35184 -5.246021 47.99263 -66.35184 -26.26148 32.68371 -66.35184 -27.23473 32.96738 -66.35184 -27.54987 33.08993 -66.35184 -29.56568 34.31315 -66.35184 -29.8199 34.5361 -66.35184 -30.06415 34.76992 -66.35184 -36.30145 37.59934 -66.35184 -36.424 37.2842 -66.35184 -36.56018 36.97471 -66.35184 -41.2536 32.85869 -66.35184 -41.57822 32.76407 -66.35184 -41.90666 32.68371 -66.35184 -42.2383 32.61774 -66.35184 -40.00552 33.37566 -66.35184 -25.25953 32.52949 -66.35184 -39.70907 33.5383 -66.35184 -8.234728 32.96738 -66.35184 -8.549869 33.08993 -66.35184 -13.33407 40.25 -66.35184 -16.83407 40.25 -66.35184 -13.3267 39.91195 -66.35184 -16.84145 39.91195 -66.35184 -16.86356 39.57454 -66.35184 -9.748145 33.71372 -66.35184 -10.02929 33.90157 -66.35184 -10.30197 34.10151 -66.35184 2.136437 40.92546 -66.35184 2.158552 40.58805 -66.35184 2.165928 40.25 -66.35184 0.7643566 35.80478 -66.35184 0.5644167 35.5321 -66.35184 0.3527727 35.26839 -66.35184 -54.86356 40.92546 -66.35184 -51.26777 41.26158 -66.35184 -54.90037 41.26158 -66.35184 -51.21633 41.59577 -66.35184 -54.95181 41.59577 -66.35184 -51.15037 41.92741 -66.35184 -51.06999 42.25585 -66.35184 -21.93342 47.53262 -66.35184 -21.61828 47.41007 -66.35184 -19.34825 45.9639 -66.35184 -19.104 45.73007 -66.35184 -18.87017 45.48582 -66.35184 -18.64723 45.2316 -66.35184 -18.43558 44.9679 -66.35184 -18.23564 44.69522 -66.35184 -18.04779 44.41407 -66.35184 -17.87237 44.125 -66.35184 -63.59565 47.9337 -66.35184 -63.25952 47.97051 -66.35184 -62.92212 47.99263 -66.35184 -46.54987 47.41007 -66.35184 -46.85936 47.27388 -66.35184 -47.16262 47.12433 -66.35184 -45.58992 47.73593 -66.35184 -45.26148 47.81629 -66.35184 -44.92984 47.88226 -66.35184 -44.59565 47.9337 -66.35184 -24.58407 48 -66.35184 -6.929845 47.88226 -66.35184 -6.59565 47.9337 -66.35184 -30.29797 35.01417 -66.35184 -30.52092 35.26839 -66.35184 -30.73256 35.5321 -66.35184 -42.57249 32.5663 -66.35184 -42.90861 32.52949 -66.35184 -38.86617 34.10151 -66.35184 -39.13885 33.90157 -66.35184 -39.42 33.71372 -66.35184 -22.57822 32.76407 -66.35184 -22.90666 32.68371 -66.35184 -11.52092 35.26839 -66.35184 -12.86669 37.59934 -66.35184 -12.97538 37.91953 -66.35184 -17.01778 38.57259 -66.35184 -13.07 38.24415 -66.35184 -13.15037 38.57259 -66.35184 -12.12036 36.08593 -66.35184 -21.30878 33.22611 -66.35184 -21.61828 33.08993 -66.35184 0.1298276 35.01417 -66.35184 -0.1039941 34.76992 -66.35184 -51.26777 39.23842 -66.35184 -54.95181 38.90423 -66.35184 -55.01778 38.57259 -66.35184 -13.30458 40.92546 -66.35184 -13.26777 41.26158 -66.35184 -16.90037 41.26158 -66.35184 -13.21633 41.59577 -66.35184 -16.95181 41.59577 -66.35184 -13.15037 41.92741 -66.35184 -17.01778 41.92741 -66.35184 -13.07 42.25585 -66.35184 -12.97538 42.58047 -66.35184 -48.30197 46.39849 -66.35184 -48.02929 46.59843 -66.35184 -61.90861 47.97051 -66.35184 -47.74814 46.78628 -66.35184 -46.23472 47.53262 -66.35184 -45.91454 47.64131 -66.35184 -44.25953 47.97051 -66.35184 -43.92212 47.99263 -66.35184 -42.90861 47.97051 -66.35184 -42.57249 47.9337 -66.35184 -42.2383 47.88226 -66.35184 -36.87237 44.125 -66.35184 -36.70973 43.82855 -66.35184 -31.74414 43.2158 -66.35184 -25.59565 47.9337 -66.35184 -30.9325 35.80478 -66.35184 -31.12036 36.08593 -66.35184 -31.29577 36.375 -66.35184 -54.84144 39.91195 -66.35184 -51.32669 39.91195 -66.35184 -54.83407 40.25 -66.35184 -51.33407 40.25 -66.35184 -54.84144 40.58805 -66.35184 -51.32669 40.58805 -66.35184 -51.30458 40.92546 -66.35184 -62.58407 48 -66.35184 -62.24602 47.99263 -66.35184 -47.45907 46.9617 -66.35184 -41.90666 47.81629 -66.35184 -41.57822 47.73593 -66.35184 -41.2536 47.64131 -66.35184 -26.58992 47.73593 -66.35184 -26.26148 47.81629 -66.35184 -37.64723 45.2316 -66.35184 -24.24602 47.99263 -66.35184 -8.549869 47.41007 -66.35184 -8.234728 47.53262 -66.35184 -7.914541 47.64131 -66.35184 -7.58992 47.73593 -66.35184 -7.261479 47.81629 -66.35184 -10.8199 45.9639 -66.35184 -10.56568 46.18684 -66.35184 -23.57249 47.9337 -66.35184 -9.748145 46.78628 -66.35184 -23.90862 47.97051 -66.35184 -10.02929 46.59843 -66.35184 -10.30197 46.39849 -66.35184 -9.459073 46.9617 -66.35184 -9.162624 47.12433 -66.35184 -8.859364 47.27388 -66.35184 -4.908615 47.97051 -66.35184 -4.572494 47.9337 -66.35184 -4.238298 47.88226 -66.35184 -0.6024677 46.18684 -66.35184 -0.3482476 45.9639 -66.35184 -0.1039941 45.73007 -66.35184 -37.04779 36.08593 -66.35184 -37.23564 35.80478 -66.35184 -31.60796 36.97471 -66.35184 -37.43558 35.5321 -66.35184 -37.64723 35.26839 -66.35184 -31.45841 36.67145 -66.35184 -37.87017 35.01417 -66.35184 -11.73256 35.5321 -66.35184 -11.9325 35.80478 -66.35184 -22.2536 32.85869 -66.35184 -21.93342 32.96738 -66.35184 -16.95181 38.90423 -66.35184 -19.34825 34.5361 -66.35184 -19.60247 34.31315 -66.35184 -19.86617 34.10151 -66.35184 -20.13886 33.90157 -66.35184 -20.42 33.71372 -66.35184 -20.70907 33.5383 -66.35184 -21.00552 33.37566 -66.35184 -40.93341 47.53262 -66.35184 -40.61827 47.41007 -66.35184 -40.30878 47.27388 -66.35184 -40.00552 47.12433 -66.35184 -39.70907 46.9617 -66.35184 -39.42 46.78628 -66.35184 -39.13885 46.59843 -66.35184 -38.86617 46.39849 -66.35184 -38.60247 46.18684 -66.35184 -38.34825 45.9639 -66.35184 -38.10399 45.73007 -66.35184 -37.87017 45.48582 -66.35184 -2.30878 47.27388 -66.35184 -2.00552 47.12433 -66.35184 -1.709072 46.9617 -66.35184 -1.42 46.78628 -66.35184 -1.138854 46.59843 -66.35184 -0.8661707 46.39849 -66.35184 0.1298276 45.48582 -66.35184 0.3527727 45.2316 -66.35184 -36.70973 36.67145 -66.35184 -36.87237 36.375 -66.35184 -31.86669 37.59934 -66.35184 -31.74414 37.2842 -66.35184 -10.8199 34.5361 -66.35184 -11.06415 34.76992 -66.35184 -11.29797 35.01417 -66.35184 -17.56019 36.97471 -66.35184 -17.70974 36.67145 -66.35184 -17.87237 36.375 -66.35184 -18.04779 36.08593 -66.35184 -36.09814 42.25585 -66.35184 -32.06999 42.25585 -66.35184 -31.97538 42.58047 -66.35184 -30.52092 45.2316 -66.35184 -30.29797 45.48582 -66.35184 -37.23564 44.69522 -66.35184 -29.56568 46.18684 -66.35184 -29.30197 46.39849 -66.35184 -29.02929 46.59843 -66.35184 -28.74814 46.78628 -66.35184 -28.45907 46.9617 -66.35184 -28.16262 47.12433 -66.35184 -3.906665 47.81629 -66.35184 -3.578224 47.73593 -66.35184 -3.253602 47.64131 -66.35184 -17.42401 37.2842 -66.35184 -12.29577 36.375 -66.35184 -12.45841 36.67145 -66.35184 -12.74414 37.2842 -66.35184 -17.09815 38.24415 -66.35184 -17.19277 37.91953 -66.35184 -18.23564 35.80478 -66.35184 -18.43558 35.5321 -66.35184 -18.64723 35.26839 -66.35184 -36.56018 43.52529 -66.35184 -36.424 43.2158 -66.35184 -36.30145 42.90065 -66.35184 -36.19276 42.58047 -66.35184 -31.86669 42.90065 -66.35184 -31.60796 43.52529 -66.35184 -37.04779 44.41407 -66.35184 -30.06415 45.73007 -66.35184 -29.8199 45.9639 -66.35184 -27.85936 47.27388 -66.35184 -27.54987 47.41007 -66.35184 -27.23473 47.53262 -66.35184 -37.43558 44.9679 -66.35184 -26.91454 47.64131 -66.35184 -2.933416 47.53262 -66.35184 -2.618275 47.41007 -66.35184 -12.60796 36.97471 -66.35184 -17.30145 37.59934 -66.35184 -18.87017 35.01417 -66.35184 -19.104 34.76992 -66.35184 -36.01778 41.92741 -66.35184 -32.21633 41.59577 -66.35184 -32.15036 41.92741 -66.35184 -31.45841 43.82855 -66.35184 -31.29577 44.125 -66.35184 -31.12036 44.41407 -66.35184 -30.9325 44.69522 -66.35184 -30.73256 44.9679 -66.35184 -35.95181 41.59577 -66.35184 -35.90037 41.26158 -66.35184 -32.26777 41.26158 -66.35184 -35.86356 40.92546 -66.35184 -35.84144 39.91195 -66.35184 -32.32669 39.91195 -66.35184 -35.83407 40.25 -66.35184 -32.33407 40.25 -66.35184 -35.84144 40.58805 -66.35184 -32.32669 40.58805 -66.35184 -32.30458 40.92546 -73.85184 -85.03408 32.5 -73.85184 -85.03408 35.5 -76.35184 -110.3341 32.5 -76.35184 -110.3341 35.5 -76.35184 4.865928 32.5 -76.35184 4.865928 35.5 -73.85184 2.565928 32.5 -73.85184 -2.434072 32.5 73.64817 -89.3267 40.58805 73.64817 -89.30458 40.92546 73.64817 -89.26777 41.26158 73.64817 -89.21633 41.59577 73.64817 -89.15037 41.92741 73.64817 -89.07 42.25585 73.64817 -88.97538 42.58047 73.64817 -88.86669 42.90065 73.64817 -88.74414 43.2158 73.64817 -88.60796 43.52529 73.64817 -88.45841 43.82855 73.64817 -88.29577 44.125 73.64817 -88.12036 44.41407 73.64817 -87.9325 44.69522 73.64817 -87.73256 44.9679 73.64817 -87.52092 45.2316 73.64817 -87.29797 45.48582 73.64817 -87.06415 45.73007 73.64817 -86.8199 45.9639 73.64817 -86.56568 46.18684 73.64817 -86.30197 46.39849 73.64817 -86.02929 46.59843 73.64817 -85.74815 46.78628 73.64817 -85.45907 46.9617 73.64817 -85.16263 47.12433 73.64817 -84.85937 47.27388 73.64817 -84.54987 47.41007 73.64817 -84.23473 47.53262 73.64817 -83.91455 47.64131 73.64817 -83.58992 47.73593 73.64817 -83.26148 47.81629 73.64817 -82.92984 47.88226 73.64817 -82.59565 47.9337 73.64817 -82.25953 47.97051 73.64817 -81.92212 47.99263 73.64817 -81.58408 48 73.64817 -81.24602 47.99263 73.64817 -80.90862 47.97051 73.64817 -80.5725 47.9337 73.64817 -80.2383 47.88226 73.64817 -79.90666 47.81629 73.64817 -79.57823 47.73593 73.64817 -79.2536 47.64131 73.64817 -78.93342 47.53262 73.64817 -78.61827 47.41007 73.64817 -78.30879 47.27388 73.64817 -78.00553 47.12433 73.64817 -77.70907 46.9617 73.64817 -77.42 46.78628 73.64817 -77.13886 46.59843 73.64817 -76.86618 46.39849 73.64817 -76.60247 46.18684 73.64817 -76.34825 45.9639 73.64817 -76.104 45.73007 73.64817 -75.87017 45.48582 73.64817 -75.64723 45.2316 73.64817 -75.43559 44.9679 73.64817 -75.23564 44.69522 73.64817 -75.04779 44.41407 73.64817 -74.87238 44.125 73.64817 -74.70973 43.82855 73.64817 -74.56019 43.52529 73.64817 -74.42401 43.2158 73.64817 -74.30146 42.90065 73.64817 -74.19277 42.58047 73.64817 -74.09815 42.25585 73.64817 -74.01778 41.92741 73.64817 -73.95182 41.59577 73.64817 -73.90038 41.26158 73.64817 -73.86357 40.92546 73.64817 -73.84145 40.58805 73.64817 -73.83407 40.25 73.64817 -73.84145 39.91195 73.64817 -73.86357 39.57454 73.64817 -73.90038 39.23842 73.64817 -73.95182 38.90423 73.64817 -74.01778 38.57259 73.64817 -74.09815 38.24415 73.64817 -74.19277 37.91953 73.64817 -74.30146 37.59934 73.64817 -74.42401 37.2842 73.64817 -74.56019 36.97471 73.64817 -74.70973 36.67145 73.64817 -74.87238 36.375 73.64817 -75.04779 36.08593 73.64817 -75.23564 35.80478 73.64817 -75.43559 35.5321 73.64817 -75.64723 35.26839 73.64817 -75.87017 35.01417 73.64817 -76.104 34.76992 73.64817 -76.34825 34.5361 73.64817 -76.60247 34.31315 73.64817 -76.86618 34.10151 73.64817 -77.13886 33.90157 73.64817 -77.42 33.71372 73.64817 -77.70907 33.5383 73.64817 -78.00553 33.37566 73.64817 -78.30879 33.22611 73.64817 -78.61827 33.08993 73.64817 -78.93342 32.96738 73.64817 -79.2536 32.85869 73.64817 -79.57823 32.76407 73.64817 -79.90666 32.68371 73.64817 -80.2383 32.61774 73.64817 -80.5725 32.5663 73.64817 -80.90862 32.52949 73.64817 -81.24602 32.50737 73.64817 -81.92212 32.50737 73.64817 -82.25953 32.52949 73.64817 -82.59565 32.5663 73.64817 -82.92984 32.61774 73.64817 -83.26148 32.68371 73.64817 -83.58992 32.76407 73.64817 -83.91455 32.85869 73.64817 -84.23473 32.96738 73.64817 -84.54987 33.08993 73.64817 -84.85937 33.22611 73.64817 -85.16263 33.37566 73.64817 -85.45907 33.5383 73.64817 -85.74815 33.71372 73.64817 -86.02929 33.90157 73.64817 -86.30197 34.10151 73.64817 -86.56568 34.31315 73.64817 -86.8199 34.5361 73.64817 -87.06415 34.76992 73.64817 -87.29797 35.01417 73.64817 -87.52092 35.26839 73.64817 -87.73256 35.5321 73.64817 -87.9325 35.80478 73.64817 -88.12036 36.08593 73.64817 -88.29577 36.375 73.64817 -88.45841 36.67145 73.64817 -88.60796 36.97471 73.64817 -88.74414 37.2842 73.64817 -88.86669 37.59934 73.64817 -88.97538 37.91953 73.64817 -89.07 38.24415 73.64817 -89.15037 38.57259 73.64817 -89.21633 38.90423 73.64817 -89.26777 39.23842 73.64817 -89.30458 39.57454 73.64817 -89.3267 39.91195 73.64817 -89.33407 40.25 76.14817 4.865928 52.5 73.64817 4.865928 52.5 73.64817 -13.3267 40.58805 73.64817 -13.30458 40.92546 73.64817 -13.26777 41.26158 73.64817 -13.21633 41.59577 73.64817 -13.15037 41.92741 73.64817 -13.07 42.25585 73.64817 -12.97538 42.58047 73.64817 -12.86669 42.90065 73.64817 -12.74414 43.2158 73.64817 -12.60796 43.52529 73.64817 -12.45841 43.82855 73.64817 -12.29577 44.125 73.64817 -12.12036 44.41407 73.64817 -11.9325 44.69522 73.64817 -11.73256 44.9679 73.64817 -11.52092 45.2316 73.64817 -11.29797 45.48582 73.64817 -11.06415 45.73007 73.64817 -10.8199 45.9639 73.64817 -10.56568 46.18684 73.64817 -10.30197 46.39849 73.64817 -10.02929 46.59843 73.64817 -9.748145 46.78628 73.64817 -9.459073 46.9617 73.64817 -9.162624 47.12433 73.64817 -8.859364 47.27388 73.64817 -8.549869 47.41007 73.64817 -8.234728 47.53262 73.64817 -7.914541 47.64131 73.64817 -7.58992 47.73593 73.64817 -7.261479 47.81629 73.64817 -6.929845 47.88226 73.64817 -6.59565 47.9337 73.64817 -6.259529 47.97051 73.64817 -5.922122 47.99263 73.64817 -5.584072 48 73.64817 -5.246021 47.99263 73.64817 -4.908615 47.97051 73.64817 -4.572494 47.9337 73.64817 -4.238298 47.88226 73.64817 -3.906665 47.81629 73.64817 -3.578224 47.73593 73.64817 -3.253602 47.64131 73.64817 -2.933416 47.53262 73.64817 -2.618275 47.41007 73.64817 -2.30878 47.27388 73.64817 -2.00552 47.12433 73.64817 -1.709072 46.9617 73.64817 -1.42 46.78628 73.64817 -1.138854 46.59843 73.64817 -0.8661707 46.39849 73.64817 -0.6024677 46.18684 73.64817 -0.3482476 45.9639 73.64817 -0.1039941 45.73007 73.64817 0.1298276 45.48582 73.64817 0.3527727 45.2316 73.64817 0.5644167 44.9679 73.64817 0.7643566 44.69522 73.64817 0.952212 44.41407 73.64817 1.127625 44.125 73.64817 1.290262 43.82855 73.64817 1.439814 43.52529 73.64817 1.575995 43.2158 73.64817 1.698546 42.90065 73.64817 1.807235 42.58047 73.64817 1.901853 42.25585 73.64817 1.982222 41.92741 73.64817 2.048188 41.59577 73.64817 2.099626 41.26158 73.64817 2.136437 40.92546 73.64817 2.158552 40.58805 73.64817 2.165928 40.25 73.64817 2.158552 39.91195 73.64817 2.136437 39.57454 73.64817 2.099626 39.23842 73.64817 2.048188 38.90423 73.64817 1.982222 38.57259 73.64817 1.901853 38.24415 73.64817 1.807235 37.91953 73.64817 1.698546 37.59934 73.64817 1.575995 37.2842 73.64817 1.439814 36.97471 73.64817 1.290262 36.67145 73.64817 1.127625 36.375 73.64817 0.952212 36.08593 73.64817 0.7643566 35.80478 73.64817 0.5644167 35.5321 73.64817 0.3527727 35.26839 73.64817 0.1298276 35.01417 73.64817 -0.1039941 34.76992 73.64817 -0.3482476 34.5361 73.64817 -0.6024677 34.31315 73.64817 -0.8661707 34.10151 73.64817 -1.138854 33.90157 73.64817 -1.42 33.71372 73.64817 -1.709072 33.5383 73.64817 -2.00552 33.37566 73.64817 -2.30878 33.22611 73.64817 -2.618275 33.08993 73.64817 -2.933416 32.96738 73.64817 -3.253602 32.85869 73.64817 -3.578224 32.76407 73.64817 -3.906665 32.68371 73.64817 -4.238298 32.61774 73.64817 -4.572494 32.5663 73.64817 -4.908615 32.52949 73.64817 -5.246021 32.50737 73.64817 -5.922122 32.50737 73.64817 -6.259529 32.52949 73.64817 -6.59565 32.5663 73.64817 -6.929845 32.61774 73.64817 -7.261479 32.68371 73.64817 -7.58992 32.76407 73.64817 -7.914541 32.85869 73.64817 -8.234728 32.96738 73.64817 -8.549869 33.08993 73.64817 -8.859364 33.22611 73.64817 -9.162624 33.37566 73.64817 -9.459073 33.5383 73.64817 -9.748145 33.71372 73.64817 -10.02929 33.90157 73.64817 -10.30197 34.10151 73.64817 -10.56568 34.31315 73.64817 -10.8199 34.5361 73.64817 -11.06415 34.76992 73.64817 -11.29797 35.01417 73.64817 -11.52092 35.26839 73.64817 -11.73256 35.5321 73.64817 -11.9325 35.80478 73.64817 -12.12036 36.08593 73.64817 -12.29577 36.375 73.64817 -12.45841 36.67145 73.64817 -12.60796 36.97471 73.64817 -12.74414 37.2842 73.64817 -12.86669 37.59934 73.64817 -12.97538 37.91953 73.64817 -13.07 38.24415 73.64817 -13.15037 38.57259 73.64817 -13.21633 38.90423 73.64817 -13.26777 39.23842 73.64817 -13.30458 39.57454 73.64817 -13.3267 39.91195 73.64817 -13.33407 40.25 76.14817 -110.3341 52.5 73.64817 -110.3341 52.5 73.64817 -70.32669 40.58805 73.64817 -70.30458 40.92546 73.64817 -70.26777 41.26158 73.64817 -70.21634 41.59577 73.64817 -70.15037 41.92741 73.64817 -70.07 42.25585 73.64817 -69.97537 42.58047 73.64817 -69.86669 42.90065 73.64817 -69.74414 43.2158 73.64817 -69.60796 43.52529 73.64817 -69.45841 43.82855 73.64817 -69.29577 44.125 73.64817 -69.12036 44.41407 73.64817 -68.93251 44.69522 73.64817 -68.73256 44.9679 73.64817 -68.52092 45.2316 73.64817 -68.29798 45.48582 73.64817 -68.06415 45.73007 73.64817 -67.8199 45.9639 73.64817 -67.56568 46.18684 73.64817 -67.30197 46.39849 73.64817 -67.02929 46.59843 73.64817 -66.74814 46.78628 73.64817 -66.45908 46.9617 73.64817 -66.16262 47.12433 73.64817 -65.85936 47.27388 73.64817 -65.54987 47.41007 73.64817 -65.23473 47.53262 73.64817 -64.91455 47.64131 73.64817 -64.58992 47.73593 73.64817 -64.26148 47.81629 73.64817 -63.92985 47.88226 73.64817 -63.59565 47.9337 73.64817 -63.25952 47.97051 73.64817 -62.92212 47.99263 73.64817 -62.58407 48 73.64817 -62.24602 47.99263 73.64817 -61.90861 47.97051 73.64817 -61.57249 47.9337 73.64817 -61.2383 47.88226 73.64817 -60.90666 47.81629 73.64817 -60.57822 47.73593 73.64817 -60.2536 47.64131 73.64817 -59.93342 47.53262 73.64817 -59.61827 47.41007 73.64817 -59.30878 47.27388 73.64817 -59.00552 47.12433 73.64817 -58.70907 46.9617 73.64817 -58.42 46.78628 73.64817 -58.13885 46.59843 73.64817 -57.86617 46.39849 73.64817 -57.60247 46.18684 73.64817 -57.34825 45.9639 73.64817 -57.104 45.73007 73.64817 -56.87017 45.48582 73.64817 -56.64722 45.2316 73.64817 -56.43558 44.9679 73.64817 -56.23564 44.69522 73.64817 -56.04779 44.41407 73.64817 -55.87237 44.125 73.64817 -55.70974 43.82855 73.64817 -55.56019 43.52529 73.64817 -55.424 43.2158 73.64817 -55.30145 42.90065 73.64817 -55.19276 42.58047 73.64817 -55.09814 42.25585 73.64817 -55.01778 41.92741 73.64817 -54.95181 41.59577 73.64817 -54.90037 41.26158 73.64817 -54.86356 40.92546 73.64817 -54.84144 40.58805 73.64817 -54.83407 40.25 73.64817 -54.84144 39.91195 73.64817 -54.86356 39.57454 73.64817 -54.90037 39.23842 73.64817 -54.95181 38.90423 73.64817 -55.01778 38.57259 73.64817 -55.09814 38.24415 73.64817 -55.19276 37.91953 73.64817 -55.30145 37.59934 73.64817 -55.424 37.2842 73.64817 -55.56019 36.97471 73.64817 -55.70974 36.67145 73.64817 -55.87237 36.375 73.64817 -56.04779 36.08593 73.64817 -56.23564 35.80478 73.64817 -56.43558 35.5321 73.64817 -56.64722 35.26839 73.64817 -56.87017 35.01417 73.64817 -57.104 34.76992 73.64817 -57.34825 34.5361 73.64817 -57.60247 34.31315 73.64817 -57.86617 34.10151 73.64817 -58.13885 33.90157 73.64817 -58.42 33.71372 73.64817 -58.70907 33.5383 73.64817 -59.00552 33.37566 73.64817 -59.30878 33.22611 73.64817 -59.61827 33.08993 73.64817 -59.93342 32.96738 73.64817 -60.2536 32.85869 73.64817 -60.57822 32.76407 73.64817 -60.90666 32.68371 73.64817 -61.2383 32.61774 73.64817 -61.57249 32.5663 73.64817 -61.90861 32.52949 73.64817 -62.24602 32.50737 73.64817 -62.92212 32.50737 73.64817 -63.25952 32.52949 73.64817 -63.59565 32.5663 73.64817 -63.92985 32.61774 73.64817 -64.26148 32.68371 73.64817 -64.58992 32.76407 73.64817 -64.91455 32.85869 73.64817 -65.23473 32.96738 73.64817 -65.54987 33.08993 73.64817 -65.85936 33.22611 73.64817 -66.16262 33.37566 73.64817 -66.45908 33.5383 73.64817 -66.74814 33.71372 73.64817 -67.02929 33.90157 73.64817 -67.30197 34.10151 73.64817 -67.56568 34.31315 73.64817 -67.8199 34.5361 73.64817 -68.06415 34.76992 73.64817 -68.29798 35.01417 73.64817 -68.52092 35.26839 73.64817 -68.73256 35.5321 73.64817 -68.93251 35.80478 73.64817 -69.12036 36.08593 73.64817 -69.29577 36.375 73.64817 -69.45841 36.67145 73.64817 -69.60796 36.97471 73.64817 -69.74414 37.2842 73.64817 -69.86669 37.59934 73.64817 -69.97537 37.91953 73.64817 -70.07 38.24415 73.64817 -70.15037 38.57259 73.64817 -70.21634 38.90423 73.64817 -70.26777 39.23842 73.64817 -70.30458 39.57454 73.64817 -70.32669 39.91195 73.64817 -70.33407 40.25 -73.85184 2.565928 35.5 -73.85184 -2.434072 35.5 73.64817 -100.9221 32.50737 73.64817 -101.2595 32.52949 73.64817 -27.85936 33.22611 73.64817 -27.54987 33.08993 73.64817 -36.56018 36.97471 73.64817 -106.7326 35.5321 73.64817 -106.5209 35.26839 73.64817 -106.298 35.01417 73.64817 -106.0642 34.76992 73.64817 -96.42 33.71372 73.64817 -96.13886 33.90157 73.64817 -95.60247 34.31315 73.64817 -93.09815 38.24415 73.64817 -108.2163 41.59577 73.64817 -108.2678 41.26158 73.64817 -107.4584 36.67145 73.64817 -107.2958 36.375 73.64817 -99.5725 32.5663 73.64817 -99.2383 32.61774 73.64817 -95.86618 34.10151 73.64817 -94.64723 35.26839 73.64817 -93.01778 38.57259 73.64817 -92.95182 38.90423 73.64817 -92.90038 39.23842 73.64817 -92.86356 39.57454 73.64817 -92.84145 39.91195 73.64817 -92.83407 40.25 73.64817 -92.84145 40.58805 73.64817 -92.86356 40.92546 73.64817 -92.90038 41.26158 73.64817 -108.1504 41.92741 73.64817 -107.1204 36.08593 73.64817 -106.9325 35.80478 73.64817 -105.8199 34.5361 73.64817 -105.5657 34.31315 73.64817 -105.302 34.10151 73.64817 -105.0293 33.90157 73.64817 -104.7481 33.71372 73.64817 -104.4591 33.5383 73.64817 -94.23564 35.80478 73.64817 -94.43558 35.5321 73.64817 -94.04779 36.08593 73.64817 -93.87238 36.375 73.64817 -93.70974 36.67145 73.64817 -93.09815 42.25585 73.64817 -93.42401 43.2158 73.64817 -107.2958 44.125 73.64817 -107.4584 43.82855 73.64817 -100.246 32.50737 73.64817 -99.90862 32.52949 73.64817 -92.95182 41.59577 73.64817 -93.01778 41.92741 73.64817 -93.30146 42.90065 73.64817 -107.1204 44.41407 73.64817 -102.5899 32.76407 73.64817 -102.2615 32.68371 73.64817 -97.30878 33.22611 73.64817 -97.00552 33.37566 73.64817 -96.70908 33.5383 73.64817 -93.42401 37.2842 73.64817 -93.56019 36.97471 73.64817 -19.104 45.73007 73.64817 -108.3046 40.92546 73.64817 -108.3267 40.58805 73.64817 -108.3341 40.25 73.64817 -108.3267 39.91195 73.64817 -108.3046 39.57454 73.64817 -108.2678 39.23842 73.64817 -108.2163 38.90423 73.64817 -108.1504 38.57259 73.64817 -104.1626 33.37566 73.64817 -103.8594 33.22611 73.64817 -103.5499 33.08993 73.64817 -101.9298 32.61774 73.64817 -101.5957 32.5663 73.64817 -98.90667 32.68371 73.64817 -98.57823 32.76407 73.64817 -98.2536 32.85869 73.64817 -95.34825 34.5361 73.64817 -95.104 34.76992 73.64817 -94.87017 35.01417 73.64817 -93.19277 42.58047 73.64817 -46.54987 33.08993 73.64817 -108.07 38.24415 73.64817 -107.9754 37.91953 73.64817 -107.8667 37.59934 73.64817 -107.7441 37.2842 73.64817 -107.608 36.97471 73.64817 -103.2347 32.96738 73.64817 -102.9145 32.85869 73.64817 -97.93342 32.96738 73.64817 -97.61827 33.08993 73.64817 -93.56019 43.52529 73.64817 -94.64723 45.2316 73.64817 -95.60247 46.18684 73.64817 -94.87017 45.48582 73.64817 -95.104 45.73007 73.64817 -95.34825 45.9639 73.64817 -24.92212 32.50737 73.64817 -107.608 43.52529 73.64817 -107.7441 43.2158 73.64817 -107.8667 42.90065 73.64817 -107.9754 42.58047 73.64817 -108.07 42.25585 73.64817 -93.70974 43.82855 73.64817 -93.87238 44.125 73.64817 -94.04779 44.41407 73.64817 -94.23564 44.69522 73.64817 -94.43558 44.9679 73.64817 -18.87017 45.48582 73.64817 -46.85936 33.22611 73.64817 -17.42401 43.2158 73.64817 -23.57249 32.5663 73.64817 -23.2383 32.61774 73.64817 -44.92984 32.61774 73.64817 -44.59565 32.5663 73.64817 -50.12035 44.41407 73.64817 -106.5209 45.2316 73.64817 -106.7326 44.9679 73.64817 -106.9325 44.69522 73.64817 -41.2536 32.85869 73.64817 -40.93341 32.96738 73.64817 -25.59565 32.5663 73.64817 -31.74414 37.2842 73.64817 -31.60796 36.97471 73.64817 -17.70974 36.67145 73.64817 -17.56019 36.97471 73.64817 -17.42401 37.2842 73.64817 -17.30145 42.90065 73.64817 -22.57822 32.76407 73.64817 -22.90666 32.68371 73.64817 -24.24602 32.50737 73.64817 -44.25953 32.52949 73.64817 -43.92212 32.50737 73.64817 -46.85936 47.27388 73.64817 -47.16262 47.12433 73.64817 -47.45907 46.9617 73.64817 -47.74814 46.78628 73.64817 -35.90037 39.23842 73.64817 -32.21633 38.90423 73.64817 -35.95181 38.90423 73.64817 -32.15036 38.57259 73.64817 -36.01778 38.57259 73.64817 -36.09814 38.24415 73.64817 -42.57249 32.5663 73.64817 -42.2383 32.61774 73.64817 -40.00552 33.37566 73.64817 -39.70907 33.5383 73.64817 -39.42 33.71372 73.64817 -39.13885 33.90157 73.64817 -93.19277 37.91953 73.64817 -22.2536 32.85869 73.64817 -21.93342 32.96738 73.64817 -21.61828 33.08993 73.64817 -21.30878 33.22611 73.64817 -21.00552 33.37566 73.64817 -17.56019 43.52529 73.64817 -17.70974 43.82855 73.64817 -17.87237 44.125 73.64817 -18.04779 44.41407 73.64817 -18.23564 44.69522 73.64817 -18.43558 44.9679 73.64817 -18.64723 45.2316 73.64817 -23.90862 32.52949 73.64817 -46.23472 32.96738 73.64817 -49.52091 35.26839 73.64817 -49.29797 35.01417 73.64817 -19.34825 45.9639 73.64817 -32.21633 41.59577 73.64817 -32.26777 41.26158 73.64817 -35.86356 40.92546 73.64817 -32.30458 40.92546 73.64817 -35.84144 40.58805 73.64817 -32.32669 40.58805 73.64817 -35.83407 40.25 73.64817 -32.33407 40.25 73.64817 -35.84144 39.91195 73.64817 -32.32669 39.91195 73.64817 -35.86356 39.57454 73.64817 -32.30458 39.57454 73.64817 -32.26777 39.23842 73.64817 -40.61827 33.08993 73.64817 -40.30878 33.22611 73.64817 -37.64723 35.26839 73.64817 -37.43558 35.5321 73.64817 -26.91454 32.85869 73.64817 -38.86617 34.10151 73.64817 -38.60247 34.31315 73.64817 -25.92985 32.61774 73.64817 -38.34825 34.5361 73.64817 -26.26148 32.68371 73.64817 -26.58992 32.76407 73.64817 -29.02929 33.90157 73.64817 -28.74814 33.71372 73.64817 -93.30146 37.59934 73.64817 -49.06415 34.76992 73.64817 -48.8199 34.5361 73.64817 -48.56567 34.31315 73.64817 -49.9325 44.69522 73.64817 -96.42 46.78628 73.64817 -96.13886 46.59843 73.64817 -95.86618 46.39849 73.64817 -25.25953 32.52949 73.64817 -43.24602 32.50737 73.64817 -42.90861 32.52949 73.64817 -37.87017 35.01417 73.64817 -36.424 37.2842 73.64817 -36.30145 37.59934 73.64817 -36.19276 37.91953 73.64817 -31.45841 36.67145 73.64817 -31.29577 36.375 73.64817 -31.12036 36.08593 73.64817 -20.70907 33.5383 73.64817 -20.42 33.71372 73.64817 -20.13886 33.90157 73.64817 -19.86617 34.10151 73.64817 -19.60247 34.31315 73.64817 -19.34825 34.5361 73.64817 -16.86356 40.92546 73.64817 -45.91454 32.85869 73.64817 -45.58992 32.76407 73.64817 -45.26148 32.68371 73.64817 -48.30197 34.10151 73.64817 -48.02929 33.90157 73.64817 -47.74814 33.71372 73.64817 -50.97538 37.91953 73.64817 -50.86669 37.59934 73.64817 -50.4584 36.67145 73.64817 -50.29577 36.375 73.64817 -50.12035 36.08593 73.64817 -41.90666 32.68371 73.64817 -41.57822 32.76407 73.64817 -32.06999 38.24415 73.64817 -31.97538 37.91953 73.64817 -31.86669 37.59934 73.64817 -28.45907 33.5383 73.64817 -28.16262 33.37566 73.64817 -18.64723 35.26839 73.64817 -18.43558 35.5321 73.64817 -18.23564 35.80478 73.64817 -47.45907 33.5383 73.64817 -47.16262 33.37566 73.64817 -50.60795 43.52529 73.64817 -50.74414 43.2158 73.64817 -50.86669 42.90065 73.64817 -50.97538 42.58047 73.64817 -51.30458 40.92546 73.64817 -51.32669 40.58805 73.64817 -48.02929 46.59843 73.64817 -48.30197 46.39849 73.64817 -48.56567 46.18684 73.64817 -48.8199 45.9639 73.64817 -49.06415 45.73007 73.64817 -49.29797 45.48582 73.64817 -49.52091 45.2316 73.64817 -49.73256 44.9679 73.64817 -51.33407 40.25 73.64817 -51.32669 39.91195 73.64817 -51.30458 39.57454 73.64817 -50.74414 37.2842 73.64817 -50.60795 36.97471 73.64817 -38.10399 34.76992 73.64817 -37.23564 35.80478 73.64817 -37.04779 36.08593 73.64817 -27.23473 32.96738 73.64817 -36.87237 36.375 73.64817 -36.70973 36.67145 73.64817 -30.9325 35.80478 73.64817 -30.73256 35.5321 73.64817 -30.52092 35.26839 73.64817 -30.29797 35.01417 73.64817 -30.06415 34.76992 73.64817 -29.8199 34.5361 73.64817 -29.56568 34.31315 73.64817 -29.30197 34.10151 73.64817 -18.04779 36.08593 73.64817 -17.87237 36.375 73.64817 -17.30145 37.59934 73.64817 -17.19277 37.91953 73.64817 -17.19277 42.58047 73.64817 -49.9325 35.80478 73.64817 -49.73256 35.5321 73.64817 -51.06999 42.25585 73.64817 -51.15037 41.92741 73.64817 -51.21633 41.59577 73.64817 -19.60247 46.18684 73.64817 -19.86617 46.39849 73.64817 -20.13886 46.59843 73.64817 -31.12036 44.41407 73.64817 -38.10399 45.73007 73.64817 -38.34825 45.9639 73.64817 -46.54987 47.41007 73.64817 -46.23472 47.53262 73.64817 -45.91454 47.64131 73.64817 -45.58992 47.73593 73.64817 -19.104 34.76992 73.64817 -18.87017 35.01417 73.64817 -16.84145 40.58805 73.64817 -16.83407 40.25 73.64817 -16.84145 39.91195 73.64817 -16.86356 39.57454 73.64817 -51.26777 41.26158 73.64817 -20.42 46.78628 73.64817 -20.70907 46.9617 73.64817 -21.00552 47.12433 73.64817 -29.56568 46.18684 73.64817 -29.8199 45.9639 73.64817 -38.86617 46.39849 73.64817 -30.52092 45.2316 73.64817 -30.73256 44.9679 73.64817 -45.26148 47.81629 73.64817 -39.13885 46.59843 73.64817 -39.42 46.78628 73.64817 -39.70907 46.9617 73.64817 -51.21633 38.90423 73.64817 -51.15037 38.57259 73.64817 -51.06999 38.24415 73.64817 -51.26777 39.23842 73.64817 -38.60247 46.18684 73.64817 -30.9325 44.69522 73.64817 -36.87237 44.125 73.64817 -37.04779 44.41407 73.64817 -37.23564 44.69522 73.64817 -37.43558 44.9679 73.64817 -50.4584 43.82855 73.64817 -50.29577 44.125 73.64817 -22.90666 47.81629 73.64817 -23.2383 47.88226 73.64817 -23.57249 47.9337 73.64817 -23.90862 47.97051 73.64817 -30.06415 45.73007 73.64817 -30.29797 45.48582 73.64817 -37.64723 45.2316 73.64817 -37.87017 45.48582 73.64817 -105.5657 46.18684 73.64817 -105.8199 45.9639 73.64817 -16.95181 38.90423 73.64817 -17.01778 38.57259 73.64817 -17.09815 38.24415 73.64817 -16.90037 39.23842 73.64817 -16.95181 41.59577 73.64817 -17.01778 41.92741 73.64817 -17.09815 42.25585 73.64817 -16.90037 41.26158 73.64817 -21.30878 47.27388 73.64817 -21.61828 47.41007 73.64817 -21.93342 47.53262 73.64817 -22.2536 47.64131 73.64817 -22.57822 47.73593 73.64817 -24.24602 47.99263 73.64817 -24.58407 48 73.64817 -24.92212 47.99263 73.64817 -26.26148 47.81629 73.64817 -26.58992 47.73593 73.64817 -28.45907 46.9617 73.64817 -28.74814 46.78628 73.64817 -31.60796 43.52529 73.64817 -31.74414 43.2158 73.64817 -36.09814 42.25585 73.64817 -31.86669 42.90065 73.64817 -31.97538 42.58047 73.64817 -36.424 43.2158 73.64817 -31.29577 44.125 73.64817 -36.56018 43.52529 73.64817 -36.70973 43.82855 73.64817 -98.90667 47.81629 73.64817 -99.2383 47.88226 73.64817 -102.9145 47.64131 73.64817 -102.5899 47.73593 73.64817 -102.2615 47.81629 73.64817 -103.2347 47.53262 73.64817 -103.5499 47.41007 73.64817 -103.8594 47.27388 73.64817 -106.0642 45.73007 73.64817 -106.298 45.48582 73.64817 -29.02929 46.59843 73.64817 -29.30197 46.39849 73.64817 -32.15036 41.92741 73.64817 -35.90037 41.26158 73.64817 -32.06999 42.25585 73.64817 -35.95181 41.59577 73.64817 -36.01778 41.92741 73.64817 -44.59565 47.9337 73.64817 -44.92984 47.88226 73.64817 -96.70908 46.9617 73.64817 -97.00552 47.12433 73.64817 -104.1626 47.12433 73.64817 -104.4591 46.9617 73.64817 -104.7481 46.78628 73.64817 -25.25953 47.97051 73.64817 -25.59565 47.9337 73.64817 -25.92985 47.88226 73.64817 -98.57823 47.73593 73.64817 -99.5725 47.9337 73.64817 -99.90862 47.97051 73.64817 -100.246 47.99263 73.64817 -100.5841 48 73.64817 -100.9221 47.99263 73.64817 -101.2595 47.97051 73.64817 -101.5957 47.9337 73.64817 -101.9298 47.88226 73.64817 -105.0293 46.59843 73.64817 -105.302 46.39849 73.64817 -26.91454 47.64131 73.64817 -27.23473 47.53262 73.64817 -27.54987 47.41007 73.64817 -27.85936 47.27388 73.64817 -28.16262 47.12433 73.64817 -97.30878 47.27388 73.64817 -97.61827 47.41007 73.64817 -97.93342 47.53262 73.64817 -98.2536 47.64131 73.64817 -31.45841 43.82855 73.64817 -36.19276 42.58047 73.64817 -36.30145 42.90065 73.64817 -42.2383 47.88226 73.64817 -41.90666 47.81629 73.64817 -41.57822 47.73593 73.64817 -40.00552 47.12433 73.64817 -40.30878 47.27388 73.64817 -40.61827 47.41007 73.64817 -40.93341 47.53262 73.64817 -41.2536 47.64131 73.64817 -42.57249 47.9337 73.64817 -42.90861 47.97051 73.64817 -43.24602 47.99263 73.64817 -44.25953 47.97051 73.64817 -43.92212 47.99263 73.64817 -43.58407 48</float_array>
          <technique_common>
            <accessor source="#Roller_Main-mesh-positions-array" count="1817" stride="3">
              <param name="X" type="float"/>
              <param name="Y" type="float"/>
              <param name="Z" type="float"/>
            </accessor>
          </technique_common>
        </source>
        <source id="Roller_Main-mesh-normals">
          <float_array id="Roller_Main-mesh-normals-array" count="4335">-1 0 0 1 0 0 0 1 0 0 -1 0 -2.4414e-6 0 -1 9.7656e-6 0 -1 0 0 -1 -9.6371e-7 0 -1 4.81855e-7 0 -1 1.69542e-6 0 -1 -3.57714e-6 0 -1 5.96192e-7 0 -1 -8.56634e-7 0 -1 0 0 1 1.95312e-5 0 1 -1.69542e-6 0 1 1.78857e-6 0 1 -9.7656e-6 0 1 1 6.37269e-7 0 1 1.07881e-5 0 1 -9.02788e-6 0 1 3.27065e-5 0 1 3.20332e-6 0 1 -3.52162e-5 0 1 1.39763e-5 0 1 -1.86619e-4 0 1 3.44886e-5 0 1 -2.45321e-5 0 1 -5.73942e-7 0 1 -3.29155e-6 0 1 -2.69946e-6 0 1 -7.2338e-5 0 1 6.16574e-5 0 1 -2.67738e-5 0 1 1.53148e-5 0 1 -4.35388e-5 0 1 -9.65796e-6 0 1 -1.13126e-6 0 1 1.38679e-6 0 1 5.81093e-6 0 1 -2.28768e-5 0 1 7.85812e-6 0 1 -1.46315e-5 0 1 -3.83142e-5 0 1 4.21088e-5 0 1 -8.84048e-6 0 1 3.24339e-6 0 0.9999997 7.66577e-4 0 1 -3.12189e-5 0 1 7.92285e-7 0 1 1.81031e-6 0 1 -4.96731e-6 0 1 -5.6559e-7 0 1 -2.37079e-5 0 1 2.82877e-6 0 1 -3.74955e-6 0 1 -1.14666e-5 0 1 1.37161e-6 0 1 -1.02594e-5 0 1 1.37666e-5 0 1 4.08001e-5 0 1 -4.20053e-5 0 1 1.08794e-5 0 1 1.89905e-5 0 1 1.73735e-5 0 1 -2.23899e-6 0 1 4.99929e-6 0 1 7.09918e-6 0 1 4.27994e-6 0 1 -2.17709e-6 0 1 4.0593e-6 0 1 -2.36738e-6 0 1 6.86324e-6 0 1 3.21403e-6 0 1 -1.34503e-6 0 1 -4.80873e-6 0 1 1.91758e-5 0 1 4.83734e-6 0 1 -5.42623e-5 0 1 8.09411e-6 0 1 5.14066e-6 0 1 1.56976e-5 0 1 -2.3176e-5 0 1 2.34771e-6 0 1 9.24411e-6 0 1 1.52116e-6 0 1 -5.37814e-6 0 1 -1.5663e-5 0 1 -1.47093e-6 0 1 -9.84446e-5 0 1 -9.05961e-5 0 1 5.33441e-5 0 1 -8.00716e-6 0 1 -9.3254e-6 0 1 -1.39602e-5 0 1 1.24645e-5 0 1 -6.64559e-6 0 1 1.67872e-5 0 1 -1.30774e-6 0 1 -3.09795e-5 0 1 5.54738e-6 0 1 -6.09682e-5 0 1 6.55064e-6 0 1 -5.29225e-6 0 1 1.271e-5 0 1 7.79059e-5 0 1 2.91305e-5 0 1 1.74504e-6 0 1 -1.24645e-5 0 1 1.30259e-6 0 1 -6.70235e-7 0 1 5.93558e-7 0 1 3.8981e-6 0 1 4.66157e-5 0 1 1.3568e-6 0 1 -5.71124e-6 0 1 2.31739e-5 0 1 1.19846e-5 0 1 3.29155e-6 0 1 -1.81033e-6 0 1 -6.96798e-7 0 1 5.73955e-7 0 1 -8.36834e-6 0 1 2.28639e-5 0 1 7.87337e-6 0 1 -1.51955e-5 0 1 1.38053e-5 0 1 -6.508e-6 0 1 1.53393e-5 0 1 -2.87446e-6 0 1 5.14827e-6 0 1 -2.34144e-6 0 1 9.02772e-6 0 1 6.79363e-5 0 1 2.18502e-6 0 1 1.05617e-6 0 1 1.50058e-5 0 1 1.31325e-6 0 1 -7.92281e-7 0 1 4.96731e-6 0 1 2.69944e-6 0 1 6.60143e-6 0 1 -4.96229e-6 0 1 -2.24519e-6 0 1 -2.02963e-6 0 1 1.90729e-6 0 1 -2.19817e-6 0 1 -2.84414e-4 0 1 -4.42817e-6 0 1 -3.41483e-5 0 1 1.1634e-5 0 1 1.17952e-5 0 1 -5.83746e-6 0 1 3.01325e-6 0 1 2.8663e-6 0 1 -5.57899e-6 0 1 2.86835e-6 0 1 -2.79943e-5 0 1 5.14264e-6 0 1 3.07267e-5 0 1 -1.75072e-6 0 1 3.16056e-5 0 1 8.33472e-5 0 1 5.07213e-6 0 1 6.1769e-6 0 1 4.49807e-5 0 1 -2.53344e-6 0 1 -3.57306e-5 0 1 1.08349e-5 0 1 1.0498e-5 0 1 -2.94979e-6 0 1 4.83578e-6 0 1 4.61979e-6 0 1 -2.32602e-6 0 1 -2.96926e-6 0 1 1.3316e-5 0 1 -3.94415e-5 0 1 5.83747e-6 0 1 -5.98272e-6 0 1 2.72073e-6 0 1 -8.69248e-6 0 1 4.48833e-4 0 1 -1.04103e-4 0 1 3.96228e-5 0 1 -2.13767e-6 0 1 -3.02883e-5 0 1 1.36724e-5 0 1 6.10013e-6 0 1 -2.59572e-5 0 1 -6.79371e-5 0 1 -1.5233e-5 0 1 2.96997e-5 0 1 -9.08199e-6 0 1 9.32992e-6 0 1 -3.61524e-6 0 1 3.45801e-6 0 1 9.3932e-7 0 1 -1.28983e-6 0 1 7.90526e-7 0 1 -3.12195e-6 0 1 3.2034e-6 0 1 -8.58654e-7 0 1 -1.21054e-5 0 1 5.73671e-6 0 1 -2.78941e-6 0 1 -4.54267e-6 0 1 1.7404e-5 0 1 -2.55424e-6 0 1 -1.26781e-5 0 1 1.07566e-5 0 1 -1.20897e-6 0 1 6.10128e-6 0 1 -2.7639e-6 0 1 2.46866e-6 0 1 1.67868e-5 0 1 1.37375e-6 0 1 -1.17714e-6 0 1 1.54951e-6 0 1 -1.57877e-5 0 1 2.49203e-6 0 1 -1.49095e-6 0 1 2.52128e-6 0 1 -5.10861e-6 0 1 2.53601e-6 0 1 -1.43414e-5 0 1 4.28338e-6 0 1 1.13085e-6 0 1 -1.32703e-5 0 1 1.32069e-5 0 1 -3.16076e-5 0 1 1.0886e-5 0 1 1.97843e-6 0 1 -4.22619e-5 0 1 2.8158e-5 0 1 6.0829e-5 0 1 1.99728e-5 0 1 -1.4556e-5 0 1 -2.26162e-6 0 1 -5.76196e-6 0 1 2.95647e-6 0 1 -7.92285e-7 0 1 -3.70568e-6 0 1 8.42112e-7 0 1 -4.96722e-6 0 1 5.93557e-7 0 1 7.86608e-6 0 1 -8.5915e-6 0 1 -1.99728e-5 0 1 1.24756e-5 0 1 -3.74195e-6 0 1 3.52804e-6 0 1 1.16904e-5 0 1 1.03308e-6 0 1 9.01876e-6 0 1 2.9149e-7 0 1 -2.83447e-5 0 1 -5.14105e-6 0 1 4.96722e-6 0 1 6.23659e-6 0 1 3.05072e-6 0 1 -4.68667e-5 0 1 1.7492e-5 0 1 1.11116e-6 0 1 -3.12196e-6 0 1 -2.96919e-6 0 1 -6.47836e-6 0 1 -9.94366e-7 0 1 -2.23447e-5 0 1 2.75768e-6 0 1 -8.00953e-7 0 1 -1.22968e-6 0 1 -1.69568e-6 0 1 -3.2586e-5 0 1 5.21921e-5 0 1 -1.87688e-4 0 1 -2.02458e-6 0 1 1.81035e-6 0 1 5.93569e-7 0 1 2.88005e-6 0 1 3.02869e-6 0 1 -1.6457e-6 0 1 -7.11159e-7 0 1 2.16127e-5 0 1 -1.12e-5 0 1 1.32705e-5 0 1 -2.849e-5 0 1 6.60615e-6 0 1 3.47273e-5 0 1 -4.69998e-6 0 1 -2.13791e-6 0 1 -4.75602e-5 0 1 3.76313e-5 0 1 1.77722e-6 0 1 -3.26763e-6 0 1 -7.10812e-7 0 1 5.10162e-6 0 1 -6.09553e-7 0 1 -3.29725e-6 0 1 7.61755e-6 0 1 -6.08262e-6 0 1 -5.59247e-6 0 1 -1.27104e-5 0 1 8.79059e-6 0 1 -2.11384e-6 0 1 -2.19824e-6 0 1 4.80584e-6 0 1 -2.27232e-5 0 1 -2.72087e-5 0 1 3.25264e-6 0 1 -5.06186e-6 0 1 2.53603e-6 0 1 -4.73467e-6 0 1 -2.96922e-6 0 1 1.07144e-5 0 1 -7.1662e-6 0 1 -2.30196e-5 0 1 8.69248e-6 0 1 2.13712e-5 0 1 2.42078e-5 0 1 -1.47028e-6 0 1 -2.55427e-6 0 1 1.45437e-6 0 1 2.0994e-6 0 2.44141e-6 0 -1 -1.05964e-6 0 -1 7.12075e-5 7.5499e-5 -1 2.89307e-4 0 -1 0.004761397 -0.004832625 -0.999977 9.63713e-7 0 -1 6.42475e-7 0 -1 -6.10352e-7 0 -1 -2.44141e-6 0 -1 1.16814e-6 0 -1 -2.71267e-6 0 -1 1.78858e-6 0 -1 0 -1 2.03451e-6 0 -0.9997619 0.02182585 0 -0.9978621 0.06535434 0 -0.9978568 0.06543654 0 -0.9940593 0.1088401 0 -0.9940504 0.1089217 0 -0.9883615 0.1521237 0 -0.9807893 0.19507 0 -0.9713402 0.2376939 0 -0.9600532 0.279818 0 -0.960042 0.279856 0 -0.9469392 0.321413 0 -0.9469265 0.3214501 0 -0.9320159 0.3624175 0 -0.9320019 0.3624534 0 -0.9153029 0.4027665 0 -0.915318 0.4027319 0 -0.8968706 0.4422932 0 -0.8767408 0.4809632 0 -0.8767061 0.4810267 0 -0.8549247 0.5187521 0 -0.8549065 0.5187823 0 -0.8314766 0.5555598 0 -0.8314385 0.5556169 0 -0.8064568 0.5912932 0 -0.7798767 0.6259333 0 -0.7798968 0.6259082 0 -0.7518168 0.659372 0 -0.7518373 0.6593488 0 -0.7223886 0.6914873 0 -0.7223474 0.6915304 0 -0.691515 0.7223622 0 -0.6593374 0.7518472 0 -0.6593579 0.7518293 0 -0.6259267 0.779882 0 -0.5913086 0.8064455 0 -0.5555786 0.831464 0 -0.5555596 0.8314768 0 -0.5187797 0.8549081 0 -0.4810017 0.8767197 0 -0.480967 0.8767388 0 -0.4423 0.8968672 0 -0.4422837 0.8968753 0 -0.4027497 0.9153103 0 -0.3624406 0.9320069 0 -0.3624266 0.9320123 0 -0.3214383 0.9469306 0 -0.3214508 0.9469263 0 -0.2798198 0.9600526 0 -0.279842 0.9600461 0 -0.2376894 0.9713412 0 -0.2376799 0.9713436 0 -0.1950719 0.980789 0 -0.1950877 0.9807858 0 -0.1521235 0.9883615 0 -0.1088693 0.9940561 0 -0.06540954 0.9978586 0 -0.06541222 0.9978584 0 -0.02180796 0.9997622 0 0.02180707 0.9997622 0 0.06541222 0.9978584 0 0.1088693 0.9940561 0 0.1521235 0.9883615 0 0.1521173 0.9883625 0 0.1950877 0.9807858 0 0.1950799 0.9807875 0 0.2376894 0.9713412 0 0.2376799 0.9713436 0 0.2798309 0.9600494 0 0.3214383 0.9469306 0 0.3214508 0.9469263 0 0.3624406 0.9320069 0 0.3624128 0.9320178 0 0.4027801 0.9152969 0 0.4027497 0.9153103 0 0.4422837 0.8968753 0 0.4423 0.8968672 0 0.480967 0.8767388 0 0.5187797 0.8549081 0 0.518798 0.8548969 0 0.5555786 0.831464 0 0.5555596 0.8314768 0 0.5913283 0.806431 0 0.5913086 0.8064455 0 0.6258864 0.7799143 0 0.6259267 0.779882 0 0.6593579 0.7518293 0 0.6593374 0.7518473 0 0.6915355 0.7223424 0 0.691515 0.7223622 0 0.7223474 0.6915304 0 0.7223681 0.6915088 0 0.7518373 0.6593488 0 0.7798968 0.6259082 0 0.7798767 0.6259333 0 0.8064568 0.5912932 0 0.8064371 0.5913199 0 0.8314576 0.5555884 0 0.8314766 0.5555598 0 0.8549247 0.5187521 0 0.8549065 0.5187823 0 0.8767061 0.4810267 0 0.8767234 0.4809949 0 0.896887 0.44226 0 0.9153029 0.4027665 0 0.9320159 0.3624175 0 0.9320019 0.3624534 0 0.9469265 0.3214501 0 0.9469392 0.321413 0 0.960042 0.279856 0 0.9600532 0.279818 0 0.9713402 0.2376939 0 0.9807893 0.19507 0 0.9883615 0.1521237 0 0.9940593 0.1088401 0 0.9940504 0.1089217 0 0.9978621 0.06535434 0 0.9978568 0.06543654 0 0.999761 0.02186709 0 0.9997627 0.02178466 0 0.9997627 -0.02178466 0 0.999761 -0.02186709 0 0.9978568 -0.06543654 0 0.9978621 -0.06535434 0 0.9940502 -0.1089228 0 0.9940592 -0.1088413 0 0.9883617 -0.152122 0 0.9807889 -0.1950721 0 0.9713408 -0.2376913 0 0.9600532 -0.279818 0 0.960042 -0.279856 0 0.9469403 -0.3214097 0 0.9469277 -0.3214466 0 0.9320005 -0.3624572 0 0.9320144 -0.3624213 0 0.9153029 -0.4027665 0 0.896887 -0.44226 0 0.8767234 -0.4809949 0 0.8767061 -0.4810267 0 0.8549035 -0.5187873 0 0.8549218 -0.5187571 0 0.8314801 -0.5555546 0 0.831461 -0.5555831 0 0.8064411 -0.5913146 0 0.8064607 -0.5912877 0 0.7798767 -0.6259333 0 0.7798968 -0.6259082 0 0.7518324 -0.6593543 0 0.7223681 -0.6915088 0 0.7223474 -0.6915304 0 0.691515 -0.7223622 0 0.6915355 -0.7223424 0 0.6593374 -0.7518472 0 0.6593579 -0.7518293 0 0.6259267 -0.779882 0 0.6258864 -0.7799143 0 0.5913086 -0.8064455 0 0.5913283 -0.806431 0 0.5555596 -0.8314768 0 0.5555786 -0.831464 0 0.5187897 -0.8549019 0 0.5187714 -0.8549129 0 0.4809843 -0.8767293 0 0.4423 -0.8968672 0 0.4422837 -0.8968753 0 0.4027402 -0.9153144 0 0.4027706 -0.915301 0 0.3624128 -0.9320178 0 0.3624406 -0.9320069 0 0.3214508 -0.9469263 0 0.3214383 -0.9469306 0 0.2798309 -0.9600494 0 0.2376692 -0.9713462 0 0.2376788 -0.9713439 0 0.1950907 -0.9807853 0 0.1950986 -0.9807837 0 0.1521173 -0.9883625 0 0.1521235 -0.9883615 0 0.1088693 -0.9940561 0 0.06541222 -0.9978584 0 0.02180707 -0.9997622 0 -0.02180796 -0.9997622 0 -0.06541222 -0.9978584 0 -0.06540954 -0.9978586 0 -0.1088693 -0.9940561 0 -0.1521235 -0.9883615 0 -0.1950986 -0.9807837 0 -0.1950828 -0.9807869 0 -0.2376692 -0.9713462 0 -0.2376788 -0.9713439 0 -0.279842 -0.9600461 0 -0.2798198 -0.9600526 0 -0.3214508 -0.9469263 0 -0.3214383 -0.9469306 0 -0.3624266 -0.9320123 0 -0.3624406 -0.9320069 0 -0.4027402 -0.9153144 0 -0.4422837 -0.8968753 0 -0.4423 -0.8968672 0 -0.4809843 -0.8767293 0 -0.4810191 -0.8767102 0 -0.5187714 -0.8549129 0 -0.5555596 -0.8314768 0 -0.5555786 -0.831464 0 -0.5913086 -0.8064455 0 -0.6259267 -0.779882 0 -0.6593579 -0.7518293 0 -0.6593374 -0.7518473 0 -0.691515 -0.7223622 0 -0.7223474 -0.6915304 0 -0.7223886 -0.6914873 0 -0.7518324 -0.6593543 0 -0.7518119 -0.6593776 0 -0.7798968 -0.6259082 0 -0.7798767 -0.6259333 0 -0.8064607 -0.5912877 0 -0.8314419 -0.5556117 0 -0.8314801 -0.5555546 0 -0.8549035 -0.5187873 0 -0.8549218 -0.5187571 0 -0.8767061 -0.4810267 0 -0.8767408 -0.4809632 0 -0.8968706 -0.4422932 0 -0.915318 -0.4027319 0 -0.9153029 -0.4027665 0 -0.9320005 -0.3624572 0 -0.9320144 -0.3624213 0 -0.9469277 -0.3214466 0 -0.9469403 -0.3214097 0 -0.960042 -0.279856 0 -0.9600532 -0.279818 0 -0.9713408 -0.2376913 0 -0.9807889 -0.1950721 0 -0.9883617 -0.152122 0 -0.9940502 -0.1089228 0 -0.9940592 -0.1088413 0 -0.9978568 -0.06543654 0 -0.9978621 -0.06535434 0 -0.9997619 -0.02182585 0 -0.9997627 -0.02178466 0 -0.9997627 0.02178466 0 1 -1.27156e-7 0 -0.999762 0.02181553 0 -0.9978588 0.06540572 0 -0.9978594 0.06539547 0 -0.994056 0.1088707 0 -0.994057 0.1088605 0 -0.9883599 0.1521338 0 -0.9807864 0.1950849 0 -0.9713414 0.237689 0 -0.9600504 0.2798275 0 -0.9469282 0.3214455 0 -0.9469297 0.3214408 0 -0.9320089 0.3624354 0 -0.9153104 0.4027492 0 -0.9153124 0.4027449 0 -0.8968726 0.4422891 0 -0.8767256 0.480991 0 -0.8767278 0.480987 0 -0.8549133 0.5187709 0 -0.8314694 0.5555705 0 -0.8314647 0.5555776 0 -0.806442 0.5913133 0 -0.8064445 0.5913099 0 -0.7798842 0.6259239 0 -0.7798867 0.6259207 0 -0.7518424 0.659343 0 -0.7223629 0.6915143 0 -0.7223603 0.6915169 0 -0.6915124 0.7223647 0 -0.6593476 0.7518383 0 -0.6593477 0.7518383 0 -0.6259242 0.779884 0 -0.6259192 0.7798881 0 -0.591311 0.8064436 0 -0.5555691 0.8314705 0 -0.5555715 0.8314689 0 -0.5187842 0.8549053 0 -0.5187866 0.8549039 0 -0.4809778 0.8767328 0 -0.4809757 0.876734 0 -0.4422898 0.8968723 0 -0.4422878 0.8968732 0 -0.4027572 0.9153069 0 -0.4027534 0.9153085 0 -0.3624354 0.9320089 0 -0.3624389 0.9320076 0 -0.2798323 0.9600489 0 -0.2376835 0.9713428 0 -0.1950838 0.9807867 0 -0.1950833 0.9807867 0 -0.1521227 0.9883616 0 -0.1521232 0.9883616 0 -0.1088687 0.9940562 0 -0.06541121 0.9978585 0 -0.06541138 0.9978584 0 -0.02180749 0.9997622 0 -0.02180755 0.9997622 0 0.02180761 0.9997622 0 0.02180749 0.9997622 0 0.06541138 0.9978584 0 0.1088687 0.9940562 0 0.1521224 0.9883617 0 0.1950838 0.9807867 0 0.1950848 0.9807864 0 0.2376835 0.9713428 0 0.2376831 0.9713428 0 0.2798319 0.9600491 0 0.2798312 0.9600493 0 0.321439 0.9469303 0 0.3624371 0.9320083 0 0.3624367 0.9320084 0 0.4027554 0.9153078 0 0.4027558 0.9153075 0 0.4422893 0.8968725 0 0.4422888 0.8968727 0 0.4809767 0.8767334 0 0.480977 0.8767333 0 0.5187854 0.8549045 0 0.5187857 0.8549044 0 0.5555691 0.8314705 0 0.5555688 0.8314706 0 0.5913095 0.8064447 0 0.5913094 0.806445 0 0.6259222 0.7798857 0 0.6593476 0.7518383 0 0.6593477 0.7518382 0 0.6915132 0.7223639 0 0.6915131 0.722364 0 0.7223609 0.6915163 0 0.7518435 0.6593418 0 0.7518433 0.6593418 0 0.7798838 0.6259244 0 0.7798839 0.6259243 0 0.8064433 0.5913116 0 0.806443 0.5913118 0 0.8314677 0.5555732 0 0.8314675 0.5555734 0 0.8549136 0.5187705 0 0.8767264 0.4809895 0 0.8767262 0.4809899 0 0.8968731 0.4422881 0 0.9153114 0.402747 0 0.9153109 0.4027482 0 0.9320089 0.3624354 0 0.9320091 0.3624349 0 0.9469293 0.321442 0 0.9469292 0.3214426 0 0.96005 0.2798287 0 0.971342 0.2376866 0 0.9713414 0.237689 0 0.980786 0.1950874 0 0.9883609 0.1521275 0 0.9883613 0.152125 0 0.9940567 0.1088643 0 0.9940565 0.1088656 0 0.997859 0.06540316 0 0.9997621 0.02181428 0 0.9997621 0.02181684 0 0.9997621 -0.02181684 0 0.9997621 -0.02181428 0 0.997859 -0.06540316 0 0.9940564 -0.1088668 0 0.9940565 -0.1088655 0 0.9883615 -0.1521233 0 0.9883612 -0.1521258 0 0.9807856 -0.1950895 0 0.971342 -0.2376865 0 0.9713426 -0.237684 0 0.96005 -0.2798287 0 0.9469303 -0.3214391 0 0.9469305 -0.3214385 0 0.9320077 -0.3624387 0 0.9320074 -0.3624392 0 0.9153109 -0.4027482 0 0.9153114 -0.402747 0 0.8968731 -0.4422881 0 0.8767262 -0.4809899 0 0.8767264 -0.4809895 0 0.8549105 -0.5187755 0 0.831471 -0.5555682 0 0.8314711 -0.555568 0 0.806447 -0.5913064 0 0.8064472 -0.5913062 0 0.7798839 -0.6259243 0 0.7798838 -0.6259244 0 0.7518384 -0.6593474 0 0.7518385 -0.6593474 0 0.7223609 -0.6915163 0 0.6915131 -0.722364 0 0.6915132 -0.7223639 0 0.6593477 -0.7518383 0 0.6593477 -0.7518383 0 0.6259222 -0.7798857 0 0.5913094 -0.806445 0 0.5913095 -0.8064447 0 0.5555688 -0.8314706 0 0.5555691 -0.8314705 0 0.5187774 -0.8549094 0 0.5187771 -0.8549095 0 0.4809944 -0.8767238 0 0.4809941 -0.8767239 0 0.4422888 -0.8968727 0 0.4422893 -0.8968725 0 0.4027463 -0.9153116 0 0.4027459 -0.9153119 0 0.3624367 -0.9320084 0 0.3624371 -0.9320083 0 0.321439 -0.9469303 0 0.2798312 -0.9600493 0 0.2798319 -0.9600491 0 0.2376725 -0.9713454 0 0.2376728 -0.9713453 0 0.1950956 -0.9807842 0 0.1950947 -0.9807845 0 0.1521224 -0.9883617 0 0.1088687 -0.9940562 0 0.06541138 -0.9978584 0 0.02180749 -0.9997622 0 0.02180761 -0.9997622 0 -0.02180755 -0.9997622 0 -0.02180749 -0.9997622 0 -0.06541138 -0.9978584 0 -0.06541121 -0.9978585 0 -0.1088687 -0.9940562 0 -0.1521232 -0.9883616 0 -0.1521227 -0.9883616 0 -0.1950941 -0.9807845 0 -0.1950947 -0.9807845 0 -0.2376728 -0.9713453 0 -0.2798323 -0.9600489 0 -0.3624389 -0.9320076 0 -0.3624354 -0.9320089 0 -0.402744 -0.9153127 0 -0.4027478 -0.9153111 0 -0.4422878 -0.8968732 0 -0.4422898 -0.8968723 0 -0.480993 -0.8767245 0 -0.4809952 -0.8767234 0 -0.5187783 -0.8549089 0 -0.518776 -0.8549102 0 -0.5555715 -0.8314689 0 -0.5555691 -0.8314705 0 -0.591311 -0.8064436 0 -0.6259192 -0.7798881 0 -0.6259242 -0.779884 0 -0.6593476 -0.7518383 0 -0.6593477 -0.7518383 0 -0.6915124 -0.7223647 0 -0.7223603 -0.6915169 0 -0.7223629 -0.6915143 0 -0.7518376 -0.6593485 0 -0.7798867 -0.6259207 0 -0.7798842 -0.6259239 0 -0.8064485 -0.5913046 0 -0.806446 -0.5913079 0 -0.8314682 -0.5555724 0 -0.8314729 -0.5555653 0 -0.8549103 -0.5187759 0 -0.8767278 -0.480987 0 -0.8767256 -0.480991 0 -0.8968726 -0.4422891 0 -0.9153124 -0.4027449 0 -0.9153104 -0.4027492 0 -0.9320074 -0.3624392 0 -0.9469309 -0.3214374 0 -0.9469293 -0.321442 0 -0.9600504 -0.2798275 0 -0.971342 -0.2376865 0 -0.9807859 -0.195087 0 -0.9883602 -0.1521321 0 -0.9940569 -0.1088617 0 -0.9940558 -0.1088719 0 -0.9978594 -0.06539547 0 -0.9978588 -0.06540572 0 -0.999762 -0.02181553 0 -0.999761 0.02186709 0 -0.9883677 0.1520834 0 -0.9807814 0.1951097 0 -0.9600309 0.279894 0 -0.8064371 0.5913199 0 -0.7518576 0.6593254 0 -0.5555405 0.8314895 0 -0.518798 0.8548969 0 -0.4809843 0.8767293 0 -0.4809495 0.8767483 0 -0.4027649 0.9153036 0 -0.1950799 0.9807875 0 -0.1088648 0.9940566 0 0.02180796 0.9997622 0 0.06540954 0.9978586 0 0.1088648 0.9940566 0 0.1521297 0.9883606 0 0.3624266 0.9320123 0 0.4809843 0.8767293 0 0.5913184 0.8064382 0 0.6259166 0.77989 0 0.6593374 0.7518472 0 0.6593579 0.7518293 0 0.6915047 0.722372 0 0.6915253 0.7223523 0 0.7223578 0.6915196 0 0.7798867 0.6259207 0 0.8064469 0.5913065 0 0.8314671 0.5555741 0 0.8549156 0.5187672 0 0.8548973 0.5187973 0 0.8767321 0.480979 0 0.8767408 0.4809632 0 0.8968706 0.4422932 0 0.9153104 0.4027492 0 0.9469329 0.3214316 0 0.9600476 0.279837 0 0.9713449 0.2376744 0 0.9807854 0.1950898 0 0.9940549 0.1088809 0 0.994057 0.1088605 0 0.9978581 0.06541597 0 0.9997619 0.02182585 0 0.9997619 -0.02182585 0 0.9978581 -0.06541597 0 0.9940569 -0.1088617 0 0.9940547 -0.1088821 0 0.980785 -0.195092 0 0.9713456 -0.2376718 0 0.9600476 -0.279837 0 0.946934 -0.3214281 0 0.9153104 -0.4027492 0 0.8968706 -0.4422932 0 0.8767408 -0.4809632 0 0.8767321 -0.480979 0 0.8548943 -0.5188024 0 0.8549125 -0.5187722 0 0.8314706 -0.5555689 0 0.8064509 -0.5913012 0 0.7798867 -0.6259207 0 0.7223578 -0.6915196 0 0.6915253 -0.7223523 0 0.6915047 -0.722372 0 0.6593579 -0.7518293 0 0.6593374 -0.7518473 0 0.6259166 -0.77989 0 0.5913184 -0.8064382 0 0.4810017 -0.8767197 0 0.3624266 -0.9320123 0 0.1521297 -0.9883606 0 0.1088648 -0.9940566 0 0.06540954 -0.9978586 0 0.02180796 -0.9997622 0 -0.1088648 -0.9940566 0 -0.1950907 -0.9807853 0 -0.4027554 -0.9153077 0 -0.4809669 -0.8767389 0 -0.4810017 -0.8767197 0 -0.5187897 -0.8549019 0 -0.5555405 -0.8314895 0 -0.7518528 -0.659331 0 -0.8064411 -0.5913146 0 -0.9600309 -0.279894 0 -0.980781 -0.1951118 0 -0.988368 -0.1520817 0 -0.999761 -0.02186709 1.95313e-5 0 1 -1.78858e-6 0 1 -1 2.26253e-6 0 -1 -1.91758e-5 0 -1 9.69635e-6 0 -1 -3.5791e-4 0 -1 9.10332e-5 0 -1 5.93305e-5 0 -1 -9.62232e-5 0 -1 1.05617e-6 0 -1 -4.96731e-6 0 -1 5.34202e-6 0 -1 -4.586e-5 0 -1 -4.51515e-6 0 -1 3.46909e-5 0 -1 -2.03618e-6 0 -1 1.93493e-5 0 -1 -2.40176e-6 0 -1 -2.0024e-5 0 -1 8.97693e-6 0 -1 5.73332e-6 0 -1 -4.42804e-6 0 -1 -2.84576e-4 0 -1 -3.07257e-5 0 -1 -1.76429e-4 0 -1 4.16039e-5 0 -1 5.13875e-4 0 -1 -7.93399e-5 0 -1 -8.6706e-5 0 -1 1.40871e-5 0 -1 -7.3888e-5 0 -1 1.09481e-4 0 -1 -1.23608e-4 0 -1 -4.06785e-5 0 -1 -3.65534e-5 0 -1 2.90311e-5 0 -1 5.20021e-5 0 -1 1.34503e-6 0 -1 -2.69947e-6 0 -1 -2.52126e-6 0 -1 1.21054e-5 0 -1 1.33529e-4 0 -1 -5.4277e-5 0 -1 2.30674e-5 0 -1 -1.5419e-4 0 -1 1.02145e-4 0 -1 7.13369e-5 0 -1 -3.46374e-6 0 -1 1.29756e-4 0 -1 1.66486e-4 0 -1 -4.98806e-5 0 -1 3.05225e-5 0 -1 -6.41931e-6 0 -1 -1.72387e-6 0 -1 -1.38679e-6 0 -1 -9.02788e-6 0 -1 -2.19819e-6 0 -1 -2.22954e-6 0 -1 8.1243e-5 0 -1 -2.68566e-6 0 -1 -5.06412e-5 0 -1 4.77412e-5 0 -1 -3.12156e-5 0 -1 4.20053e-5 0 -1 -3.31501e-5 0 -1 7.49917e-6 0 -1 -4.14072e-6 0 -1 4.13798e-6 0 -1 -3.70557e-6 0 -1 8.42112e-7 0 -1 -4.57038e-5 0 -1 8.64295e-6 0 -1 -2.849e-5 0 -1 3.30304e-6 0 -1 -1.61766e-6 0 -1 6.37261e-7 0 -1 -8.8563e-6 0 -1 -9.67137e-6 0 -1 -1.12e-5 0 -1 -2.9328e-6 0 -1 -1.42451e-5 0 -1 -4.5708e-5 0 -1 1.78379e-5 0 -1 3.71195e-4 0 -0.9999998 -6.94337e-4 0 -1 -2.10807e-6 0 -1 -6.91594e-6 0 -1 1.8164e-5 0 -1 3.89162e-5 0 -1 -3.80015e-5 0 -1 -1.25857e-4 0 -1 -1.03721e-4 0 -1 -2.83934e-6 0 -1 -6.12245e-5 0 -1 -1.54512e-4 0 -1 9.28247e-5 0 -1 -5.76818e-5 0 -1 -1.95916e-4 0 -1 2.34297e-6 0 -1 -3.74195e-6 0 -1 -5.62802e-5 0 -1 2.92828e-5 0 -1 -6.6584e-5 0 -1 7.16287e-5 0 -1 -2.43456e-6 0 -1 -2.5941e-5 0 -1 2.50006e-5 0 -1 1.0281e-6 0 -1 -4.96722e-6 0 -1 9.49704e-6 0 -1 -1.78955e-4 0 -1 8.79075e-6 0 -1 -1.271e-5 0 -1 9.16176e-6 0 -1 1.715e-5 0 -1 1.49095e-6 0 -1 4.25283e-5 0 -1 -4.49807e-5 0 -1 9.00348e-6 0 -1 9.2536e-6 0 -1 -2.84414e-4 0 -1 4.4843e-4 0 -1 4.42817e-6 0 -1 -5.05357e-6 0 -1 -2.19684e-4 0 -1 -4.11049e-6 0 -1 -1.18537e-5 0 -1 2.91336e-6 0 -1 -3.45391e-6 0 -1 3.135e-6 0 -1 3.82475e-6 0 -1 -5.24903e-6 0 -1 -8.16363e-6 0 -1 1.7183e-5 0 -1 -4.78749e-5 0 -1 5.59247e-6 0 -1 4.41029e-5 0 -1 -1.13083e-6 0 -1 1.9585e-4 0 -1 -7.87337e-6 0 -1 6.78261e-6 0 -1 7.12135e-7 0 -1 2.021e-6 0 -1 -3.29155e-6 0 -1 -2.69944e-6 0 -1 2.96926e-6 0 -1 -1.27104e-5 0 -1 2.20814e-6 0 -1 -8.77749e-6 0 -1 4.64586e-5 0 -1 -2.16263e-4 0 -1 -6.96798e-7 0 -1 5.73942e-7 0 -1 -2.80391e-6 0 -1 7.38989e-5 0 -1 -1.76097e-5 0 -1 6.53285e-7 0 -1 -5.92614e-6 0 -1 3.17953e-6 0 -1 -4.32378e-6 0 -1 2.13719e-5 0 -1 1.84525e-5 0 -1 2.02733e-6 0 -1 2.09936e-6 0 -1 2.40303e-6 0 -1 9.02788e-6 0 -1 -2.34294e-6 0 -1 4.96722e-6 0 -1 -5.34202e-6 0 -1 5.06483e-5 0 -1 -4.88475e-6 0 -1 -3.2209e-6 0 -1 -3.45543e-6 0 -1 1.58919e-6 0 -1 -9.13626e-6 0 -1 9.49686e-6 0 -1 -1.79083e-4 0 -1 -1.66722e-4 0 -1 3.94189e-5 0 -1 -5.5139e-6 0 -1 -2.76384e-6 0 -1 5.76209e-6 0 -1 -2.55425e-6 0 -1 -2.16127e-5 0 -1 2.16272e-5 0 -1 -3.39397e-6 0 -1 -6.33174e-6 0 -1 9.07791e-6 0 -1 2.86279e-5 0 -1 -3.04012e-6 0 -1 -3.49846e-5 0 -1 1.00704e-5 0 -1 -3.02869e-6 0 -1 2.46872e-6 0 -1 -2.02364e-5 0 -1 3.52191e-6 0 -1 -5.83074e-6 0 -1 -2.30449e-5 0 -1 5.34197e-6 0 -1 1.14788e-6 0 -1 -1.90549e-6 0 -1 -1.42434e-6 0 -1 1.28707e-6 0 -1 9.34475e-6 0 -1 6.23659e-6 0 -1 3.05068e-6 0 -1 2.69287e-6 0 -1 -1.19038e-5 0 -1 4.76009e-5 0 -1 -1.52784e-6 0 -1 3.45089e-5 0 -1 1.89485e-6 0 -1 -1.36032e-5 0 -1 -5.73292e-6 0 -1 2.88351e-6 0 -1 -2.02108e-6 0 -1 1.31325e-6 0 -1 -7.92285e-7 0 -1 7.49804e-6 0 -1 -2.87199e-6 0 -1 -1.41364e-6 0 -1 1.20989e-6 0 -1 5.07202e-6 0 -1 -4.85729e-6 0 -1 -2.45215e-6 0 -1 3.01579e-4 0 -1 -1.99728e-5 0 -1 2.3019e-6 0 -1 -7.92305e-7 0 -1 -2.74924e-6 0 -1 6.84243e-5 0 -1 2.96917e-6 0 -1 1.50002e-5 0 -1 -5.57886e-6 0 -1 2.86835e-6 0 -1 -4.7986e-6 0 -1 -3.4539e-6 0 -1 -3.14231e-5 0 -1 1.66334e-5 0 -1 -1.43414e-5 0 -1 1.58487e-6 0 -1 9.16165e-6 0 -1 1.95679e-6 0 -1 -2.60315e-5 0 -1 2.76113e-5 0 -1 2.70059e-5 0 -1 -7.261e-6 0 -1 1.82813e-6 0 -1 -8.64513e-6 0 -1 8.91933e-6 0 -1 -1.44299e-6 0 -1 9.25378e-6 0 -1 4.48833e-4 0 -1 1.07147e-5 0 -1 -5.05377e-6 0 -1 -2.5543e-6 0 -1 -2.95915e-6 0 -1 1.01236e-6 0 -1 -6.31279e-6 0 -1 -5.91282e-6 0 -1 -2.88105e-6 0 -1 2.86632e-6 0 -1 -6.10143e-6 0 -1 2.76384e-6 0 -1 -3.05034e-6 0 -1 5.98287e-6 0 -1 2.36747e-6 0 -1 4.68604e-6 0 -1 -3.57654e-4 0 -1 -2.11385e-6 0 -1 1.80297e-5 0 -1 -2.21649e-6 0 -1 -6.61621e-6 0 -1 1.6017e-6 0 -1 9.25343e-6 0 -1 4.42821e-6 0 -1 2.28768e-5 0 -1 2.86625e-6 0 -1 2.7639e-6 0 -1 -3.12193e-6 0 -1 3.05027e-6 0 -1 4.71934e-6 0 -1 -7.0822e-6 0 -1 -2.81944e-5 0 -1 1.11514e-5 0 -1 2.78769e-5 0 -1 -1.14713e-6 0 -1 2.96922e-6 0 -1 1.93379e-6 0 -1 7.63475e-5 0 -1 1.22092e-5 0 -1 -1.52634e-6 0 -1 -2.79861e-5 0 -1 5.93725e-6 0 -1 -5.73092e-6 0 -1 5.51377e-6 0 -1 -1.95907e-4 0 -1 2.34298e-6 0 -1 -3.19741e-6 0 -1 2.87992e-6 0 -1 -1.87688e-4 0 -1 -1.78113e-5 0 -1 1.64459e-5 0 -1 -3.62402e-6 0 -1 7.08215e-5 0 -1 -2.3886e-5 0 -1 1.7925e-5 0 -1 -1.46315e-5 0 -1 -1.78328e-5 0 -1 7.14402e-6 0 -1 1.25019e-6 0 -1 8.54175e-6 0 -1 -1.223e-6 0 -1 3.02883e-6 0 -1 -1.75753e-5 0 -1 -5.04081e-6 0 -1 4.90977e-7 0 -1 1.03597e-5 0 -1 4.88161e-7 0 -1 -5.06483e-5 0 -1 3.36818e-6 0 -1 -1.54954e-6 0 -1 4.74852e-6 0 -1 -2.02458e-6 0 -1 -1.28416e-6 0 -1 -1.19886e-5 0 -1 -1.03135e-5 0 -1 4.74834e-6 0 -1 2.22517e-7 0 -1 1.5144e-6 0 -1 -3.91276e-6 0 0 -0.00483185 -0.9999884 0 0.4027554 -0.9153077 0 0.6259065 -0.7798981 0 0.7518528 -0.659331 0 0.7798566 -0.6259584 0 0.8314419 -0.5556117 0 0.8549401 -0.518727 0 0.9713312 -0.2377302 0 0.9978594 -0.06539547 0 0.9978594 0.06539547 0 0.9713306 0.2377328 0 0.854943 0.5187219 0 0.8314385 0.5556169 0 0.7798566 0.6259584 0 0.7518576 0.6593254 0 0.6259065 0.7798981 0 0.4027649 0.9153036 0 -0.3624545 0.9320015 0 -0.5912889 0.8064599 0 -0.6259468 0.7798658 0 -0.7518782 0.6593021 0 -0.8968542 0.4423264 0 -0.9153333 0.4026974 0 -0.9600642 0.27978 0 -0.9600642 -0.27978 0 -0.9153333 -0.4026974 0 -0.8968542 -0.4423264 0 -0.7518733 -0.6593077 0 -0.6259468 -0.7798658 0 -0.5912889 -0.8064599 0 -0.3624545 -0.9320015 0 -0.03533673 -0.9993755 1.81317e-5 -0.02180796 -0.9997622 0 -0.9978581 0.06541597 0 -0.9807854 0.1950898 0 -0.9713449 0.2376744 0 -0.9713354 0.2377133 0 -0.9600586 0.2797989 0 -0.9600476 0.279837 0 -0.8968788 0.4422766 0 -0.8767234 0.4809949 0 -0.8767321 0.480979 0 -0.8549156 0.5187672 0 -0.8314576 0.5555884 0 -0.8064469 0.5913065 0 -0.7518475 0.6593371 0 -0.7223681 0.6915088 0 -0.6915253 0.7223523 0 -0.6593374 0.7518473 0 -0.6259166 0.77989 0 -0.5913184 0.8064382 0 -0.5187888 0.8549025 0 -0.4422919 0.8968712 0 -0.3214445 0.9469285 0 -0.2798309 0.9600494 0 -0.2376846 0.9713425 0 -0.1088671 0.9940564 0 -0.06541091 0.9978584 0 0.06541091 0.9978584 0 0.1521204 0.9883621 0 0.2376846 0.9713425 0 0.3214445 0.9469285 0 0.3624336 0.9320096 0 0.4027572 0.9153069 0 0.4422919 0.8968712 0 0.4809757 0.876734 0 0.5187888 0.8549025 0 0.7518475 0.6593371 0 0.8767148 0.4810108 0 0.8968788 0.4422766 0 0.915318 0.4027319 0 0.9713497 0.237655 0 0.9807814 0.1951097 0 0.9883583 0.1521438 0 0.9883586 -0.1521422 0 0.980781 -0.1951118 0 0.9713503 -0.2376524 0 0.915318 -0.4027319 0 0.8968788 -0.4422766 0 0.8767148 -0.4810108 0 0.7518426 -0.6593427 0 0.5187805 -0.8549075 0 0.480993 -0.8767245 0 0.4422919 -0.8968712 0 0.4027478 -0.9153111 0 0.3624336 -0.9320096 0 0.3214445 -0.9469285 0 0.237674 -0.971345 0 0.1521204 -0.9883621 0 0.06541091 -0.9978584 0 -0.06541091 -0.9978584 0 -0.1088671 -0.9940564 0 -0.237674 -0.971345 0 -0.2798309 -0.9600494 0 -0.3214445 -0.9469285 0 -0.4422919 -0.8968712 0 -0.5187805 -0.8549075 0 -0.5913184 -0.8064382 0 -0.6259166 -0.77989 0 -0.6593374 -0.7518472 0 -0.6915253 -0.7223523 0 -0.7223681 -0.6915088 0 -0.7518426 -0.6593427 0 -0.8064509 -0.5913012 0 -0.831461 -0.5555831 0 -0.8549125 -0.5187722 0 -0.8767321 -0.480979 0 -0.8767234 -0.4809949 0 -0.8968788 -0.4422766 0 -0.9600476 -0.279837 0 -0.9600586 -0.2797989 0 -0.971336 -0.2377108 0 -0.9713456 -0.2376718 0 -0.980785 -0.195092 0 -0.9978581 -0.06541597 0 -0.9997623 -0.02180528 0 -0.9997623 0.02180528 0 -0.9469329 0.3214316 0 -0.8314671 0.5555741 0 -0.7223578 0.6915196 0 -0.5913037 0.806449 0 -0.5913135 0.8064418 0 -0.48098 0.8767316 0 -0.4809713 0.8767364 0 -0.3624371 0.9320083 0 -0.2798281 0.9600502 0 -0.2376822 0.9713431 0 -0.1950858 0.9807863 0 -0.1521204 0.9883621 0 -0.1088681 0.9940562 0 -0.06541156 0.9978584 0 -0.02180773 0.9997622 0 0.06541156 0.9978584 0 0.1088671 0.9940564 0 0.1950818 0.980787 0 0.3214414 0.9469296 0 0.4422878 0.8968732 0 0.48098 0.8767316 0 0.5187842 0.8549053 0 0.5555644 0.8314737 0 0.5555739 0.8314672 0 0.5913135 0.8064418 0 0.5913037 0.806449 0 0.6259217 0.7798861 0 0.6593425 0.7518427 0 0.6593477 0.7518383 0 0.6915099 0.7223671 0 0.6915201 0.7223572 0 0.7223629 0.6915143 0 0.7518424 0.659343 0 0.806442 0.5913133 0 0.8314719 0.555567 0 0.8314623 0.5555812 0 0.854911 0.5187747 0 0.8767278 0.480987 0 0.8968746 0.4422849 0 0.9153143 0.4027406 0 0.9320054 0.3624444 0 0.9469297 0.3214408 0 0.9713425 0.2376841 0 0.9807873 0.1950799 0 0.9883599 0.1521338 0 0.994056 0.1088707 0 0.9978588 0.06540572 0 0.9978602 0.06538516 0 0.999762 0.02181553 0 0.9997616 0.02183616 0 0.9997616 -0.02183616 0 0.999762 -0.02181553 0 0.9978602 -0.06538516 0 0.9978588 -0.06540572 0 0.9940558 -0.1088719 0 0.9883602 -0.1521321 0 0.980787 -0.1950821 0 0.9713432 -0.2376816 0 0.9469309 -0.3214374 0 0.9320039 -0.3624482 0 0.9153143 -0.4027406 0 0.8968746 -0.4422849 0 0.8767278 -0.480987 0 0.8549079 -0.5187797 0 0.8314658 -0.555576 0 0.8314753 -0.5555617 0 0.806446 -0.5913079 0 0.7518376 -0.6593485 0 0.7223629 -0.6915143 0 0.6915201 -0.7223572 0 0.6915099 -0.7223671 0 0.6593476 -0.7518383 0 0.6593425 -0.7518427 0 0.6259217 -0.7798861 0 0.5913037 -0.806449 0 0.5913135 -0.8064418 0 0.5555739 -0.8314672 0 0.5555644 -0.8314737 0 0.518776 -0.8549102 0 0.4809974 -0.8767222 0 0.4422878 -0.8968732 0 0.3214414 -0.9469296 0 0.1950927 -0.9807849 0 0.1088671 -0.9940564 0 0.06541156 -0.9978584 0 -0.02180773 -0.9997622 0 -0.06541156 -0.9978584 0 -0.1088681 -0.9940562 0 -0.1521204 -0.9883621 0 -0.1950966 -0.980784 0 -0.2376716 -0.9713457 0 -0.2798281 -0.9600502 0 -0.3624371 -0.9320083 0 -0.4809886 -0.8767269 0 -0.4809974 -0.8767222 0 -0.5913135 -0.8064418 0 -0.5913037 -0.806449 0 -0.7223578 -0.6915196 0 -0.8314706 -0.5555689 0 -0.946934 -0.3214281</float_array>
          <technique_common>
            <accessor source="#Roller_Main-mesh-normals-array" count="1445" stride="3">
              <param name="X" type="float"/>
              <param name="Y" type="float"/>
              <param name="Z" type="float"/>
            </accessor>
          </technique_common>
        </source>
        <vertices id="Roller_Main-mesh-vertices">
          <input semantic="POSITION" source="#Roller_Main-mesh-positions"/>
        </vertices>
        <triangles material="Material_003-material" count="3682">
          <input semantic="VERTEX" source="#Roller_Main-mesh-vertices" offset="0"/>
          <input semantic="NORMAL" source="#Roller_Main-mesh-normals" offset="1"/>
          <p>0 0 1 0 2 0 1 0 3 0 2 0 4 0 5 0 6 0 5 0 7 0 6 0 8 1 9 1 10 1 9 1 11 1 10 1 12 2 8 2 13 2 8 2 10 2 13 2 11 3 9 3 14 3 9 3 15 3 14 3 16 0 17 0 18 0 17 0 19 0 18 0 20 1 21 1 22 1 21 1 23 1 22 1 24 4 25 4 26 4 27 5 0 5 2 5 28 6 29 6 30 6 29 6 31 6 30 6 30 6 31 6 27 6 31 6 17 6 27 6 27 6 17 6 16 6 4 6 32 6 33 6 33 7 32 7 34 7 32 6 35 6 34 6 34 6 35 6 28 6 28 6 35 6 29 6 35 6 5 6 29 6 29 6 5 6 16 6 26 6 25 6 36 6 25 6 37 6 36 6 36 6 37 6 38 6 37 6 39 6 38 6 38 6 39 6 24 6 0 6 40 6 41 6 40 8 42 8 41 8 41 6 42 6 43 6 42 6 38 6 43 6 43 6 38 6 2 6 38 6 24 6 2 6 2 6 24 6 27 6 24 9 26 9 27 9 16 6 5 6 27 6 5 6 4 6 27 6 27 10 4 10 0 10 4 11 33 11 0 11 0 12 33 12 40 12 44 0 45 0 46 0 14 0 15 0 12 0 47 0 13 0 46 0 13 0 48 0 46 0 47 0 49 0 50 0 51 0 52 0 53 0 54 0 55 0 50 0 55 0 56 0 50 0 50 0 56 0 47 0 56 0 14 0 47 0 47 0 14 0 13 0 14 0 12 0 13 0 53 0 44 0 51 0 44 0 46 0 51 0 51 0 46 0 57 0 46 0 48 0 57 0 57 0 48 0 58 0 48 0 59 0 58 0 60 13 61 13 62 13 63 13 64 13 65 13 65 13 66 13 63 13 66 13 60 13 63 13 63 13 60 13 3 13 60 13 62 13 3 13 67 13 68 13 1 13 68 13 6 13 1 13 7 14 69 14 6 14 69 15 63 15 6 15 6 16 63 16 1 16 63 17 3 17 1 17 70 13 71 13 19 13 71 13 69 13 19 13 19 13 69 13 18 13 69 13 7 13 18 13 18 13 7 13 72 13 7 13 73 13 72 13 1 2 0 2 67 2 0 2 41 2 67 2 7 2 5 2 73 2 5 2 35 2 73 2 29 3 16 3 72 3 16 3 18 3 72 3 74 3 75 3 48 3 75 3 59 3 48 3 76 1 77 1 78 1 77 18 79 18 78 18 80 1 81 1 82 1 83 19 84 19 85 19 86 1 87 1 88 1 87 1 89 1 88 1 90 1 91 1 92 1 82 20 93 20 80 20 93 1 91 1 80 1 80 1 91 1 94 1 91 21 95 21 94 21 96 1 97 1 98 1 97 1 99 1 98 1 100 22 101 22 102 22 103 23 83 23 104 23 83 24 105 24 104 24 106 1 107 1 88 1 107 25 108 25 88 25 88 26 108 26 86 26 109 1 110 1 88 1 110 1 111 1 88 1 112 1 113 1 91 1 113 1 114 1 91 1 115 27 116 27 83 27 101 1 117 1 83 1 117 1 118 1 83 1 119 1 120 1 121 1 120 28 122 28 121 28 123 29 124 29 125 29 124 1 126 1 125 1 125 1 126 1 77 1 126 1 127 1 77 1 77 30 127 30 79 30 89 1 128 1 88 1 128 31 129 31 88 31 88 32 129 32 109 32 111 33 130 33 88 33 130 1 131 1 88 1 88 34 131 34 132 34 114 35 133 35 91 35 133 1 134 1 91 1 91 36 134 36 95 36 135 1 136 1 98 1 136 37 137 37 98 37 98 38 137 38 138 38 139 1 140 1 98 1 116 1 141 1 83 1 141 1 142 1 83 1 83 39 142 39 84 39 85 40 143 40 83 40 143 1 144 1 83 1 83 41 144 41 145 41 83 42 146 42 147 42 148 43 149 43 83 43 149 44 150 44 83 44 118 45 151 45 83 45 151 1 152 1 83 1 83 46 152 46 153 46 106 47 88 47 154 47 88 1 155 1 154 1 154 48 155 48 156 48 122 1 157 1 121 1 157 1 158 1 121 1 121 49 158 49 159 49 159 1 160 1 121 1 160 1 161 1 121 1 121 1 161 1 125 1 161 1 162 1 125 1 125 50 162 50 123 50 78 51 163 51 76 51 163 1 164 1 76 1 76 1 164 1 81 1 164 1 165 1 81 1 81 52 165 52 82 52 132 53 166 53 88 53 166 1 167 1 88 1 88 54 167 54 168 54 169 1 170 1 98 1 170 1 171 1 98 1 98 55 171 55 96 55 99 1 172 1 98 1 172 56 173 56 98 56 98 57 173 57 174 57 174 1 175 1 98 1 175 58 176 58 98 58 98 59 176 59 177 59 178 1 179 1 98 1 179 1 180 1 98 1 180 60 181 60 98 60 181 61 182 61 98 61 98 62 182 62 183 62 183 1 184 1 98 1 184 1 185 1 98 1 98 63 185 63 186 63 147 1 187 1 83 1 187 1 188 1 83 1 83 64 188 64 148 64 189 1 190 1 191 1 192 1 193 1 83 1 193 1 194 1 83 1 83 65 194 65 105 65 156 1 195 1 154 1 195 1 196 1 154 1 154 66 196 66 197 66 198 1 199 1 200 1 199 1 154 1 200 1 200 1 154 1 201 1 154 67 197 67 201 67 202 1 119 1 203 1 204 1 205 1 206 1 205 68 207 68 206 68 207 69 208 69 206 69 206 1 208 1 209 1 92 1 210 1 90 1 210 70 206 70 90 70 90 71 206 71 211 71 206 1 209 1 211 1 90 1 212 1 91 1 212 1 213 1 91 1 91 1 213 1 214 1 215 1 216 1 91 1 216 1 217 1 91 1 91 72 217 72 112 72 138 1 218 1 98 1 218 73 219 73 98 73 98 74 219 74 169 74 177 1 220 1 98 1 220 1 221 1 98 1 98 75 221 75 222 75 222 76 223 76 98 76 223 1 224 1 98 1 98 77 224 77 178 77 186 78 225 78 98 78 225 1 226 1 98 1 98 79 226 79 139 79 145 1 227 1 83 1 227 1 228 1 83 1 83 80 228 80 229 80 230 1 231 1 83 1 231 1 232 1 83 1 83 81 232 81 146 81 233 82 234 82 101 82 235 1 236 1 121 1 237 29 238 29 235 29 238 1 239 1 235 1 235 1 239 1 240 1 239 1 241 1 240 1 153 1 242 1 83 1 242 1 243 1 83 1 83 83 243 83 244 83 245 1 246 1 83 1 246 1 247 1 83 1 83 84 247 84 192 84 248 1 249 1 83 1 249 1 250 1 83 1 83 85 250 85 251 85 251 1 252 1 83 1 252 1 253 1 83 1 83 86 253 86 254 86 255 1 256 1 257 1 256 1 258 1 257 1 259 1 260 1 83 1 260 1 261 1 83 1 229 1 262 1 83 1 262 1 263 1 83 1 83 87 263 87 230 87 150 1 264 1 83 1 264 1 265 1 83 1 83 88 265 88 266 88 266 1 267 1 83 1 267 89 268 89 83 89 83 1 268 1 101 1 268 90 269 90 101 90 101 91 269 91 233 91 121 1 270 1 235 1 270 1 271 1 235 1 235 1 271 1 272 1 244 1 273 1 83 1 273 1 274 1 83 1 83 92 274 92 245 92 275 1 276 1 248 1 276 1 277 1 248 1 248 93 277 93 278 93 279 94 280 94 281 94 280 95 282 95 281 95 83 96 283 96 284 96 285 1 203 1 286 1 287 1 288 1 289 1 288 97 290 97 289 97 214 1 291 1 91 1 291 1 292 1 91 1 91 98 292 98 215 98 140 1 293 1 98 1 293 1 294 1 98 1 98 1 294 1 83 1 294 1 295 1 83 1 83 99 295 99 259 99 296 1 297 1 298 1 299 1 300 1 235 1 300 1 301 1 235 1 235 50 301 50 237 50 198 1 200 1 302 1 200 1 303 1 302 1 302 100 303 100 304 100 305 101 306 101 281 101 282 1 307 1 281 1 307 1 308 1 281 1 281 1 308 1 309 1 254 1 310 1 83 1 310 1 311 1 83 1 83 102 311 102 283 102 168 1 312 1 88 1 312 1 313 1 88 1 88 1 313 1 258 1 313 1 314 1 258 1 258 103 314 103 257 103 255 1 257 1 315 1 257 1 316 1 315 1 315 104 316 104 317 104 261 105 318 105 83 105 318 1 319 1 83 1 83 106 319 106 320 106 234 1 321 1 101 1 321 1 322 1 101 1 101 107 322 107 323 107 323 108 324 108 101 108 324 1 325 1 101 1 101 109 325 109 102 109 272 1 326 1 235 1 326 1 327 1 235 1 235 110 327 110 299 110 241 1 328 1 240 1 328 1 329 1 240 1 240 1 329 1 190 1 329 51 330 51 190 51 190 111 330 111 191 111 331 1 332 1 333 1 332 112 334 112 333 112 335 1 336 1 334 1 336 1 337 1 334 1 338 1 339 1 340 1 103 113 341 113 83 113 341 1 342 1 83 1 83 114 342 114 248 114 342 1 343 1 248 1 248 115 343 115 275 115 344 1 345 1 302 1 346 1 347 1 348 1 306 116 349 116 281 116 349 1 350 1 281 1 281 117 350 117 279 117 351 20 352 20 353 20 352 1 354 1 353 1 355 1 356 1 357 1 358 118 359 118 360 118 359 119 361 119 360 119 362 1 363 1 203 1 363 120 364 120 203 120 203 121 364 121 202 121 358 1 360 1 365 1 360 1 366 1 365 1 365 1 366 1 367 1 317 1 316 1 206 1 316 122 368 122 206 122 206 1 368 1 204 1 320 1 369 1 83 1 369 1 370 1 83 1 83 123 370 123 371 123 371 1 372 1 83 1 372 1 373 1 83 1 83 124 373 124 115 124 297 1 374 1 375 1 376 1 377 1 378 1 379 1 380 1 381 1 380 1 382 1 381 1 331 1 383 1 332 1 383 125 380 125 332 125 332 126 380 126 384 126 380 127 379 127 384 127 340 1 339 1 385 1 339 1 386 1 385 1 385 1 386 1 387 1 386 1 388 1 387 1 387 1 388 1 389 1 278 128 390 128 248 128 390 1 391 1 248 1 248 129 391 129 392 129 392 130 393 130 248 130 393 131 394 131 248 131 248 1 394 1 395 1 287 1 289 1 396 1 289 1 397 1 396 1 396 132 397 132 281 132 397 1 398 1 281 1 281 133 398 133 305 133 399 134 400 134 401 134 402 1 403 1 404 1 405 135 406 135 407 135 408 1 409 1 357 1 409 1 410 1 357 1 357 136 410 136 411 136 361 1 412 1 360 1 412 1 413 1 360 1 360 1 413 1 203 1 413 137 414 137 203 137 203 138 414 138 362 138 288 1 415 1 290 1 415 139 416 139 290 139 290 1 416 1 366 1 416 1 417 1 366 1 366 140 417 140 367 140 100 1 102 1 297 1 102 1 418 1 297 1 297 141 418 141 419 141 419 142 420 142 297 142 420 1 421 1 297 1 297 143 421 143 422 143 422 1 423 1 297 1 423 1 424 1 297 1 297 144 424 144 374 144 375 1 425 1 297 1 425 1 426 1 297 1 297 145 426 145 298 145 191 1 427 1 189 1 427 1 428 1 189 1 189 1 428 1 377 1 428 20 429 20 377 20 377 146 429 146 378 146 337 1 430 1 334 1 430 147 431 147 334 147 334 1 431 1 432 1 431 1 433 1 432 1 432 1 433 1 434 1 433 1 376 1 434 1 434 1 376 1 435 1 376 148 378 148 435 148 332 1 436 1 334 1 436 1 437 1 334 1 334 1 437 1 438 1 439 149 440 149 334 149 440 1 441 1 334 1 334 150 441 150 335 150 442 1 443 1 348 1 352 1 444 1 354 1 444 1 445 1 354 1 354 1 445 1 446 1 447 151 308 151 448 151 308 152 449 152 448 152 447 1 450 1 308 1 450 1 451 1 308 1 308 1 451 1 309 1 452 1 453 1 454 1 455 1 456 1 298 1 456 1 457 1 298 1 298 153 457 153 296 153 458 1 459 1 460 1 459 1 461 1 460 1 460 154 461 154 462 154 463 1 464 1 380 1 464 155 465 155 380 155 380 156 465 156 382 156 304 1 466 1 302 1 466 157 467 157 302 157 302 158 467 158 344 158 395 1 468 1 248 1 468 1 348 1 248 1 248 1 348 1 469 1 348 1 443 1 469 1 308 1 470 1 449 1 470 159 471 159 449 159 449 160 471 160 472 160 401 161 473 161 399 161 473 1 474 1 399 1 399 1 474 1 475 1 475 1 476 1 399 1 476 1 477 1 399 1 399 1 477 1 478 1 479 162 480 162 481 162 480 1 482 1 481 1 351 1 353 1 483 1 353 1 484 1 483 1 483 1 484 1 485 1 454 163 453 163 486 163 487 1 488 1 489 1 488 1 490 1 489 1 489 1 490 1 491 1 492 1 493 1 494 1 286 1 495 1 496 1 495 1 497 1 496 1 496 1 497 1 407 1 497 1 498 1 407 1 407 1 498 1 405 1 403 1 499 1 404 1 499 1 500 1 404 1 404 164 500 164 501 164 411 165 502 165 357 165 502 1 503 1 357 1 357 166 503 166 504 166 505 167 506 167 357 167 506 1 507 1 357 1 357 168 507 168 508 168 356 169 509 169 357 169 509 1 510 1 357 1 357 170 510 170 511 170 512 1 513 1 514 1 513 1 515 1 514 1 514 171 515 171 516 171 515 1 455 1 516 1 516 172 455 172 517 172 455 173 298 173 517 173 388 1 518 1 389 1 518 1 519 1 389 1 389 1 519 1 520 1 519 1 521 1 520 1 520 1 521 1 522 1 521 1 523 1 522 1 522 1 523 1 524 1 523 1 525 1 524 1 524 1 525 1 514 1 525 1 526 1 514 1 514 174 526 174 512 174 458 1 460 1 380 1 460 1 527 1 380 1 380 1 527 1 463 1 438 1 528 1 334 1 528 1 529 1 334 1 334 175 529 175 439 175 345 1 530 1 302 1 530 1 531 1 302 1 302 1 531 1 532 1 531 1 533 1 532 1 532 176 533 176 534 176 533 1 535 1 534 1 534 1 535 1 348 1 535 1 536 1 348 1 348 177 536 177 346 177 347 178 537 178 348 178 537 1 538 1 348 1 348 1 538 1 539 1 540 1 449 1 541 1 449 179 542 179 541 179 543 1 544 1 545 1 546 1 547 1 548 1 547 1 549 1 548 1 485 180 484 180 550 180 484 1 551 1 550 1 550 1 551 1 481 1 551 181 552 181 481 181 481 182 552 182 479 182 482 1 553 1 481 1 553 183 554 183 481 183 481 184 554 184 555 184 555 185 556 185 481 185 556 186 557 186 481 186 481 1 557 1 558 1 557 187 559 187 558 187 560 1 561 1 562 1 563 1 564 1 565 1 566 1 567 1 568 1 567 1 569 1 568 1 570 1 404 1 571 1 404 188 572 188 571 188 570 189 573 189 404 189 573 1 574 1 404 1 404 190 574 190 575 190 504 1 576 1 357 1 576 1 577 1 357 1 357 191 577 191 505 191 578 192 579 192 357 192 579 193 580 193 357 193 357 194 580 194 355 194 511 1 581 1 357 1 581 195 582 195 357 195 357 1 582 1 583 1 357 196 584 196 585 196 585 197 586 197 357 197 586 198 587 198 357 198 357 1 587 1 495 1 340 1 588 1 338 1 588 1 589 1 338 1 338 1 589 1 590 1 589 1 591 1 590 1 590 1 591 1 462 1 591 1 592 1 462 1 462 199 592 199 460 199 539 200 593 200 348 200 593 1 594 1 348 1 348 201 594 201 442 201 472 1 595 1 449 1 595 202 596 202 449 202 449 1 596 1 542 1 543 1 545 1 597 1 598 1 599 1 600 1 601 1 602 1 449 1 602 1 548 1 449 1 449 203 548 203 603 203 548 204 549 204 603 204 478 1 604 1 399 1 604 1 605 1 399 1 399 1 605 1 606 1 399 1 607 1 608 1 607 1 609 1 608 1 608 1 609 1 610 1 400 176 399 176 557 176 399 1 611 1 557 1 557 205 611 205 559 205 612 1 613 1 614 1 613 1 615 1 614 1 614 206 615 206 616 206 617 1 618 1 453 1 618 1 619 1 453 1 453 207 619 207 486 207 617 1 620 1 618 1 620 1 621 1 618 1 618 1 621 1 622 1 623 208 562 208 624 208 562 209 625 209 624 209 623 1 626 1 562 1 626 1 627 1 562 1 562 210 627 210 628 210 487 1 489 1 493 1 489 1 629 1 493 1 493 1 629 1 494 1 492 211 494 211 630 211 494 212 631 212 630 212 630 1 631 1 632 1 633 1 634 1 635 1 634 213 636 213 635 213 637 1 638 1 639 1 638 214 640 214 639 214 406 1 641 1 407 1 641 215 642 215 407 215 407 216 642 216 643 216 644 1 407 1 645 1 407 217 646 217 645 217 647 1 648 1 649 1 501 1 650 1 404 1 650 1 651 1 404 1 404 218 651 218 572 218 583 1 652 1 357 1 652 219 653 219 357 219 357 220 653 220 584 220 540 221 654 221 449 221 654 1 655 1 449 1 449 1 655 1 601 1 546 1 548 1 545 1 548 1 656 1 545 1 545 1 656 1 597 1 606 1 657 1 399 1 657 222 658 222 399 222 399 223 658 223 607 223 659 224 660 224 614 224 660 1 661 1 614 1 614 225 661 225 662 225 662 1 663 1 614 1 663 1 664 1 614 1 614 226 664 226 665 226 622 1 666 1 618 1 666 1 667 1 618 1 618 1 667 1 668 1 669 227 670 227 614 227 670 228 618 228 614 228 614 229 618 229 671 229 618 230 668 230 671 230 672 231 673 231 674 231 675 1 676 1 83 1 677 1 678 1 404 1 678 232 679 232 404 232 404 233 679 233 680 233 637 1 639 1 562 1 639 1 681 1 562 1 562 234 681 234 560 234 561 1 682 1 562 1 682 235 683 235 562 235 562 236 683 236 625 236 628 237 684 237 562 237 684 1 685 1 562 1 562 1 685 1 686 1 632 1 687 1 630 1 687 238 688 238 630 238 630 239 688 239 689 239 633 1 690 1 634 1 690 1 691 1 634 1 634 1 691 1 286 1 691 137 692 137 286 137 286 240 692 240 693 240 636 1 634 1 694 1 634 1 695 1 694 1 694 1 695 1 696 1 643 1 697 1 407 1 697 241 698 241 407 241 407 242 698 242 646 242 565 1 564 1 699 1 564 1 700 1 699 1 699 1 700 1 701 1 700 1 702 1 701 1 701 1 702 1 569 1 702 1 703 1 569 1 569 1 703 1 568 1 644 1 704 1 407 1 704 1 705 1 407 1 407 1 705 1 648 1 705 243 706 243 648 243 648 244 706 244 649 244 575 1 707 1 404 1 707 1 708 1 404 1 404 1 708 1 357 1 708 1 709 1 357 1 357 245 709 245 408 245 508 1 710 1 357 1 710 1 711 1 357 1 357 246 711 246 712 246 713 1 714 1 715 1 714 1 716 1 715 1 715 1 716 1 717 1 716 1 718 1 717 1 717 1 718 1 609 1 718 1 719 1 609 1 609 1 719 1 610 1 616 1 720 1 614 1 720 247 721 247 614 247 614 248 721 248 659 248 665 1 722 1 614 1 722 1 723 1 614 1 614 1 723 1 724 1 724 249 725 249 614 249 725 1 726 1 614 1 614 250 726 250 727 250 727 1 728 1 614 1 728 1 729 1 614 1 614 1 729 1 669 1 284 1 730 1 83 1 730 1 731 1 83 1 83 251 731 251 732 251 733 1 83 1 734 1 83 252 735 252 734 252 736 253 737 253 83 253 737 1 738 1 83 1 83 254 738 254 739 254 676 255 740 255 83 255 740 1 741 1 83 1 83 1 741 1 404 1 741 1 742 1 404 1 404 256 742 256 677 256 686 1 743 1 562 1 743 1 744 1 562 1 562 1 744 1 745 1 693 1 746 1 286 1 746 120 747 120 286 120 286 121 747 121 285 121 638 1 748 1 640 1 748 257 749 257 640 257 640 1 749 1 695 1 749 1 750 1 695 1 695 140 750 140 696 140 751 1 752 1 753 1 754 258 755 258 756 258 755 259 757 259 756 259 756 1 757 1 758 1 759 260 760 260 761 260 712 1 762 1 357 1 762 261 763 261 357 261 357 262 763 262 578 262 600 1 599 1 764 1 599 1 765 1 764 1 764 1 765 1 544 1 765 1 766 1 544 1 544 263 766 263 545 263 565 1 767 1 563 1 767 1 768 1 563 1 563 1 768 1 769 1 768 1 770 1 769 1 769 1 770 1 771 1 770 1 772 1 771 1 771 1 772 1 773 1 772 1 774 1 773 1 773 1 774 1 454 1 774 1 775 1 454 1 454 264 775 264 452 264 445 1 776 1 446 1 776 243 777 243 446 243 446 1 777 1 778 1 777 1 779 1 778 1 733 265 780 265 83 265 780 1 781 1 83 1 83 266 781 266 736 266 739 1 782 1 83 1 782 1 783 1 83 1 83 267 783 267 673 267 674 268 784 268 672 268 784 269 785 269 672 269 672 1 785 1 786 1 787 1 788 1 789 1 673 1 672 1 83 1 672 1 790 1 83 1 83 270 790 270 675 270 745 1 791 1 562 1 791 1 792 1 562 1 562 271 792 271 793 271 598 1 600 1 794 1 600 1 795 1 794 1 794 1 795 1 796 1 795 1 797 1 796 1 796 1 797 1 798 1 797 1 799 1 798 1 798 1 799 1 713 1 799 1 800 1 713 1 713 1 800 1 714 1 732 272 801 272 83 272 801 273 802 273 83 273 83 1 802 1 735 1 802 274 778 274 735 274 735 1 778 1 803 1 778 275 779 275 803 275 786 1 804 1 672 1 804 1 805 1 672 1 672 1 805 1 806 1 807 1 808 1 809 1 810 276 811 276 812 276 812 1 813 1 810 1 813 1 814 1 810 1 810 1 814 1 740 1 814 1 815 1 740 1 740 1 815 1 741 1 614 1 816 1 612 1 816 1 817 1 612 1 612 1 817 1 818 1 819 1 820 1 821 1 820 1 818 1 821 1 821 243 818 243 822 243 818 277 817 277 822 277 819 1 823 1 820 1 823 278 824 278 820 278 820 274 824 274 810 274 824 279 825 279 810 279 810 280 825 280 811 280 680 1 826 1 404 1 826 1 827 1 404 1 404 281 827 281 828 281 829 282 830 282 404 282 830 1 831 1 404 1 832 283 833 283 834 283 833 1 835 1 834 1 834 1 835 1 836 1 793 1 837 1 562 1 837 284 834 284 562 284 562 285 834 285 838 285 834 286 836 286 838 286 753 1 839 1 751 1 839 1 840 1 751 1 751 1 840 1 841 1 840 1 759 1 841 1 841 1 759 1 842 1 759 287 761 287 842 287 566 1 568 1 758 1 568 1 843 1 758 1 758 1 843 1 756 1 759 288 844 288 845 288 845 1 846 1 759 1 846 1 847 1 759 1 759 289 847 289 848 289 848 1 849 1 759 1 849 290 850 290 759 290 759 291 850 291 760 291 806 1 851 1 672 1 851 1 852 1 672 1 672 292 852 292 853 292 853 293 854 293 672 293 854 1 855 1 672 1 672 294 855 294 856 294 856 1 857 1 672 1 857 295 858 295 672 295 672 296 858 296 859 296 859 1 860 1 672 1 860 1 861 1 672 1 672 1 861 1 808 1 861 1 862 1 808 1 808 297 862 297 809 297 863 1 864 1 404 1 864 1 865 1 404 1 404 298 865 298 866 298 866 1 867 1 404 1 867 1 868 1 404 1 404 299 868 299 829 299 831 1 869 1 404 1 869 1 870 1 404 1 404 300 870 300 402 300 689 1 871 1 630 1 871 301 872 301 630 301 630 302 872 302 873 302 872 1 832 1 873 1 873 1 832 1 874 1 832 303 834 303 874 303 649 1 875 1 647 1 875 1 876 1 647 1 647 1 876 1 752 1 876 20 877 20 752 20 752 304 877 304 753 304 878 68 879 68 759 68 879 69 880 69 759 69 759 1 880 1 881 1 882 1 883 1 884 1 885 305 886 305 887 305 888 1 889 1 887 1 889 1 890 1 887 1 890 1 891 1 887 1 891 1 892 1 887 1 887 306 892 306 893 306 828 1 894 1 404 1 894 307 895 307 404 307 404 308 895 308 896 308 878 1 759 1 897 1 759 1 898 1 897 1 897 1 898 1 899 1 754 1 756 1 900 1 756 309 901 309 900 309 900 310 901 310 902 310 881 1 903 1 759 1 903 311 904 311 759 311 759 1 904 1 905 1 788 1 906 1 789 1 906 1 907 1 789 1 789 1 907 1 908 1 908 222 909 222 789 222 909 1 882 1 789 1 789 1 882 1 910 1 882 312 884 312 910 312 911 1 887 1 789 1 887 1 912 1 789 1 789 1 912 1 787 1 886 1 913 1 887 1 913 313 914 313 887 313 887 314 914 314 888 314 893 1 915 1 887 1 915 1 916 1 887 1 887 315 916 315 917 315 809 1 918 1 807 1 918 316 887 316 807 316 807 1 887 1 919 1 887 317 917 317 919 317 896 1 920 1 404 1 920 318 921 318 404 318 404 319 921 319 863 319 899 1 922 1 897 1 922 1 900 1 897 1 897 1 900 1 923 1 900 320 902 320 923 320 905 1 924 1 759 1 924 1 925 1 759 1 759 321 925 321 844 321 926 1 927 1 882 1 927 1 928 1 882 1 882 1 928 1 883 1 911 1 929 1 887 1 929 1 930 1 887 1 887 322 930 322 931 322 931 1 932 1 887 1 932 1 933 1 887 1 887 1 933 1 885 1 926 1 934 1 927 1 934 1 935 1 927 1 927 1 935 1 936 1 935 1 937 1 936 1 491 1 490 1 938 1 490 1 939 1 938 1 938 1 939 1 940 1 939 1 941 1 940 1 940 1 941 1 942 1 941 1 943 1 942 1 942 1 943 1 937 1 943 1 944 1 937 1 937 1 944 1 936 1 19 2 17 2 70 2 17 2 31 2 70 2 58 2 945 2 57 2 945 2 946 2 57 2 947 0 948 0 949 0 948 0 950 0 949 0 949 323 951 323 952 323 75 6 945 6 949 6 945 6 20 6 949 6 949 324 20 324 947 324 20 6 22 6 947 6 947 6 22 6 98 6 22 6 53 6 98 6 98 325 53 325 135 325 53 326 52 326 135 326 135 327 52 327 236 327 75 6 119 6 59 6 119 328 121 328 59 328 59 6 121 6 58 6 121 6 236 6 58 6 58 6 236 6 945 6 236 6 52 6 945 6 945 6 52 6 20 6 9 6 495 6 15 6 495 329 286 329 15 329 15 330 286 330 12 330 286 6 203 6 12 6 12 6 203 6 8 6 951 6 949 6 54 6 949 6 357 6 54 6 54 331 357 331 55 331 357 332 495 332 55 332 55 6 495 6 952 6 495 6 9 6 952 6 952 333 9 333 949 333 9 6 8 6 949 6 949 334 8 334 75 334 8 6 203 6 75 6 75 6 203 6 119 6 948 3 947 3 45 3 947 335 98 335 45 335 45 3 98 3 46 3 98 3 83 3 46 3 37 3 25 3 65 3 25 3 66 3 65 3 386 336 953 336 388 336 953 337 954 337 388 337 388 338 954 338 518 338 954 339 955 339 518 339 518 340 955 340 519 340 955 341 956 341 519 341 519 341 956 341 521 341 956 342 957 342 521 342 521 342 957 342 523 342 957 343 958 343 523 343 523 343 958 343 525 343 958 344 959 344 525 344 525 345 959 345 526 345 959 346 960 346 526 346 526 347 960 347 512 347 960 348 961 348 512 348 512 349 961 349 513 349 961 350 962 350 513 350 513 351 962 351 515 351 962 352 963 352 515 352 515 352 963 352 455 352 963 353 964 353 455 353 455 354 964 354 456 354 964 355 965 355 456 355 456 356 965 356 457 356 965 357 966 357 457 357 457 358 966 358 296 358 966 359 967 359 296 359 296 359 967 359 297 359 967 360 968 360 297 360 297 361 968 361 100 361 968 362 969 362 100 362 100 363 969 363 101 363 969 364 970 364 101 364 101 365 970 365 117 365 970 366 971 366 117 366 117 366 971 366 118 366 971 367 972 367 118 367 118 368 972 368 151 368 972 369 973 369 151 369 151 369 973 369 152 369 973 370 974 370 152 370 152 370 974 370 153 370 974 371 975 371 153 371 153 372 975 372 242 372 975 373 976 373 242 373 242 373 976 373 243 373 976 374 977 374 243 374 243 375 977 375 244 375 977 376 978 376 244 376 244 377 978 377 273 377 978 378 979 378 273 378 273 378 979 378 274 378 979 379 980 379 274 379 274 380 980 380 245 380 980 381 981 381 245 381 245 382 981 382 246 382 981 383 982 383 246 383 246 384 982 384 247 384 982 385 983 385 247 385 247 386 983 386 192 386 983 387 984 387 192 387 192 388 984 388 193 388 984 389 985 389 193 389 193 389 985 389 194 389 985 390 986 390 194 390 194 390 986 390 105 390 986 391 987 391 105 391 105 392 987 392 104 392 987 393 988 393 104 393 104 393 988 393 103 393 988 394 989 394 103 394 103 394 989 394 341 394 989 395 990 395 341 395 341 395 990 395 342 395 990 396 991 396 342 396 342 396 991 396 343 396 991 397 992 397 343 397 343 398 992 398 275 398 992 399 993 399 275 399 275 400 993 400 276 400 993 401 994 401 276 401 276 402 994 402 277 402 994 403 995 403 277 403 277 403 995 403 278 403 995 404 996 404 278 404 278 405 996 405 390 405 996 406 997 406 390 406 390 407 997 407 391 407 997 408 998 408 391 408 391 409 998 409 392 409 998 410 999 410 392 410 392 411 999 411 393 411 999 412 1000 412 393 412 393 412 1000 412 394 412 1000 413 1001 413 394 413 394 414 1001 414 395 414 1001 415 1002 415 395 415 395 416 1002 416 468 416 1002 417 1003 417 468 417 468 418 1003 418 348 418 1003 419 1004 419 348 419 348 420 1004 420 534 420 1004 421 1005 421 534 421 534 422 1005 422 532 422 1005 423 1006 423 532 423 532 424 1006 424 302 424 1006 425 1007 425 302 425 302 426 1007 426 198 426 1007 427 1008 427 198 427 198 427 1008 427 199 427 1008 428 1009 428 199 428 199 429 1009 429 154 429 1009 430 1010 430 154 430 154 431 1010 431 106 431 1010 432 1011 432 106 432 106 433 1011 433 107 433 1011 434 1012 434 107 434 107 435 1012 435 108 435 1012 436 1013 436 108 436 108 437 1013 437 86 437 1013 438 1014 438 86 438 86 438 1014 438 87 438 1014 439 1015 439 87 439 87 439 1015 439 89 439 1015 440 1016 440 89 440 89 441 1016 441 128 441 1016 442 1017 442 128 442 128 443 1017 443 129 443 1017 444 1018 444 129 444 129 445 1018 445 109 445 1018 446 1019 446 109 446 109 446 1019 446 110 446 1019 447 1020 447 110 447 110 447 1020 447 111 447 1020 448 1021 448 111 448 111 448 1021 448 130 448 1021 449 1022 449 130 449 130 450 1022 450 131 450 1022 451 1023 451 131 451 131 452 1023 452 132 452 1023 453 1024 453 132 453 132 454 1024 454 166 454 1024 455 1025 455 166 455 166 456 1025 456 167 456 1025 457 1026 457 167 457 167 458 1026 458 168 458 1026 459 1027 459 168 459 168 460 1027 460 312 460 1027 461 1028 461 312 461 312 461 1028 461 313 461 1028 462 1029 462 313 462 313 462 1029 462 314 462 1029 463 1030 463 314 463 314 463 1030 463 257 463 1030 464 1031 464 257 464 257 465 1031 465 316 465 1031 466 1032 466 316 466 316 467 1032 467 368 467 1032 468 1033 468 368 468 368 469 1033 469 204 469 1033 470 1034 470 204 470 204 470 1034 470 205 470 1034 471 1035 471 205 471 205 471 1035 471 207 471 1035 472 1036 472 207 472 207 473 1036 473 208 473 1036 474 1037 474 208 474 208 475 1037 475 209 475 1037 476 1038 476 209 476 209 477 1038 477 211 477 1038 478 1039 478 211 478 211 479 1039 479 90 479 1039 480 1040 480 90 480 90 481 1040 481 212 481 1040 482 1041 482 212 482 212 482 1041 482 213 482 1041 483 1042 483 213 483 213 484 1042 484 214 484 1042 485 1043 485 214 485 214 486 1043 486 291 486 1043 487 1044 487 291 487 291 488 1044 488 292 488 1044 489 1045 489 292 489 292 490 1045 490 215 490 1045 491 1046 491 215 491 215 492 1046 492 216 492 1046 493 1047 493 216 493 216 494 1047 494 217 494 1047 495 1048 495 217 495 217 496 1048 496 112 496 1048 497 1049 497 112 497 112 497 1049 497 113 497 1049 498 1050 498 113 498 113 499 1050 499 114 499 1050 500 1051 500 114 500 114 501 1051 501 133 501 1051 502 1052 502 133 502 133 503 1052 503 134 503 1052 504 1053 504 134 504 134 505 1053 505 95 505 1053 506 1054 506 95 506 95 506 1054 506 94 506 1054 507 1055 507 94 507 94 508 1055 508 80 508 1055 509 1056 509 80 509 80 510 1056 510 81 510 1056 511 1057 511 81 511 81 512 1057 512 76 512 1057 513 1058 513 76 513 76 513 1058 513 77 513 1058 514 1059 514 77 514 77 514 1059 514 125 514 1059 515 34 515 125 515 125 515 34 515 121 515 34 516 1060 516 121 516 121 516 1060 516 270 516 1060 517 1061 517 270 517 270 518 1061 518 271 518 1061 519 1062 519 271 519 271 519 1062 519 272 519 1062 520 1063 520 272 520 272 520 1063 520 326 520 1063 521 1064 521 326 521 326 522 1064 522 327 522 1064 523 1065 523 327 523 327 524 1065 524 299 524 1065 525 1066 525 299 525 299 526 1066 526 300 526 1066 527 1067 527 300 527 300 528 1067 528 301 528 1067 529 1068 529 301 529 301 530 1068 530 237 530 1068 531 1069 531 237 531 237 531 1069 531 238 531 1069 532 1070 532 238 532 238 533 1070 533 239 533 1070 534 1071 534 239 534 239 535 1071 535 241 535 1071 536 1072 536 241 536 241 536 1072 536 328 536 1072 537 1073 537 328 537 328 538 1073 538 329 538 1073 539 1074 539 329 539 329 539 1074 539 330 539 1074 540 1075 540 330 540 330 540 1075 540 191 540 1075 541 1076 541 191 541 191 542 1076 542 427 542 1076 543 1077 543 427 543 427 543 1077 543 428 543 1077 544 1078 544 428 544 428 545 1078 545 429 545 1078 546 1079 546 429 546 429 547 1079 547 378 547 1079 548 1080 548 378 548 378 549 1080 549 435 549 1080 550 1081 550 435 550 435 550 1081 550 434 550 1081 551 1082 551 434 551 434 552 1082 552 432 552 1082 553 1083 553 432 553 432 554 1083 554 334 554 1083 555 1084 555 334 555 334 556 1084 556 333 556 1084 557 1085 557 333 557 333 557 1085 557 331 557 1085 558 1086 558 331 558 331 559 1086 559 383 559 1086 560 1087 560 383 560 383 561 1087 561 380 561 1087 562 1088 562 380 562 380 563 1088 563 458 563 1088 564 1089 564 458 564 458 565 1089 565 459 565 1089 566 1090 566 459 566 459 566 1090 566 461 566 1090 567 1091 567 461 567 461 567 1091 567 462 567 1091 568 1092 568 462 568 462 568 1092 568 590 568 1092 569 1093 569 590 569 590 570 1093 570 338 570 1093 571 1094 571 338 571 338 572 1094 572 339 572 1094 573 1095 573 339 573 339 574 1095 574 386 574 1095 575 953 575 386 575 32 3 4 3 68 3 4 3 6 3 68 3 63 2 26 2 64 2 26 576 36 576 64 576 64 2 36 2 1096 2 36 2 1097 2 1096 2 43 3 2 3 62 3 2 3 3 3 62 3 699 577 1098 577 565 577 1098 578 1099 578 565 578 565 579 1099 579 767 579 1099 580 1100 580 767 580 767 581 1100 581 768 581 1100 582 1101 582 768 582 768 341 1101 341 770 341 1101 583 1102 583 770 583 770 583 1102 583 772 583 1102 584 1103 584 772 584 772 584 1103 584 774 584 1103 585 1104 585 774 585 774 585 1104 585 775 585 1104 586 1105 586 775 586 775 587 1105 587 452 587 1105 588 1106 588 452 588 452 588 1106 588 453 588 1106 589 1107 589 453 589 453 590 1107 590 617 590 1107 591 1108 591 617 591 617 591 1108 591 620 591 1108 592 1109 592 620 592 620 593 1109 593 621 593 1109 594 1110 594 621 594 621 594 1110 594 622 594 1110 595 1111 595 622 595 622 596 1111 596 666 596 1111 597 1112 597 666 597 666 598 1112 598 667 598 1112 599 1113 599 667 599 667 600 1113 600 668 600 1113 601 1114 601 668 601 668 601 1114 601 671 601 1114 602 1115 602 671 602 671 603 1115 603 614 603 1115 604 1116 604 614 604 614 604 1116 604 816 604 1116 605 1117 605 816 605 816 606 1117 606 817 606 1117 607 1118 607 817 607 817 608 1118 608 822 608 1118 370 1119 370 822 370 822 609 1119 609 821 609 1119 610 1120 610 821 610 821 611 1120 611 819 611 1120 612 1121 612 819 612 819 613 1121 613 823 613 1121 614 1122 614 823 614 823 615 1122 615 824 615 1122 616 1123 616 824 616 824 617 1123 617 825 617 1123 618 1124 618 825 618 825 619 1124 619 811 619 1124 620 1125 620 811 620 811 621 1125 621 812 621 1125 381 1126 381 812 381 812 381 1126 381 813 381 1126 622 1127 622 813 622 813 622 1127 622 814 622 1127 623 1128 623 814 623 814 623 1128 623 815 623 1128 624 1129 624 815 624 815 625 1129 625 741 625 1129 626 1130 626 741 626 741 627 1130 627 742 627 1130 628 1131 628 742 628 742 628 1131 628 677 628 1131 629 1132 629 677 629 677 630 1132 630 678 630 1132 631 1133 631 678 631 678 632 1133 632 679 632 1133 633 1134 633 679 633 679 634 1134 634 680 634 1134 635 1135 635 680 635 680 635 1135 635 826 635 1135 636 1136 636 826 636 826 636 1136 636 827 636 1136 637 1137 637 827 637 827 637 1137 637 828 637 1137 638 1138 638 828 638 828 639 1138 639 894 639 1138 640 1139 640 894 640 894 641 1139 641 895 641 1139 642 1140 642 895 642 895 643 1140 643 896 643 1140 644 1141 644 896 644 896 644 1141 644 920 644 1141 645 1142 645 920 645 920 646 1142 646 921 646 1142 647 1143 647 921 647 921 648 1143 648 863 648 1143 649 1144 649 863 649 863 650 1144 650 864 650 1144 651 1145 651 864 651 864 652 1145 652 865 652 1145 653 1146 653 865 653 865 654 1146 654 866 654 1146 655 1147 655 866 655 866 656 1147 656 867 656 1147 657 1148 657 867 657 867 658 1148 658 868 658 1148 659 1149 659 868 659 868 659 1149 659 829 659 1149 660 1150 660 829 660 829 661 1150 661 830 661 1150 662 1151 662 830 662 830 663 1151 663 831 663 1151 664 1152 664 831 664 831 664 1152 664 869 664 1152 665 1153 665 869 665 869 666 1153 666 870 666 1153 667 1154 667 870 667 870 668 1154 668 402 668 1154 669 1155 669 402 669 402 670 1155 670 403 670 1155 671 1156 671 403 671 403 672 1156 672 499 672 1156 673 1157 673 499 673 499 673 1157 673 500 673 1157 674 1158 674 500 674 500 675 1158 675 501 675 1158 676 1159 676 501 676 501 676 1159 676 650 676 1159 677 1160 677 650 677 650 678 1160 678 651 678 1160 679 1161 679 651 679 651 680 1161 680 572 680 1161 681 1162 681 572 681 572 682 1162 682 571 682 1162 683 1163 683 571 683 571 683 1163 683 570 683 1163 684 1164 684 570 684 570 685 1164 685 573 685 1164 686 1165 686 573 686 573 686 1165 686 574 686 1165 687 1166 687 574 687 574 688 1166 688 575 688 1166 689 1167 689 575 689 575 690 1167 690 707 690 1167 691 1168 691 707 691 707 691 1168 691 708 691 1168 692 1169 692 708 692 708 693 1169 693 709 693 1169 694 1170 694 709 694 709 695 1170 695 408 695 1170 696 1171 696 408 696 408 696 1171 696 409 696 1171 697 1172 697 409 697 409 698 1172 698 410 698 1172 699 1173 699 410 699 410 700 1173 700 411 700 1173 701 1174 701 411 701 411 701 1174 701 502 701 1174 702 1175 702 502 702 502 703 1175 703 503 703 1175 704 1176 704 503 704 503 704 1176 704 504 704 1176 705 1177 705 504 705 504 706 1177 706 576 706 1177 707 1178 707 576 707 576 708 1178 708 577 708 1178 709 1179 709 577 709 577 710 1179 710 505 710 1179 711 1180 711 505 711 505 711 1180 711 506 711 1180 712 1181 712 506 712 506 713 1181 713 507 713 1181 714 1182 714 507 714 507 714 1182 714 508 714 1182 715 1183 715 508 715 508 716 1183 716 710 716 1183 717 1184 717 710 717 710 718 1184 718 711 718 1184 719 1185 719 711 719 711 720 1185 720 712 720 1185 721 1186 721 712 721 712 722 1186 722 762 722 1186 723 1187 723 762 723 762 723 1187 723 763 723 1187 724 1188 724 763 724 763 725 1188 725 578 725 1188 726 1189 726 578 726 578 727 1189 727 579 727 1189 728 1190 728 579 728 579 728 1190 728 580 728 1190 729 1191 729 580 729 580 730 1191 730 355 730 1191 731 1192 731 355 731 355 732 1192 732 356 732 1192 733 1193 733 356 733 356 734 1193 734 509 734 1193 735 1194 735 509 735 509 736 1194 736 510 736 1194 737 1195 737 510 737 510 738 1195 738 511 738 1195 739 1196 739 511 739 511 740 1196 740 581 740 1196 741 1197 741 581 741 581 742 1197 742 582 742 1197 743 1198 743 582 743 582 743 1198 743 583 743 1198 744 1199 744 583 744 583 745 1199 745 652 745 1199 746 1200 746 652 746 652 747 1200 747 653 747 1200 748 1201 748 653 748 653 749 1201 749 584 749 1201 750 1202 750 584 750 584 750 1202 750 585 750 1202 751 1203 751 585 751 585 751 1203 751 586 751 1203 752 1204 752 586 752 586 752 1204 752 587 752 1204 753 38 753 587 753 587 754 38 754 495 754 38 755 1205 755 495 755 495 756 1205 756 497 756 1205 757 1206 757 497 757 497 758 1206 758 498 758 1206 759 1207 759 498 759 498 759 1207 759 405 759 1207 760 1208 760 405 760 405 761 1208 761 406 761 1208 762 1209 762 406 762 406 763 1209 763 641 763 1209 764 1210 764 641 764 641 764 1210 764 642 764 1210 765 1211 765 642 765 642 765 1211 765 643 765 1211 528 1212 528 643 528 643 528 1212 528 697 528 1212 766 1213 766 697 766 697 767 1213 767 698 767 1213 768 1214 768 698 768 698 769 1214 769 646 769 1214 770 1215 770 646 770 646 771 1215 771 645 771 1215 772 1216 772 645 772 645 773 1216 773 644 773 1216 774 1217 774 644 774 644 775 1217 775 704 775 1217 776 1218 776 704 776 704 777 1218 777 705 777 1218 778 1219 778 705 778 705 539 1219 539 706 539 1219 779 1220 779 706 779 706 780 1220 780 649 780 1220 781 1221 781 649 781 649 782 1221 782 875 782 1221 783 1222 783 875 783 875 783 1222 783 876 783 1222 784 1223 784 876 784 876 785 1223 785 877 785 1223 786 1224 786 877 786 877 786 1224 786 753 786 1224 787 1225 787 753 787 753 788 1225 788 839 788 1225 789 1226 789 839 789 839 790 1226 790 840 790 1226 791 1227 791 840 791 840 792 1227 792 759 792 1227 793 1228 793 759 793 759 793 1228 793 898 793 1228 794 1229 794 898 794 898 795 1229 795 899 795 1229 796 1230 796 899 796 899 796 1230 796 922 796 1230 797 1231 797 922 797 922 798 1231 798 900 798 1231 799 1232 799 900 799 900 799 1232 799 754 799 1232 800 1233 800 754 800 754 801 1233 801 755 801 1233 802 1234 802 755 802 755 802 1234 802 757 802 1234 803 1235 803 757 803 757 803 1235 803 758 803 1235 804 1236 804 758 804 758 804 1236 804 566 804 1236 568 1237 568 566 568 566 805 1237 805 567 805 1237 806 1238 806 567 806 567 807 1238 807 569 807 1238 808 1239 808 569 808 569 809 1239 809 701 809 1239 810 1240 810 701 810 701 810 1240 810 699 810 1240 577 1098 577 699 577 1241 3 1242 3 71 3 1242 3 30 3 71 3 71 3 30 3 69 3 30 3 27 3 69 3 200 811 1243 811 303 811 1243 337 1244 337 303 337 303 579 1244 579 304 579 1244 339 1245 339 304 339 304 340 1245 340 466 340 1245 341 1246 341 466 341 466 812 1246 812 467 812 1246 813 1247 813 467 813 467 342 1247 342 344 342 1247 343 1248 343 344 343 344 343 1248 343 345 343 1248 344 1249 344 345 344 345 814 1249 814 530 814 1249 346 1250 346 530 346 530 347 1250 347 531 347 1250 348 1251 348 531 348 531 348 1251 348 533 348 1251 350 1252 350 533 350 533 351 1252 351 535 351 1252 352 1253 352 535 352 535 352 1253 352 536 352 1253 353 1254 353 536 353 536 354 1254 354 346 354 1254 355 1255 355 346 355 346 356 1255 356 347 356 1255 357 1256 357 347 357 347 357 1256 357 537 357 1256 815 1257 815 537 815 537 815 1257 815 538 815 1257 360 1258 360 538 360 538 361 1258 361 539 361 1258 363 1259 363 539 363 539 816 1259 816 593 816 1259 365 1260 365 593 365 593 365 1260 365 594 365 1260 366 1261 366 594 366 594 366 1261 366 442 366 1261 367 1262 367 442 367 442 368 1262 368 443 368 1262 369 1263 369 443 369 443 369 1263 369 469 369 1263 370 1264 370 469 370 469 370 1264 370 248 370 1264 371 1265 371 248 371 248 817 1265 817 249 817 1265 818 1266 818 249 818 249 818 1266 818 250 818 1266 819 1267 819 250 819 250 820 1267 820 251 820 1267 377 1268 377 251 377 251 376 1268 376 252 376 1268 378 1269 378 252 378 252 821 1269 821 253 821 1269 379 1270 379 253 379 253 380 1270 380 254 380 1270 381 1271 381 254 381 254 382 1271 382 310 382 1271 383 1272 383 310 383 310 384 1272 384 311 384 1272 385 1273 385 311 385 311 386 1273 386 283 386 1273 388 1274 388 283 388 283 822 1274 822 284 822 1274 389 1275 389 284 389 284 389 1275 389 730 389 1275 823 1276 823 730 823 730 390 1276 390 731 390 1276 391 1277 391 731 391 731 392 1277 392 732 392 1277 393 1278 393 732 393 732 393 1278 393 801 393 1278 394 1279 394 801 394 801 824 1279 824 802 824 1279 825 1280 825 802 825 802 395 1280 395 778 395 1280 396 1281 396 778 396 778 826 1281 826 446 826 1281 827 1282 827 446 827 446 397 1282 397 354 397 1282 400 1283 400 354 400 354 400 1283 400 353 400 1283 401 1284 401 353 401 353 402 1284 402 484 402 1284 403 1285 403 484 403 484 403 1285 403 551 403 1285 405 1286 405 551 405 551 404 1286 404 552 404 1286 406 1287 406 552 406 552 828 1287 828 479 828 1287 409 1288 409 479 409 479 409 1288 409 480 409 1288 411 1289 411 480 411 480 410 1289 410 482 410 1289 412 1290 412 482 412 482 829 1290 829 553 829 1290 413 1291 413 553 413 553 414 1291 414 554 414 1291 655 1292 655 554 655 554 655 1292 655 555 655 1292 830 1293 830 555 830 555 418 1293 418 556 418 1293 420 1294 420 556 420 556 831 1294 831 557 831 1294 832 1295 832 557 832 557 833 1295 833 400 833 1295 834 1296 834 400 834 400 835 1296 835 401 835 1296 836 1297 836 401 836 401 836 1297 836 473 836 1297 427 1298 427 473 427 473 427 1298 427 474 427 1298 428 1299 428 474 428 474 837 1299 837 475 837 1299 838 1300 838 475 838 475 431 1300 431 476 431 1300 839 1301 839 476 839 476 839 1301 839 477 839 1301 840 1302 840 477 840 477 841 1302 841 478 841 1302 842 1303 842 478 842 478 843 1303 843 604 843 1303 844 1304 844 604 844 604 844 1304 844 605 844 1304 845 1305 845 605 845 605 439 1305 439 606 439 1305 679 1306 679 606 679 606 679 1306 679 657 679 1306 846 1307 846 657 846 657 442 1307 442 658 442 1307 445 1308 445 658 445 658 847 1308 847 607 847 1308 446 1309 446 607 446 607 848 1309 848 609 848 1309 849 1310 849 609 849 609 447 1310 447 717 447 1310 448 1311 448 717 448 717 448 1311 448 715 448 1311 850 1312 850 715 850 715 851 1312 851 713 851 1312 852 1313 852 713 852 713 852 1313 852 798 852 1313 454 1314 454 798 454 798 853 1314 853 796 853 1314 854 1315 854 796 854 796 455 1315 455 794 455 1315 855 1316 855 794 855 794 855 1316 855 598 855 1316 856 1317 856 598 856 598 857 1317 857 599 857 1317 461 1318 461 599 461 599 461 1318 461 765 461 1318 462 1319 462 765 462 765 858 1319 858 766 858 1319 859 1320 859 766 859 766 463 1320 463 545 463 1320 860 1321 860 545 860 545 464 1321 464 546 464 1321 467 1322 467 546 467 546 861 1322 861 547 861 1322 708 1323 708 547 708 547 708 1323 708 549 708 1323 470 1324 470 549 470 549 862 1324 862 603 862 1324 863 1325 863 603 863 603 863 1325 863 449 863 1325 864 1326 864 449 864 449 865 1326 865 448 865 1326 866 1327 866 448 866 448 867 1327 867 447 867 1327 868 1328 868 447 868 447 868 1328 868 450 868 1328 478 1329 478 450 478 450 869 1329 869 451 869 1329 870 1330 870 451 870 451 481 1330 481 309 481 1330 482 1331 482 309 482 309 482 1331 482 281 482 1331 871 1332 871 281 871 281 871 1332 871 396 871 1332 872 1333 872 396 872 396 873 1333 873 287 873 1333 874 1334 874 287 874 287 875 1334 875 288 875 1334 876 1335 876 288 876 288 489 1335 489 415 489 1335 491 1336 491 415 491 415 877 1336 877 416 877 1336 732 1337 732 416 732 416 732 1337 732 417 732 1337 495 1338 495 417 495 417 496 1338 496 367 496 1338 878 1339 878 367 878 367 497 1339 497 365 497 1339 499 1340 499 365 499 365 498 1340 498 358 498 1340 500 1341 500 358 500 358 500 1341 500 359 500 1341 879 1342 879 359 879 359 503 1342 503 361 503 1342 505 1343 505 361 505 361 504 1343 504 412 504 1343 506 1344 506 412 506 412 506 1344 506 413 506 1344 507 1345 507 413 507 413 508 1345 508 414 508 1345 509 1346 509 414 509 414 509 1346 509 362 509 1346 512 1347 512 362 512 362 880 1347 880 363 880 1347 881 1348 881 363 881 363 513 1348 513 364 513 1348 514 1349 514 364 514 364 882 1349 882 202 882 1349 883 33 883 202 883 202 515 33 515 119 515 33 516 1350 516 119 516 119 516 1350 516 120 516 1350 517 1351 517 120 517 120 518 1351 518 122 518 1351 519 1352 519 122 519 122 884 1352 884 157 884 1352 520 1353 520 157 520 157 520 1353 520 158 520 1353 885 1354 885 158 885 158 521 1354 521 159 521 1354 523 1355 523 159 523 159 524 1355 524 160 524 1355 525 1356 525 160 525 160 526 1356 526 161 526 1356 527 1357 527 161 527 161 528 1357 528 162 528 1357 529 1358 529 162 529 162 530 1358 530 123 530 1358 886 1359 886 123 886 123 531 1359 531 124 531 1359 533 1360 533 124 533 124 532 1360 532 126 532 1360 887 1361 887 126 887 126 888 1361 888 127 888 1361 889 1362 889 127 889 127 889 1362 889 79 889 1362 890 1363 890 79 890 79 538 1363 538 78 538 1363 539 1364 539 78 539 78 539 1364 539 163 539 1364 540 1365 540 163 540 163 540 1365 540 164 540 1365 541 1366 541 164 541 164 542 1366 542 165 542 1366 543 1367 543 165 543 165 543 1367 543 82 543 1367 544 1368 544 82 544 82 544 1368 544 93 544 1368 891 1369 891 93 891 93 546 1369 546 91 546 1369 548 1370 548 91 548 91 549 1370 549 92 549 1370 892 1371 892 92 892 92 892 1371 892 210 892 1371 552 1372 552 210 552 210 552 1372 552 206 552 1372 553 1373 553 206 553 206 554 1373 554 317 554 1373 555 1374 555 317 555 317 556 1374 556 315 556 1374 557 1375 557 315 557 315 557 1375 557 255 557 1375 558 1376 558 255 558 255 559 1376 559 256 559 1376 561 1377 561 256 561 256 561 1377 561 258 561 1377 562 1378 562 258 562 258 563 1378 563 88 563 1378 893 1379 893 88 893 88 565 1379 565 155 565 1379 566 1380 566 155 566 155 566 1380 566 156 566 1380 567 1381 567 156 567 156 894 1381 894 195 894 1381 895 1382 895 195 895 195 568 1382 568 196 568 1382 569 1383 569 196 569 196 570 1383 570 197 570 1383 808 1384 808 197 808 197 572 1384 572 201 572 1384 896 1385 896 201 896 201 574 1385 574 200 574 1385 575 1243 575 200 575 60 2 24 2 61 2 24 2 39 2 61 2 47 2 404 2 49 2 404 2 357 2 49 2 49 2 357 2 950 2 357 2 949 2 950 2 948 13 45 13 44 13 11 13 14 13 56 13 50 13 49 13 1386 13 49 13 950 13 1386 13 1386 13 950 13 1387 13 51 13 57 13 21 13 57 13 946 13 21 13 44 13 23 13 948 13 23 13 21 13 948 13 948 13 21 13 950 13 21 13 946 13 950 13 950 13 946 13 74 13 56 13 1387 13 11 13 1387 13 950 13 11 13 11 897 950 897 10 897 950 898 74 898 10 898 10 13 74 13 13 13 74 13 48 13 13 13 952 1 951 1 1387 1 951 1 1386 1 1387 1 75 1 74 1 945 1 74 1 946 1 945 1 63 1 69 1 26 1 69 1 27 1 26 1 1388 0 28 0 30 0 1388 899 30 899 1389 899 1390 0 1391 0 1392 0 1393 900 1394 900 30 900 1394 0 1395 0 30 0 30 901 1395 901 1396 901 1397 0 1398 0 1061 0 1063 902 1062 902 1399 902 962 903 961 903 1400 903 1162 904 1161 904 1097 904 1401 905 1402 905 1242 905 1403 0 1404 0 30 0 1405 906 1406 906 1061 906 1061 0 1398 0 1062 0 1398 907 1407 907 1062 907 1062 908 1407 908 1399 908 1065 0 1064 0 1408 0 1409 909 1410 909 967 909 1410 0 1411 0 967 0 1411 0 1412 0 967 0 1412 0 1413 0 967 0 967 910 1413 910 1414 910 1414 911 1415 911 967 911 1415 0 1416 0 967 0 967 912 1416 912 1417 912 1401 0 1242 0 1418 0 1404 0 1419 0 30 0 1419 913 1420 913 30 913 30 914 1420 914 1393 914 1396 0 1421 0 30 0 1421 915 1422 915 30 915 30 916 1422 916 1423 916 1423 0 1424 0 30 0 1424 0 1425 0 30 0 30 917 1425 917 1426 917 1067 0 1066 0 1427 0 1066 0 1065 0 1427 0 1427 0 1065 0 1428 0 1065 918 1408 918 1428 918 1427 0 1429 0 1067 0 1429 0 1430 0 1067 0 1067 919 1430 919 1068 919 1430 0 1431 0 1068 0 1076 920 1075 920 1431 920 1075 0 1074 0 1431 0 972 921 1432 921 973 921 1432 922 974 922 973 922 1258 0 1257 0 1014 0 1354 0 1353 0 1042 0 1015 0 1014 0 1254 0 976 0 975 0 1433 0 1434 0 1435 0 1242 0 34 0 28 0 1060 0 28 0 1436 0 1060 0 1060 0 1436 0 1061 0 1436 0 1437 0 1061 0 1061 0 1437 0 1405 0 1409 0 967 0 1400 0 967 923 966 923 1400 923 1400 924 966 924 965 924 965 0 964 0 1400 0 964 0 963 0 1400 0 1400 925 963 925 962 925 1082 0 1081 0 1431 0 1081 0 1080 0 1431 0 1431 0 1080 0 1079 0 1074 0 1073 0 1431 0 1073 0 1072 0 1431 0 1431 926 1072 926 1071 926 1071 927 1070 927 1431 927 1070 928 1069 928 1431 928 1431 929 1069 929 1068 929 1417 0 1438 0 967 0 1438 0 1439 0 967 0 967 930 1439 930 968 930 1439 0 1432 0 968 0 968 0 1432 0 969 0 1178 931 36 931 1179 931 36 932 1180 932 1179 932 1433 0 975 0 1440 0 1434 933 1242 933 1441 933 30 934 1442 934 1443 934 1444 0 1445 0 1061 0 1445 0 1446 0 1061 0 1061 935 1446 935 1397 935 1086 0 1085 0 1447 0 1085 0 1084 0 1447 0 1447 0 1084 0 1448 0 1448 0 1084 0 1431 0 1084 0 1083 0 1431 0 1431 936 1083 936 1082 936 1079 937 1078 937 1431 937 1078 0 1077 0 1431 0 1431 0 1077 0 1076 0 972 938 971 938 1432 938 971 939 970 939 1432 939 1432 940 970 940 969 940 1267 0 1014 0 1268 0 1014 941 1269 941 1268 941 1267 942 1266 942 1014 942 1266 943 1265 943 1014 943 1014 944 1265 944 1264 944 1257 0 1256 0 1014 0 1256 0 1255 0 1014 0 1014 0 1255 0 1254 0 1172 0 1171 0 36 0 1171 0 1170 0 36 0 1121 0 1120 0 1449 0 1402 0 1450 0 1242 0 1450 945 1451 945 1242 945 1242 0 1451 0 30 0 1451 0 1452 0 30 0 1452 946 1453 946 30 946 30 947 1453 947 1454 947 1454 0 1455 0 30 0 1455 0 1456 0 30 0 30 948 1456 948 1457 948 1426 0 1458 0 30 0 1458 949 1459 949 30 949 30 950 1459 950 1460 950 1443 0 1461 0 30 0 1461 0 1462 0 30 0 30 951 1462 951 1389 951 1406 0 1463 0 1061 0 1463 0 1464 0 1061 0 1061 0 1464 0 1465 0 1399 0 1466 0 1063 0 1466 0 1467 0 1063 0 1063 0 1467 0 1064 0 1467 952 1468 952 1064 952 1064 953 1468 953 1408 953 1373 954 1034 954 1033 954 1166 955 1165 955 1097 955 974 0 1432 0 975 0 1432 0 1469 0 975 0 975 956 1469 956 1440 956 1326 0 1325 0 1470 0 1457 957 1471 957 30 957 1471 958 1472 958 30 958 30 959 1472 959 1473 959 1473 0 1474 0 30 0 1474 960 1475 960 30 960 30 961 1475 961 1403 961 1460 962 1476 962 30 962 1476 963 1477 963 30 963 30 0 1477 0 1442 0 1465 964 1478 964 1061 964 1478 965 1479 965 1061 965 1061 966 1479 966 1444 966 1264 967 1263 967 1014 967 1263 0 1262 0 1014 0 1014 968 1262 968 1261 968 1261 0 1260 0 1014 0 1260 969 1259 969 1014 969 1014 970 1259 970 1258 970 33 0 34 0 1059 0 1056 971 1055 971 1350 971 1352 0 1351 0 1046 0 1351 972 1047 972 1046 972 1042 952 1041 952 1354 952 1041 0 1040 0 1354 0 1354 0 1040 0 1355 0 1040 973 1039 973 1355 973 1355 0 1039 0 1356 0 1031 974 1030 974 1375 974 1382 0 1381 0 1027 0 1373 0 1372 0 1034 0 1372 975 1371 975 1034 975 1034 976 1371 976 1370 976 1370 0 1369 0 1034 0 1369 0 1368 0 1034 0 1034 977 1368 977 1367 977 1364 978 1363 978 1034 978 1363 0 1362 0 1034 0 1034 979 1362 979 1361 979 1361 0 1360 0 1034 0 1360 980 1359 980 1034 980 1034 981 1359 981 1358 981 38 0 1204 0 36 0 1204 982 1203 982 36 982 1195 0 36 0 1196 0 36 983 1197 983 1196 983 1189 984 1188 984 36 984 1178 0 1177 0 36 0 1177 985 1176 985 36 985 36 986 1176 986 1175 986 1170 987 1169 987 36 987 1169 0 1168 0 36 0 36 0 1168 0 1097 0 1168 988 1167 988 1097 988 1097 989 1167 989 1166 989 1165 0 1164 0 1097 0 1164 0 1163 0 1097 0 1097 990 1163 990 1162 990 1480 991 979 991 978 991 1480 0 978 0 1433 0 978 0 977 0 1433 0 1433 992 977 992 976 992 1481 993 983 993 982 993 1482 994 985 994 984 994 1481 0 1483 0 983 0 1483 952 1484 952 983 952 983 0 1484 0 984 0 1484 0 1485 0 984 0 984 995 1485 995 1482 995 1114 996 1113 996 1449 996 1486 0 42 0 40 0 1435 997 1487 997 1242 997 1487 0 1488 0 1242 0 1242 998 1488 998 1489 998 1489 999 1490 999 1242 999 1490 1000 1491 1000 1242 1000 1242 1001 1491 1001 1418 1001 955 1002 954 1002 1400 1002 954 1003 953 1003 1400 1003 1056 1004 1350 1004 1057 1004 1046 1005 1045 1005 1352 1005 1045 1006 1044 1006 1352 1006 1352 1007 1044 1007 1353 1007 1044 0 1043 0 1353 0 1353 0 1043 0 1042 0 1033 0 1032 0 1373 0 1032 1008 1031 1008 1373 1008 1373 1009 1031 1009 1374 1009 1031 1010 1375 1010 1374 1010 1367 0 1366 0 1034 0 1366 0 1365 0 1034 0 1034 1011 1365 1011 1364 1011 1203 0 1202 0 36 0 1202 0 1201 0 36 0 36 1012 1201 1012 1200 1012 1175 1013 1174 1013 36 1013 1174 1014 1173 1014 36 1014 36 1015 1173 1015 1172 1015 1480 0 1492 0 979 0 1492 1016 1493 1016 979 1016 979 1017 1493 1017 980 1017 1493 0 1494 0 980 0 980 1018 1494 1018 981 1018 1494 0 1495 0 981 0 981 0 1495 0 982 0 1495 0 1496 0 982 0 982 1019 1496 1019 1481 1019 1113 0 1112 0 1449 0 1112 0 1111 0 1449 0 1449 1020 1111 1020 1497 1020 1341 0 1340 0 1470 0 1470 1021 1325 1021 1498 1021 961 0 960 0 1400 0 960 0 959 0 1400 0 1400 1022 959 1022 958 1022 953 0 1095 0 1400 0 1095 1023 1094 1023 1400 1023 1400 1024 1094 1024 1093 1024 1350 0 1052 0 1051 0 1039 0 1038 0 1356 0 1038 0 1037 0 1356 0 1356 0 1037 0 1357 0 1037 0 1036 0 1357 0 1357 919 1036 919 1358 919 1036 0 1035 0 1358 0 1358 1025 1035 1025 1034 1025 1378 0 1377 0 1030 0 1377 0 1376 0 1030 0 1030 1026 1376 1026 1375 1026 1200 0 1199 0 36 0 1199 0 1198 0 36 0 36 1027 1198 1027 1197 1027 1195 0 1194 0 36 0 1194 0 1193 0 36 0 36 1028 1193 1028 1192 1028 1192 0 1191 0 36 0 1191 0 1190 0 36 0 36 1029 1190 1029 1189 1029 1185 1030 1184 1030 36 1030 1184 0 1183 0 36 0 1158 0 1157 0 1097 0 1157 1031 1156 1031 1097 1031 1156 0 1155 0 1097 0 1155 0 1154 0 1097 0 1097 1032 1154 1032 1153 1032 1153 1033 1152 1033 1097 1033 1152 0 1151 0 1097 0 1097 0 1151 0 1150 0 1120 0 1119 0 1449 0 1119 0 1118 0 1449 0 1449 1034 1118 1034 1117 1034 1110 0 1109 0 1499 0 1220 1035 1500 1035 1501 1035 1208 0 1207 0 42 0 1502 0 1503 0 33 0 1304 0 1303 0 1504 0 1505 0 1506 0 1242 0 1506 0 1507 0 1242 0 1242 1036 1507 1036 1441 1036 1508 0 1509 0 1510 0 1511 0 1512 0 1392 0 958 0 957 0 1400 0 957 0 956 0 1400 0 1400 1037 956 1037 955 1037 33 0 1059 0 1350 0 1059 0 1058 0 1350 0 1350 1038 1058 1038 1057 1038 1055 0 1054 0 1350 0 1054 0 1053 0 1350 0 1350 1039 1053 1039 1052 1039 1051 1040 1050 1040 1350 1040 1050 0 1049 0 1350 0 1350 0 1049 0 1351 0 1049 0 1048 0 1351 0 1351 1041 1048 1041 1047 1041 1027 0 1381 0 1028 0 1381 0 1380 0 1028 0 1028 0 1380 0 1029 0 1029 0 1380 0 1030 0 1380 0 1379 0 1030 0 1030 0 1379 0 1378 0 1252 0 1251 0 1018 0 1251 0 1250 0 1018 0 1018 1042 1250 1042 1249 1042 1252 0 1018 0 1253 0 1018 0 1017 0 1253 0 1253 1043 1017 1043 1254 1043 1017 1008 1016 1008 1254 1008 1254 1044 1016 1044 1015 1044 1183 0 1182 0 36 0 1182 0 1181 0 36 0 36 1045 1181 1045 1180 1045 1161 0 1160 0 1097 0 1160 0 1159 0 1097 0 1097 1046 1159 1046 1158 1046 1117 0 1116 0 1449 0 1116 0 1115 0 1449 0 1449 0 1115 0 1114 0 1513 0 1514 0 1226 0 1514 0 1515 0 1226 0 1226 0 1515 0 1227 0 1499 0 1109 0 1516 0 1225 0 1224 0 1517 0 1224 1047 1518 1047 1517 1047 1213 0 1212 0 1519 0 1207 1048 1206 1048 42 1048 1206 1049 1205 1049 42 1049 42 0 1205 0 38 0 1503 1048 1520 1048 33 1048 1520 1049 1521 1049 33 1049 33 0 1521 0 40 0 1470 1050 1345 1050 1344 1050 1522 0 1523 0 1303 0 1523 1051 1524 1051 1303 1051 1303 1052 1524 1052 1525 1052 1526 0 1527 0 1528 0 1527 0 1529 0 1528 0 1528 0 1529 0 1530 0 1529 0 1531 0 1530 0 1532 0 1533 0 1510 0 1534 0 1535 0 1510 0 1535 0 1536 0 1510 0 1510 1053 1536 1053 1537 1053 1093 0 1092 0 1400 0 1092 0 1091 0 1400 0 1400 0 1091 0 1538 0 1021 0 1245 0 1244 0 1020 1054 1247 1054 1021 1054 1247 1055 1246 1055 1021 1055 1021 0 1246 0 1245 0 1249 0 1248 0 1018 0 1248 0 1247 0 1018 0 1018 0 1247 0 1019 0 1247 0 1020 0 1019 0 1188 0 1187 0 36 0 1187 0 1186 0 36 0 36 1056 1186 1056 1185 1056 1225 0 1517 0 1226 0 1517 0 1539 0 1226 0 1226 1057 1539 1057 1540 1057 1540 0 1541 0 1226 0 1541 0 1542 0 1226 0 1226 1058 1542 1058 1543 1058 1110 0 1499 0 1111 0 1499 0 1544 0 1111 0 1111 1059 1544 1059 1545 1059 1545 0 1546 0 1111 0 1546 1060 1547 1060 1111 1060 1111 0 1547 0 1548 0 1548 0 1549 0 1111 0 1549 0 1550 0 1111 0 1111 1061 1550 1061 1497 1061 1224 0 1223 0 1518 0 1223 1062 1222 1062 1518 1062 1518 0 1222 0 1501 0 1222 0 1221 0 1501 0 1501 1063 1221 1063 1220 1063 1217 0 1551 0 1218 0 1551 0 1500 0 1218 0 1218 1064 1500 1064 1219 1064 1500 1065 1220 1065 1219 1065 1552 0 1349 0 1470 0 1349 1066 1348 1066 1470 1066 1470 1067 1330 1067 1329 1067 1553 937 1554 937 1325 937 1097 0 1449 0 1555 0 1556 1068 1557 1068 1558 1068 1557 0 1559 0 1558 0 1558 0 1559 0 1560 0 1559 0 1561 0 1560 0 1560 0 1561 0 1562 0 1561 0 1563 0 1562 0 1562 0 1563 0 1564 0 1563 0 1565 0 1564 0 1564 0 1565 0 1566 0 1565 0 1567 0 1566 0 1566 0 1567 0 1526 0 1567 0 1568 0 1526 0 1526 0 1568 0 1527 0 1509 0 1569 0 1510 0 1569 1069 1570 1069 1510 1069 1510 1070 1570 1070 1534 1070 1571 1071 1572 1071 1573 1071 1537 1005 1574 1005 1510 1005 1574 1072 1575 1072 1510 1072 1510 1073 1575 1073 1576 1073 1575 0 1577 0 1576 0 1576 1074 1577 1074 1578 1074 1577 1075 1579 1075 1578 1075 1580 0 1581 0 1392 0 1091 1076 1090 1076 1538 1076 1090 1077 1089 1077 1538 1077 1538 0 1089 0 1582 0 1089 0 1088 0 1582 0 1582 1078 1088 1078 1447 1078 1088 1079 1087 1079 1447 1079 1447 0 1087 0 1086 0 1150 1080 1149 1080 1097 1080 1149 1081 1148 1081 1097 1081 1097 1082 1148 1082 1147 1082 1147 0 1146 0 1097 0 1146 0 1145 0 1097 0 1097 1083 1145 1083 1144 1083 1144 0 1143 0 1097 0 1143 0 1142 0 1097 0 1097 1084 1142 1084 1141 1084 1138 1085 1137 1085 1097 1085 1137 0 1136 0 1097 0 1097 1086 1136 1086 1135 1086 1135 1087 1134 1087 1097 1087 1134 0 1133 0 1097 0 1097 1088 1133 1088 1132 1088 1217 0 1216 0 1551 0 1216 0 1215 0 1551 0 1551 0 1215 0 1519 0 1215 1089 1214 1089 1519 1089 1519 1090 1214 1090 1213 1090 1348 1091 1347 1091 1470 1091 1347 0 1346 0 1470 0 1470 1092 1346 1092 1345 1092 1337 0 1336 0 1470 0 1329 0 1328 0 1470 0 1328 0 1327 0 1470 0 1470 1093 1327 1093 1326 1093 1554 0 1583 0 1325 0 1583 0 1584 0 1325 0 1325 1094 1584 1094 1585 1094 1504 0 1303 0 1586 0 1587 0 986 0 1588 0 986 0 985 0 1588 0 1588 1005 985 1005 1589 1005 985 1095 1482 1095 1589 1095 1486 1096 40 1096 1590 1096 40 1097 1591 1097 1590 1097 1590 1098 1591 1098 1510 1098 1591 1099 1592 1099 1510 1099 1510 0 1592 0 1532 0 1571 1100 1573 1100 1593 1100 1594 0 1595 0 1529 0 1595 1101 1596 1101 1529 1101 1529 1102 1596 1102 1531 1102 1512 0 1597 0 1392 0 1597 0 1598 0 1392 0 1392 1103 1598 1103 1599 1103 1382 0 1027 0 1383 0 1027 0 1026 0 1383 0 1383 0 1026 0 1384 0 1026 0 1025 0 1384 0 1384 0 1025 0 1385 0 1025 0 1024 0 1385 0 1385 0 1024 0 1243 0 1024 0 1023 0 1243 0 1243 0 1023 0 1244 0 1023 0 1022 0 1244 0 1244 0 1022 0 1021 0 1141 0 1140 0 1097 0 1140 0 1139 0 1097 0 1097 1104 1139 1104 1138 1104 1132 1105 1131 1105 1097 1105 1131 0 1130 0 1097 0 1097 1106 1130 1106 1129 1106 1543 0 1600 0 1226 0 1600 1107 1601 1107 1226 1107 1226 1108 1601 1108 1602 1108 1602 1109 1603 1109 1226 1109 1603 0 1604 0 1226 0 1226 1110 1604 1110 1605 1110 1231 0 1230 0 1515 0 1230 0 1229 0 1515 0 1229 0 1228 0 1515 0 1515 1111 1228 1111 1227 1111 1606 0 1100 0 1099 0 1552 1112 1607 1112 1349 1112 1607 0 1608 0 1349 0 1349 0 1608 0 33 0 1608 1113 1609 1113 33 1113 33 1114 1609 1114 1502 1114 1344 0 1343 0 1470 0 1343 0 1342 0 1470 0 1470 0 1342 0 1341 0 1333 0 1332 0 1470 0 1332 0 1331 0 1470 0 1470 1115 1331 1115 1330 1115 1585 0 1610 0 1325 0 1610 0 1611 0 1325 0 1325 1116 1611 1116 1612 1116 1321 0 1613 0 1322 0 1613 0 1614 0 1322 0 1615 0 1616 0 1322 0 1616 0 1617 0 1322 0 1533 0 1618 0 1510 0 1618 1117 1619 1117 1510 1117 1510 1118 1619 1118 1508 1118 1529 0 1620 0 1594 0 1620 1119 1621 1119 1594 1119 1594 0 1621 0 1392 0 1621 1120 1622 1120 1392 1120 1392 1121 1622 1121 1511 1121 1581 0 1623 0 1392 0 1623 0 1624 0 1392 0 1392 1122 1624 1122 1390 1122 1125 1123 1124 1123 1449 1123 1625 1124 1626 1124 1226 1124 1626 0 1627 0 1226 0 1212 1112 1211 1112 1519 1112 1211 0 1210 0 1519 0 1519 0 1210 0 42 0 1210 1113 1209 1113 42 1113 42 1125 1209 1125 1208 1125 1336 0 1335 0 1470 0 1335 0 1334 0 1470 0 1470 1126 1334 1126 1333 1126 1612 0 1628 0 1325 0 1628 927 1629 927 1325 927 1325 1127 1629 1127 1498 1127 1630 0 1631 0 1308 0 1631 0 1632 0 1308 0 1308 1128 1632 1128 1633 1128 1634 0 1635 0 1313 0 1525 0 1636 0 1303 0 1636 0 1637 0 1303 0 1303 1129 1637 1129 1638 1129 1638 920 1639 920 1303 920 1639 0 1640 0 1303 0 1303 0 1640 0 1641 0 1641 0 1642 0 1303 0 1642 0 1643 0 1303 0 1303 0 1643 0 1586 0 1313 0 1635 0 1314 0 1635 0 1644 0 1314 0 1314 0 1644 0 1315 0 1644 0 1645 0 1315 0 1315 0 1645 0 1316 0 1645 0 1646 0 1316 0 1316 0 1646 0 1317 0 1614 0 1647 0 1322 0 1647 1130 1648 1130 1322 1130 1322 1131 1648 1131 1615 1131 1579 0 1577 0 1573 0 1577 0 1649 0 1573 0 1573 1132 1649 1132 1593 1132 1572 0 1650 0 1573 0 1650 0 1651 0 1573 0 1573 0 1651 0 1652 0 1651 0 1653 0 1652 0 1652 1017 1653 1017 1391 1017 1653 0 1654 0 1391 0 1391 1133 1654 1133 1392 1133 1599 975 1655 975 1392 975 1655 0 1656 0 1392 0 1392 0 1656 0 1657 0 1657 0 1658 0 1392 0 1658 0 1659 0 1392 0 1392 0 1659 0 1660 0 1660 0 1661 0 1392 0 1661 0 1662 0 1392 0 1392 1134 1662 1134 1580 1134 1124 1135 1123 1135 1449 1135 1123 1136 1122 1136 1449 1136 1449 1137 1122 1137 1121 1137 1627 0 1663 0 1226 0 1663 0 1664 0 1226 0 1226 0 1664 0 1513 0 1665 0 1666 0 1233 0 1516 0 1109 0 1667 0 1109 1009 1108 1009 1667 1009 1667 1138 1108 1138 1107 1138 1340 1139 1339 1139 1470 1139 1339 0 1338 0 1470 0 1470 0 1338 0 1337 0 1617 1140 1668 1140 1322 1140 1668 1141 1669 1141 1322 1141 1322 0 1669 0 1323 0 1669 1142 1553 1142 1323 1142 1323 1143 1553 1143 1324 1143 1553 1144 1325 1144 1324 1144 1633 0 1670 0 1308 0 1670 0 1671 0 1308 0 1308 0 1671 0 1672 0 1555 1145 1673 1145 1097 1145 1673 1146 1674 1146 1097 1146 1097 1147 1674 1147 1675 1147 1676 0 1677 0 1678 0 1522 0 1303 0 1679 0 1303 1148 1302 1148 1679 1148 1679 1017 1302 1017 1680 1017 1302 0 1301 0 1680 0 1680 1149 1301 1149 1681 1149 1301 0 1300 0 1681 0 1681 0 1300 0 1682 0 1605 1150 1683 1150 1226 1150 1683 1151 1684 1151 1226 1151 1226 0 1684 0 1625 0 1665 1078 1233 1078 1515 1078 1233 1152 1232 1152 1515 1152 1515 0 1232 0 1231 0 1606 0 1099 0 1685 0 1099 0 1098 0 1685 0 1685 0 1098 0 1686 0 1098 0 1240 0 1686 0 1686 0 1240 0 1687 0 1240 0 1239 0 1687 0 1687 0 1239 0 1688 0 1313 0 1312 0 1634 0 1312 0 1311 0 1634 0 1634 0 1311 0 1689 0 1311 0 1310 0 1689 0 1689 0 1310 0 1672 0 1310 0 1309 0 1672 0 1672 0 1309 0 1308 0 1675 0 1690 0 1097 0 1690 0 1691 0 1097 0 1097 1153 1691 1153 1692 1153 1693 0 1694 0 1695 0 1695 0 1696 0 1697 0 1300 0 1299 0 1682 0 1299 0 1298 0 1682 0 1682 0 1298 0 1698 0 1695 0 1699 0 1097 0 1699 0 1700 0 1097 0 1097 1154 1700 1154 1701 1154 1129 0 1128 0 1097 0 1128 0 1127 0 1097 0 1097 0 1127 0 1449 0 1127 0 1126 0 1449 0 1449 1155 1126 1155 1125 1155 1107 1156 1106 1156 1667 1156 1106 1157 1105 1157 1667 1157 1667 0 1105 0 1104 0 1702 0 1703 0 1318 0 1703 0 1704 0 1318 0 1318 1158 1704 1158 1319 1158 1704 1159 1613 1159 1319 1159 1319 1160 1613 1160 1320 1160 1613 0 1321 0 1320 0 1317 0 1646 0 1318 0 1646 1161 1705 1161 1318 1161 1318 0 1705 0 1702 0 1678 0 1706 0 1676 0 1706 0 1695 0 1676 0 1676 1162 1695 1162 1707 1162 1695 0 1697 0 1707 0 1708 0 1709 0 1676 0 1709 0 1710 0 1676 0 1676 1163 1710 1163 1711 1163 1008 993 1273 993 1272 993 1008 0 1007 0 1273 0 1007 952 1006 952 1273 952 1273 0 1006 0 1274 0 1006 0 1005 0 1274 0 1005 1164 1004 1164 1274 1164 1274 1165 1004 1165 1275 1165 1630 0 1308 0 1712 0 1308 0 1307 0 1712 0 1712 1043 1307 1043 1713 1043 1307 1008 1306 1008 1713 1008 1713 0 1306 0 1504 0 1306 0 1305 0 1504 0 1504 1166 1305 1166 1304 1166 1714 1167 1715 1167 1097 1167 1715 0 1716 0 1097 0 1097 1168 1716 1168 1717 1168 1694 0 1718 0 1695 0 1718 1169 1719 1169 1695 1169 1695 1170 1719 1170 1696 1170 1711 0 1720 0 1676 0 1720 0 1721 0 1676 0 1676 0 1721 0 1677 0 1014 0 1013 0 1269 0 1013 1171 1012 1171 1269 1171 1269 1017 1012 1017 1270 1017 1012 0 1011 0 1270 0 1270 1149 1011 1149 1271 1149 1011 0 1010 0 1271 0 1271 0 1010 0 1272 0 1010 0 1009 0 1272 0 1272 1172 1009 1172 1008 1172 1722 1173 1723 1173 1242 1173 1724 1174 1234 1174 1725 1174 1234 1159 1233 1159 1725 1159 1725 1175 1233 1175 1726 1175 1233 0 1666 0 1726 0 1239 0 1238 0 1688 0 1238 0 1237 0 1688 0 1688 0 1237 0 1727 0 1237 0 1236 0 1727 0 1727 0 1236 0 1724 0 1236 0 1235 0 1724 0 1724 1176 1235 1176 1234 1176 1728 0 1729 0 1101 0 1729 0 1730 0 1101 0 1101 0 1730 0 1102 0 1730 0 1667 0 1102 0 1102 0 1667 0 1103 0 1667 0 1104 0 1103 0 1100 0 1606 0 1101 0 1606 1177 1731 1177 1101 1177 1101 0 1731 0 1728 0 1692 0 1732 0 1097 0 1732 0 1733 0 1097 0 1097 1178 1733 1178 1734 1178 1734 0 1735 0 1097 0 1735 0 1736 0 1097 0 1097 1179 1736 1179 1714 1179 1717 1180 1737 1180 1097 1180 1737 0 1738 0 1097 0 1097 1181 1738 1181 1739 1181 1740 1182 1741 1182 1695 1182 1695 1183 1742 1183 1743 1183 1744 0 1745 0 1746 0 1745 0 1747 0 1746 0 1746 1184 1747 1184 1748 1184 1749 0 1676 0 1750 0 1749 0 1751 0 1676 0 1751 0 1752 0 1676 0 1676 0 1752 0 1708 0 1097 1185 997 1185 996 1185 1753 1186 1754 1186 1242 1186 1755 0 1242 0 1756 0 1242 1187 1757 1187 1756 1187 1755 0 1758 0 1242 0 1758 0 1759 0 1242 0 1242 1188 1759 1188 1760 1188 1723 0 1761 0 1242 0 1761 0 1762 0 1242 0 1242 1189 1762 1189 1505 1189 1743 0 1763 0 1695 0 1763 0 1764 0 1695 0 1695 0 1764 0 1693 0 1556 0 1558 0 1765 0 1558 1190 1766 1190 1765 1190 1765 0 1766 0 1767 0 1766 1191 1768 1191 1767 1191 1767 0 1768 0 1748 0 1768 1192 1769 1192 1748 1192 1748 0 1769 0 1746 0 1294 1193 1770 1193 1771 1193 1298 0 1297 0 1698 0 1297 952 1296 952 1698 952 1698 0 1296 0 1771 0 1296 0 1295 0 1771 0 1771 1194 1295 1194 1294 1194 996 0 995 0 1097 0 995 0 994 0 1097 0 1097 1195 994 1195 993 1195 1587 0 1772 0 986 0 1772 1196 1773 1196 986 1196 986 1197 1773 1197 987 1197 990 1198 989 1198 1097 1198 989 0 988 0 1097 0 1097 1199 988 1199 987 1199 1760 0 1774 0 1242 0 1774 0 1775 0 1242 0 1242 1200 1775 1200 1776 1200 1739 1201 1777 1201 1097 1201 1777 0 1778 0 1097 0 1097 0 1778 0 1695 0 1778 0 1779 0 1695 0 1695 0 1779 0 1740 0 1000 1196 999 1196 1276 1196 1753 0 1242 0 1780 0 1754 0 1781 0 1242 0 1781 0 1782 0 1242 0 1242 1202 1782 1202 1783 1202 1783 0 1784 0 1242 0 1784 0 1785 0 1242 0 1242 1203 1785 1203 1786 1203 1786 0 1787 0 1242 0 1787 0 1788 0 1242 0 1242 1204 1788 1204 1757 1204 1776 0 1789 0 1242 0 1789 0 1790 0 1242 0 1242 1205 1790 1205 1722 1205 1741 0 1791 0 1695 0 1791 0 1792 0 1695 0 1695 1206 1792 1206 1793 1206 1793 0 1794 0 1695 0 1794 0 1795 0 1695 0 1695 1207 1795 1207 1742 1207 993 1208 992 1208 1097 1208 992 0 991 0 1097 0 1097 1209 991 1209 990 1209 1773 1210 1796 1210 987 1210 1796 0 1797 0 987 0 987 0 1797 0 1097 0 1797 0 1798 0 1097 0 1097 0 1798 0 1242 0 1798 0 1799 0 1242 0 1242 1211 1799 1211 1780 1211 1744 0 1746 0 1800 0 1746 0 1801 0 1800 0 1800 1043 1801 1043 1750 1043 1801 1008 1802 1008 1750 1008 1750 1044 1802 1044 1749 1044 1803 0 1097 0 1804 0 1097 1212 1805 1212 1804 1212 1701 0 1806 0 1097 0 1806 0 1807 0 1097 0 1097 1213 1807 1213 1808 1213 1283 1214 1282 1214 1097 1214 1279 0 1278 0 1097 0 1278 0 1277 0 1097 0 1097 1215 1277 1215 997 1215 1277 1216 1276 1216 997 1216 997 1217 1276 1217 998 1217 1276 1218 999 1218 998 1218 1004 1219 1003 1219 1275 1219 1003 1005 1002 1005 1275 1005 1275 0 1002 0 1276 0 1002 0 1001 0 1276 0 1276 1220 1001 1220 1000 1220 1808 0 1809 0 1097 0 1809 0 1810 0 1097 0 1097 1221 1810 1221 1805 1221 1803 0 1811 0 1097 0 1811 0 1812 0 1097 0 1097 1222 1812 1222 1813 1222 1282 0 1281 0 1097 0 1281 0 1280 0 1097 0 1097 1223 1280 1223 1279 1223 1294 1224 1293 1224 1770 1224 1293 1005 1292 1005 1770 1005 1770 0 1292 0 1814 0 1292 0 1291 0 1814 0 1291 0 1290 0 1814 0 1290 1196 1289 1196 1814 1196 1814 1197 1289 1197 1815 1197 1288 0 1287 0 1097 0 1287 0 1286 0 1097 0 1813 0 1816 0 1097 0 1816 0 1815 0 1097 0 1097 1225 1815 1225 1288 1225 1815 1226 1289 1226 1288 1226 1286 0 1285 0 1097 0 1285 0 1284 0 1097 0 1097 1227 1284 1227 1283 1227 1097 13 1242 13 1096 13 1242 13 1241 13 1096 13 135 1228 236 1228 28 1228 236 515 235 515 28 515 28 515 235 515 1436 515 235 514 240 514 1436 514 1436 514 240 514 1437 514 240 513 190 513 1437 513 1437 513 190 513 1405 513 190 512 189 512 1405 512 1405 511 189 511 1406 511 189 510 377 510 1406 510 1406 510 377 510 1463 510 377 507 376 507 1463 507 1463 507 376 507 1464 507 376 506 433 506 1464 506 1464 506 433 506 1465 506 433 505 431 505 1465 505 1465 504 431 504 1478 504 431 503 430 503 1478 503 1478 502 430 502 1479 502 430 1229 337 1229 1479 1229 1479 500 337 500 1444 500 337 498 336 498 1444 498 1444 499 336 499 1445 499 336 878 335 878 1445 878 1445 878 335 878 1446 878 335 496 441 496 1446 496 1446 496 441 496 1397 496 441 494 440 494 1397 494 1397 493 440 493 1398 493 440 492 439 492 1398 492 1398 491 439 491 1407 491 439 1230 529 1230 1407 1230 1407 489 529 489 1399 489 529 875 528 875 1399 875 1399 487 528 487 1466 487 528 486 438 486 1466 486 1466 485 438 485 1467 485 438 484 437 484 1467 484 1467 483 437 483 1468 483 437 482 436 482 1468 482 1468 1231 436 1231 1408 1231 436 480 332 480 1408 480 1408 1232 332 1232 1428 1232 332 479 384 479 1428 479 1428 479 384 479 1427 479 384 1233 379 1233 1427 1233 1427 476 379 476 1429 476 379 1234 381 1234 1429 1234 1429 474 381 474 1430 474 381 864 382 864 1430 864 1430 473 382 473 1431 473 382 863 465 863 1431 863 1431 471 465 471 1448 471 465 470 464 470 1448 470 1448 470 464 470 1447 470 464 469 463 469 1447 469 1447 468 463 468 1582 468 463 467 527 467 1582 467 1582 466 527 466 1538 466 527 464 460 464 1538 464 1538 464 460 464 1400 464 460 463 592 463 1400 463 1400 1235 592 1235 1409 1235 592 462 591 462 1409 462 1409 462 591 462 1410 462 591 461 589 461 1410 461 1410 461 589 461 1411 461 589 857 588 857 1411 857 1411 459 588 459 1412 459 588 458 340 458 1412 458 1412 1236 340 1236 1413 1236 340 456 385 456 1413 456 1413 455 385 455 1414 455 385 454 387 454 1414 454 1414 453 387 453 1415 453 387 1237 389 1237 1415 1237 1415 451 389 451 1416 451 389 450 520 450 1416 450 1416 850 520 850 1417 850 520 448 522 448 1417 448 1417 448 522 448 1438 448 522 447 524 447 1438 447 1438 447 524 447 1439 447 524 1238 514 1238 1439 1238 1439 446 514 446 1432 446 514 445 516 445 1432 445 1432 445 516 445 1469 445 516 443 517 443 1469 443 1469 442 517 442 1440 442 517 441 298 441 1440 441 1440 440 298 440 1433 440 298 439 426 439 1433 439 1433 439 426 439 1480 439 426 438 425 438 1480 438 1480 844 425 844 1492 844 425 436 375 436 1492 436 1492 843 375 843 1493 843 375 435 374 435 1493 435 1493 1239 374 1239 1494 1239 374 433 424 433 1494 433 1494 1240 424 1240 1495 1240 424 430 423 430 1495 430 1495 430 423 430 1496 430 423 1241 422 1241 1496 1241 1496 429 422 429 1481 429 422 1242 421 1242 1481 1242 1481 427 421 427 1483 427 421 426 420 426 1483 426 1483 425 420 425 1484 425 420 424 419 424 1484 424 1484 423 419 423 1485 423 419 422 418 422 1485 422 1485 832 418 832 1482 832 418 420 102 420 1482 420 1482 1243 102 1243 1589 1243 102 418 325 418 1589 418 1589 417 325 417 1588 417 325 416 324 416 1588 416 1588 415 324 415 1587 415 324 413 323 413 1587 413 1587 413 323 413 1772 413 323 829 322 829 1772 829 1772 829 322 829 1773 829 322 410 321 410 1773 410 1773 411 321 411 1796 411 321 409 234 409 1796 409 1796 1244 234 1244 1797 1244 234 407 233 407 1797 407 1797 406 233 406 1798 406 233 405 269 405 1798 405 1798 404 269 404 1799 404 269 403 268 403 1799 403 1799 403 268 403 1780 403 268 402 267 402 1780 402 1780 402 267 402 1753 402 267 399 266 399 1753 399 1753 399 266 399 1754 399 266 398 265 398 1754 398 1754 397 265 397 1781 397 265 396 264 396 1781 396 1781 396 264 396 1782 396 264 395 150 395 1782 395 1782 395 150 395 1783 395 150 394 149 394 1783 394 1783 394 149 394 1784 394 149 393 148 393 1784 393 1784 393 148 393 1785 393 148 392 188 392 1785 392 1785 391 188 391 1786 391 188 390 187 390 1786 390 1786 390 187 390 1787 390 187 389 147 389 1787 389 1787 389 147 389 1788 389 147 388 146 388 1788 388 1788 822 146 822 1757 822 146 386 232 386 1757 386 1757 386 232 386 1756 386 232 384 231 384 1756 384 1756 383 231 383 1755 383 231 381 230 381 1755 381 1755 381 230 381 1758 381 230 380 263 380 1758 380 1758 1245 263 1245 1759 1245 263 378 262 378 1759 378 1759 378 262 378 1760 378 262 377 229 377 1760 377 1760 376 229 376 1774 376 229 375 228 375 1774 375 1774 374 228 374 1775 374 228 373 227 373 1775 373 1775 373 227 373 1776 373 227 372 145 372 1776 372 1776 371 145 371 1789 371 145 370 144 370 1789 370 1789 1246 144 1246 1790 1246 144 1247 143 1247 1790 1247 1790 369 143 369 1722 369 143 368 85 368 1722 368 1722 367 85 367 1723 367 85 366 84 366 1723 366 1723 366 84 366 1761 366 84 365 142 365 1761 365 1761 365 142 365 1762 365 142 1248 141 1248 1762 1248 1762 363 141 363 1505 363 141 360 116 360 1505 360 1505 360 116 360 1506 360 116 359 115 359 1506 359 1506 359 115 359 1507 359 115 358 373 358 1507 358 1507 357 373 357 1441 357 373 356 372 356 1441 356 1441 355 372 355 1434 355 372 354 371 354 1434 354 1434 353 371 353 1435 353 371 1249 370 1249 1435 1249 1435 352 370 352 1487 352 370 1250 369 1250 1487 1250 1487 351 369 351 1488 351 369 349 320 349 1488 349 1488 349 320 349 1489 349 320 347 319 347 1489 347 1489 346 319 346 1490 346 319 345 318 345 1490 345 1490 1251 318 1251 1491 1251 318 343 261 343 1491 343 1491 343 261 343 1418 343 261 813 260 813 1418 813 1418 342 260 342 1401 342 260 341 259 341 1401 341 1401 341 259 341 1402 341 259 340 295 340 1402 340 1402 339 295 339 1450 339 295 338 294 338 1450 338 1450 337 294 337 1451 337 294 336 293 336 1451 336 1451 575 293 575 1452 575 293 574 140 574 1452 574 1452 573 140 573 1453 573 140 572 139 572 1453 572 1453 571 139 571 1454 571 139 570 226 570 1454 570 1454 569 226 569 1455 569 226 568 225 568 1455 568 1455 568 225 568 1456 568 225 567 186 567 1456 567 1456 894 186 894 1457 894 186 566 185 566 1457 566 1457 566 185 566 1471 566 185 1252 184 1252 1471 1252 1471 564 184 564 1472 564 184 563 183 563 1472 563 1472 562 183 562 1473 562 183 560 182 560 1473 560 1473 560 182 560 1474 560 182 558 181 558 1474 558 1474 1253 181 1253 1475 1253 181 557 180 557 1475 557 1475 1254 180 1254 1403 1254 180 556 179 556 1403 556 1403 555 179 555 1404 555 179 554 178 554 1404 554 1404 553 178 553 1419 553 178 552 224 552 1419 552 1419 551 224 551 1420 551 224 550 223 550 1420 550 1420 550 223 550 1393 550 223 549 222 549 1393 549 1393 549 222 549 1394 549 222 546 221 546 1394 546 1394 1255 221 1255 1395 1255 221 544 220 544 1395 544 1395 544 220 544 1396 544 220 543 177 543 1396 543 1396 543 177 543 1421 543 177 542 176 542 1421 542 1421 541 176 541 1422 541 176 540 175 540 1422 540 1422 1256 175 1256 1423 1256 175 1257 174 1257 1423 1257 1423 539 174 539 1424 539 174 538 173 538 1424 538 1424 537 173 537 1425 537 173 536 172 536 1425 536 1425 536 172 536 1426 536 172 535 99 535 1426 535 1426 534 99 534 1458 534 99 533 97 533 1458 533 1458 532 97 532 1459 532 97 531 96 531 1459 531 1459 531 96 531 1460 531 96 1258 171 1258 1460 1258 1460 529 171 529 1476 529 171 528 170 528 1476 528 1476 528 170 528 1477 528 170 526 169 526 1477 526 1477 525 169 525 1442 525 169 523 219 523 1442 523 1442 523 219 523 1443 523 219 885 218 885 1443 885 1443 521 218 521 1461 521 218 520 138 520 1461 520 1461 520 138 520 1462 520 138 519 137 519 1462 519 1462 519 137 519 1389 519 137 518 136 518 1389 518 1389 517 136 517 1388 517 136 1259 135 1259 1388 1259 1388 1260 135 1260 28 1260 65 1 64 1 1096 1 1096 1 1241 1 70 1 1241 1 71 1 70 1 61 1 39 1 37 1 73 1 1096 1 72 1 1096 1 70 1 72 1 72 1 70 1 29 1 70 1 31 1 29 1 35 1 32 1 73 1 32 1 68 1 73 1 73 1 68 1 1096 1 68 1 67 1 1096 1 37 1 65 1 61 1 65 1 1096 1 61 1 61 1 1096 1 62 1 1096 1 67 1 62 1 62 1 67 1 43 1 67 1 41 1 43 1 797 336 1635 336 799 336 1635 1261 1634 1261 799 1261 799 579 1634 579 800 579 1634 581 1689 581 800 581 800 581 1689 581 714 581 1689 341 1672 341 714 341 714 341 1672 341 716 341 1672 1262 1671 1262 716 1262 716 1262 1671 1262 718 1262 1671 1263 1670 1263 718 1263 718 1264 1670 1264 719 1264 1670 1265 1633 1265 719 1265 719 1266 1633 1266 610 1266 1633 347 1632 347 610 347 610 347 1632 347 608 347 1632 588 1631 588 608 588 608 588 1631 588 399 588 1631 351 1630 351 399 351 399 350 1630 350 611 350 1630 352 1712 352 611 352 611 1267 1712 1267 559 1267 1712 1268 1713 1268 559 1268 559 1269 1713 1269 558 1269 1713 356 1504 356 558 356 558 1270 1504 1270 481 1270 1504 357 1586 357 481 357 481 1271 1586 1271 550 1271 1586 815 1643 815 550 815 550 1272 1643 1272 485 1272 1643 361 1642 361 485 361 485 360 1642 360 483 360 1642 363 1641 363 483 363 483 1273 1641 1273 351 1273 1641 1274 1640 1274 351 1274 351 365 1640 365 352 365 1640 1275 1639 1275 352 1275 352 366 1639 366 444 366 1639 605 1638 605 444 605 444 1276 1638 1276 445 1276 1638 369 1637 369 445 369 445 1277 1637 1277 776 1277 1637 1278 1636 1278 776 1278 776 370 1636 370 777 370 1636 610 1525 610 777 610 777 610 1525 610 779 610 1525 373 1524 373 779 373 779 1279 1524 1279 803 1279 1524 375 1523 375 803 375 803 819 1523 819 735 819 1523 1280 1522 1280 735 1280 735 1280 1522 1280 734 1280 1522 618 1679 618 734 618 734 618 1679 618 733 618 1679 380 1680 380 733 380 733 379 1680 379 780 379 1680 381 1681 381 780 381 780 1281 1681 1281 781 1281 1681 1282 1682 1282 781 1282 781 1282 1682 1282 736 1282 1682 386 1698 386 736 386 736 1283 1698 1283 737 1283 1698 624 1771 624 737 624 737 624 1771 624 738 624 1771 389 1770 389 738 389 738 389 1770 389 739 389 1770 1284 1814 1284 739 1284 739 390 1814 390 782 390 1814 392 1815 392 782 392 782 1285 1815 1285 783 1285 1815 631 1816 631 783 631 783 631 1816 631 673 631 1816 634 1813 634 673 634 673 634 1813 634 674 634 1813 1286 1812 1286 674 1286 674 395 1812 395 784 395 1812 396 1811 396 784 396 784 396 1811 396 785 396 1811 1287 1803 1287 785 1287 785 397 1803 397 786 397 1803 638 1804 638 786 638 786 638 1804 638 804 638 1804 1288 1805 1288 804 1288 804 402 1805 402 805 402 1805 403 1810 403 805 403 805 403 1810 403 806 403 1810 404 1809 404 806 404 806 1289 1809 1289 851 1289 1809 1290 1808 1290 851 1290 851 406 1808 406 852 406 1808 1291 1807 1291 852 1291 852 1291 1807 1291 853 1291 1807 410 1806 410 853 410 853 1292 1806 1292 854 1292 1806 1293 1701 1293 854 1293 854 1293 1701 1293 855 1293 1701 1294 1700 1294 855 1294 855 1294 1700 1294 856 1294 1700 416 1699 416 856 416 856 655 1699 655 857 655 1699 418 1695 418 857 418 857 418 1695 418 858 418 1695 420 1706 420 858 420 858 831 1706 831 859 831 1706 660 1678 660 859 660 859 833 1678 833 860 833 1678 834 1677 834 860 834 860 424 1677 424 861 424 1677 426 1721 426 861 426 861 425 1721 425 862 425 1721 1295 1720 1295 862 1295 862 1295 1720 1295 809 1295 1720 837 1711 837 809 837 809 837 1711 837 918 837 1711 838 1710 838 918 838 918 431 1710 431 887 431 1710 839 1709 839 887 839 887 432 1709 432 912 432 1709 434 1708 434 912 434 912 840 1708 840 787 840 1708 1296 1752 1296 787 1296 787 437 1752 437 788 437 1752 1297 1751 1297 788 1297 788 844 1751 844 906 844 1751 1298 1749 1298 906 1298 906 439 1749 439 907 439 1749 679 1802 679 907 679 907 679 1802 679 908 679 1802 846 1801 846 908 846 908 442 1801 442 909 442 1801 445 1746 445 909 445 909 847 1746 847 882 847 1746 446 1769 446 882 446 882 1299 1769 1299 926 1299 1769 1300 1768 1300 926 1300 926 447 1768 447 934 447 1768 448 1766 448 934 448 934 1301 1766 1301 935 1301 1766 850 1558 850 935 850 935 449 1558 449 937 449 1558 852 1560 852 937 852 937 852 1560 852 942 852 1560 454 1562 454 942 454 942 853 1562 853 940 853 1562 854 1564 854 940 854 940 455 1564 455 938 455 1564 855 1566 855 938 855 938 855 1566 855 491 855 1566 460 1526 460 491 460 491 857 1526 857 489 857 1526 1302 1528 1302 489 1302 489 461 1528 461 629 461 1528 462 1530 462 629 462 629 1303 1530 1303 494 1303 1530 1304 1531 1304 494 1304 494 463 1531 463 631 463 1531 860 1596 860 631 860 631 464 1596 464 632 464 1596 467 1595 467 632 467 632 861 1595 861 687 861 1595 708 1594 708 687 708 687 708 1594 708 688 708 1594 470 1392 470 688 470 688 1305 1392 1305 689 1305 1392 863 1654 863 689 863 689 1306 1654 1306 871 1306 1654 472 1653 472 871 472 871 1307 1653 1307 872 1307 1653 867 1651 867 872 867 872 475 1651 475 832 475 1651 477 1650 477 832 477 832 868 1650 868 833 868 1650 478 1572 478 833 478 833 869 1572 869 835 869 1572 870 1571 870 835 870 835 870 1571 870 836 870 1571 1308 1593 1308 836 1308 836 1308 1593 1308 838 1308 1593 484 1649 484 838 484 838 483 1649 483 562 483 1649 485 1577 485 562 485 562 873 1577 873 637 873 1577 874 1575 874 637 874 637 727 1575 727 638 727 1575 876 1574 876 638 876 638 489 1574 489 748 489 1574 491 1537 491 748 491 748 491 1537 491 749 491 1537 732 1536 732 749 732 749 493 1536 493 750 493 1536 1309 1535 1309 750 1309 750 1309 1535 1309 696 1309 1535 1310 1534 1310 696 1310 696 1310 1534 1310 694 1310 1534 1311 1570 1311 694 1311 694 499 1570 499 636 499 1570 1312 1569 1312 636 1312 636 1312 1569 1312 635 1312 1569 503 1509 503 635 503 635 1313 1509 1313 633 1313 1509 1314 1508 1314 633 1314 633 505 1508 505 690 505 1508 506 1619 506 690 506 690 506 1619 506 691 506 1619 507 1618 507 691 507 691 1315 1618 1315 692 1315 1618 749 1533 749 692 749 692 749 1533 749 693 749 1533 512 1532 512 693 512 693 1316 1532 1316 746 1316 1532 513 1592 513 746 513 746 513 1592 513 747 513 1592 514 1591 514 747 514 747 1317 1591 1317 285 1317 1591 753 40 753 285 753 285 753 40 753 203 753 40 756 1521 756 203 756 203 756 1521 756 360 756 1521 1318 1520 1318 360 1318 360 517 1520 517 366 517 1520 519 1503 519 366 519 366 1319 1503 1319 290 1319 1503 520 1502 520 290 520 290 520 1502 520 289 520 1502 763 1609 763 289 763 289 763 1609 763 397 763 1609 1320 1608 1320 397 1320 397 523 1608 523 398 523 1608 1321 1607 1321 398 1321 398 1321 1607 1321 305 1321 1607 1322 1552 1322 305 1322 305 528 1552 528 306 528 1552 530 1470 530 306 530 306 529 1470 529 349 529 1470 769 1498 769 349 769 349 769 1498 769 350 769 1498 1323 1629 1323 350 1323 350 1323 1629 1323 279 1323 1629 888 1628 888 279 888 279 534 1628 534 280 534 1628 1324 1612 1324 280 1324 280 536 1612 536 282 536 1612 777 1611 777 282 777 282 777 1611 777 307 777 1611 539 1610 539 307 539 307 1325 1610 1325 308 1325 1610 1326 1585 1326 308 1326 308 540 1585 540 470 540 1585 1327 1584 1327 470 1327 470 782 1584 782 471 782 1584 543 1583 543 471 543 471 1328 1583 1328 472 1328 1583 544 1554 544 472 544 472 1329 1554 1329 595 1329 1554 1330 1553 1330 595 1330 595 546 1553 546 596 546 1553 549 1669 549 596 549 596 548 1669 548 542 548 1669 1331 1668 1331 542 1331 542 892 1668 892 541 892 1668 1332 1617 1332 541 1332 541 552 1617 552 540 552 1617 1333 1616 1333 540 1333 540 553 1616 553 654 553 1616 1334 1615 1334 654 1334 654 1335 1615 1335 655 1335 1615 1336 1648 1336 655 1336 655 557 1648 557 601 557 1648 559 1647 559 601 559 601 558 1647 558 602 558 1647 799 1614 799 602 799 602 799 1614 799 548 799 1614 562 1613 562 548 562 548 562 1613 562 656 562 1613 1337 1704 1337 656 1337 656 1338 1704 1338 597 1338 1704 1339 1703 1339 597 1339 597 1340 1703 1340 543 1340 1703 1341 1702 1341 543 1341 543 1341 1702 1341 544 1341 1702 568 1705 568 544 568 544 568 1705 568 764 568 1705 806 1646 806 764 806 764 806 1646 806 600 806 1646 808 1645 808 600 808 600 1342 1645 1342 795 1342 1645 573 1644 573 795 573 795 1343 1644 1343 797 1343 1644 1344 1635 1344 797 1344 53 2 22 2 44 2 22 2 23 2 44 2 46 13 83 13 47 13 83 13 404 13 47 13 941 336 1561 336 943 336 1561 1261 1559 1261 943 1261 943 579 1559 579 944 579 1559 581 1557 581 944 581 944 581 1557 581 936 581 1557 341 1556 341 936 341 936 341 1556 341 927 341 1556 1262 1765 1262 927 1262 927 813 1765 813 928 813 1765 1263 1767 1263 928 1263 928 343 1767 343 883 343 1767 344 1748 344 883 344 883 1266 1748 1266 884 1266 1748 347 1747 347 884 347 884 1345 1747 1345 910 1345 1747 588 1745 588 910 588 910 588 1745 588 789 588 1745 589 1744 589 789 589 789 589 1744 589 911 589 1744 352 1800 352 911 352 911 1267 1800 1267 929 1267 1800 1268 1750 1268 929 1268 929 1269 1750 1269 930 1269 1750 356 1676 356 930 356 930 1270 1676 1270 931 1270 1676 357 1707 357 931 357 931 1346 1707 1346 932 1346 1707 815 1697 815 932 815 932 1272 1697 1272 933 1272 1697 600 1696 600 933 600 933 360 1696 360 885 360 1696 363 1719 363 885 363 885 1273 1719 1273 886 1273 1719 1347 1718 1347 886 1347 886 1347 1718 1347 913 1347 1718 1275 1694 1275 913 1275 913 366 1694 366 914 366 1694 605 1693 605 914 605 914 606 1693 606 888 606 1693 1277 1764 1277 888 1277 888 369 1764 369 889 369 1764 1348 1763 1348 889 1348 889 1349 1763 1349 890 1349 1763 610 1743 610 890 610 890 610 1743 610 891 610 1743 373 1742 373 891 373 891 1279 1742 1279 892 1279 1742 1350 1795 1350 892 1350 892 1351 1795 1351 893 1351 1795 1280 1794 1280 893 1280 893 617 1794 617 915 617 1794 618 1793 618 915 618 915 619 1793 619 916 619 1793 1352 1792 1352 916 1352 916 1352 1792 1352 917 1352 1792 381 1791 381 917 381 917 1281 1791 1281 919 1281 1791 1282 1741 1282 919 1282 919 1353 1741 1353 807 1353 1741 1354 1740 1354 807 1354 807 1283 1740 1283 808 1283 1740 624 1779 624 808 624 808 1355 1779 1355 672 1355 1779 389 1778 389 672 389 672 1356 1778 1356 790 1356 1778 390 1777 390 790 390 790 1357 1777 1357 675 1357 1777 1285 1739 1285 675 1285 675 1358 1739 1358 676 1358 1739 1359 1738 1359 676 1359 676 631 1738 631 740 631 1738 634 1737 634 740 634 740 634 1737 634 810 634 1737 1360 1717 1360 810 1360 810 1360 1717 1360 820 1360 1717 396 1716 396 820 396 820 1361 1716 1361 818 1361 1716 397 1715 397 818 397 818 397 1715 397 612 397 1715 638 1714 638 612 638 612 1362 1714 1362 613 1362 1714 1288 1736 1288 613 1288 613 1288 1736 1288 615 1288 1736 403 1735 403 615 403 615 403 1735 403 616 403 1735 1363 1734 1363 616 1363 616 404 1734 404 720 404 1734 1290 1733 1290 720 1290 720 645 1733 645 721 645 1733 1291 1732 1291 721 1291 721 1291 1732 1291 659 1291 1732 1364 1692 1364 659 1364 659 1364 1692 1364 660 1364 1692 1365 1691 1365 660 1365 660 1293 1691 1293 661 1293 1691 1294 1690 1294 661 1294 661 1366 1690 1366 662 1366 1690 1367 1675 1367 662 1367 662 1368 1675 1368 663 1368 1675 1369 1674 1369 663 1369 663 1370 1674 1370 664 1370 1674 1371 1673 1371 664 1371 664 420 1673 420 665 420 1673 1372 1555 1372 665 1372 665 1373 1555 1373 722 1373 1555 1374 1449 1374 722 1374 722 1375 1449 1375 723 1375 1449 836 1497 836 723 836 723 1376 1497 1376 724 1376 1497 1295 1550 1295 724 1295 724 1377 1550 1377 725 1377 1550 429 1549 429 725 429 725 837 1549 837 726 837 1549 1378 1548 1378 726 1378 726 1378 1548 1378 727 1378 1548 1379 1547 1379 727 1379 727 1380 1547 1380 728 1380 1547 1381 1546 1381 728 1381 728 840 1546 840 729 840 1546 1382 1545 1382 729 1382 729 1382 1545 1382 669 1382 1545 1383 1544 1383 669 1383 669 844 1544 844 670 844 1544 1384 1499 1384 670 1384 670 845 1499 845 618 845 1499 1385 1516 1385 618 1385 618 679 1516 679 619 679 1516 1386 1667 1386 619 1386 619 846 1667 846 486 846 1667 445 1730 445 486 445 486 847 1730 847 454 847 1730 1387 1729 1387 454 1387 454 446 1729 446 773 446 1729 849 1728 849 773 849 773 1388 1728 1388 771 1388 1728 1389 1731 1389 771 1389 771 1389 1731 1389 769 1389 1731 1390 1606 1390 769 1390 769 851 1606 851 563 851 1606 1391 1685 1391 563 1391 563 1392 1685 1392 564 1392 1685 1393 1686 1393 564 1393 564 1394 1686 1394 700 1394 1686 1395 1687 1395 700 1395 700 1396 1687 1396 702 1396 1687 1397 1688 1397 702 1397 702 1398 1688 1398 703 1398 1688 856 1727 856 703 856 703 1399 1727 1399 568 1399 1727 1400 1724 1400 568 1400 568 1400 1724 1400 843 1400 1724 1401 1725 1401 843 1401 843 858 1725 858 756 858 1725 463 1726 463 756 463 756 1402 1726 1402 901 1402 1726 860 1666 860 901 860 901 464 1666 464 902 464 1666 861 1665 861 902 861 902 1403 1665 1403 923 1403 1665 708 1515 708 923 708 923 1404 1515 1404 897 1404 1515 862 1514 862 897 862 897 1405 1514 1405 878 1405 1514 863 1513 863 878 863 878 1406 1513 1406 879 1406 1513 1407 1664 1407 879 1407 879 1407 1664 1407 880 1407 1664 867 1663 867 880 867 880 1408 1663 1408 881 1408 1663 1409 1627 1409 881 1409 881 1410 1627 1410 903 1410 1627 1411 1626 1411 903 1411 903 1411 1626 1411 904 1411 1626 870 1625 870 904 870 904 480 1625 480 905 480 1625 1412 1684 1412 905 1412 905 1308 1684 1308 924 1308 1684 1413 1683 1413 924 1413 924 871 1683 871 925 871 1683 1414 1605 1414 925 1414 925 1415 1605 1415 844 1415 1605 1416 1604 1416 844 1416 844 1417 1604 1417 845 1417 1604 489 1603 489 845 489 845 1418 1603 1418 846 1418 1603 1419 1602 1419 846 1419 846 1420 1602 1420 847 1420 1602 1421 1601 1421 847 1421 847 1422 1601 1422 848 1422 1601 1423 1600 1423 848 1423 848 1309 1600 1309 849 1309 1600 1310 1543 1310 849 1310 849 1424 1543 1424 850 1424 1543 1425 1542 1425 850 1425 850 1425 1542 1425 760 1425 1542 1312 1541 1312 760 1312 760 1312 1541 1312 761 1312 1541 742 1540 742 761 742 761 1313 1540 1313 842 1313 1540 505 1539 505 842 505 842 1426 1539 1426 841 1426 1539 506 1517 506 841 506 841 506 1517 506 751 506 1517 1315 1518 1315 751 1315 751 1315 1518 1315 752 1315 1518 1427 1501 1427 752 1427 752 749 1501 749 647 749 1501 512 1500 512 647 512 647 512 1500 512 648 512 1500 1428 1551 1428 648 1428 648 513 1551 513 407 513 1551 1429 1519 1429 407 1429 407 1429 1519 1429 496 1429 1519 753 42 753 496 753 496 753 42 753 286 753 42 756 1486 756 286 756 286 1430 1486 1430 634 1430 1486 1431 1590 1431 634 1431 634 1318 1590 1318 695 1318 1590 1432 1510 1432 695 1432 695 519 1510 519 640 519 1510 1433 1576 1433 640 1433 640 520 1576 520 639 520 1576 1434 1578 1434 639 1434 639 763 1578 763 681 763 1578 1320 1579 1320 681 1320 681 1435 1579 1435 560 1435 1579 1436 1573 1436 560 1436 560 1321 1573 1321 561 1321 1573 1322 1652 1322 561 1322 561 528 1652 528 682 528 1652 1437 1391 1437 682 1437 682 1437 1391 1437 683 1437 1391 768 1390 768 683 768 683 769 1390 769 625 769 1390 770 1624 770 625 770 625 1323 1624 1323 624 1323 1624 1438 1623 1438 624 1438 624 1439 1623 1439 623 1439 1623 1324 1581 1324 623 1324 623 536 1581 536 626 536 1581 777 1580 777 626 777 626 777 1580 777 627 777 1580 1440 1662 1440 627 1440 627 1441 1662 1441 628 1441 1662 540 1661 540 628 540 628 1326 1661 1326 684 1326 1661 781 1660 781 684 781 684 782 1660 782 685 782 1660 543 1659 543 685 543 685 1328 1659 1328 686 1328 1659 1442 1658 1442 686 1442 686 1442 1658 1442 743 1442 1658 1330 1657 1330 743 1330 743 546 1657 546 744 546 1657 549 1656 549 744 549 744 787 1656 787 745 787 1656 1331 1655 1331 745 1331 745 892 1655 892 791 892 1655 1443 1599 1443 791 1443 791 552 1599 552 792 552 1599 1333 1598 1333 792 1333 792 553 1598 553 793 553 1598 1334 1597 1334 793 1334 793 1335 1597 1335 837 1335 1597 1336 1512 1336 837 1336 837 557 1512 557 834 557 1512 798 1511 798 834 798 834 798 1511 798 874 798 1511 799 1622 799 874 799 874 799 1622 799 873 799 1622 1444 1621 1444 873 1444 873 562 1621 562 630 562 1621 1337 1620 1337 630 1337 630 565 1620 565 492 565 1620 566 1529 566 492 566 492 1340 1529 1340 493 1340 1529 894 1527 894 493 894 493 1341 1527 1341 487 1341 1527 568 1568 568 487 568 487 568 1568 568 488 568 1568 806 1567 806 488 806 488 806 1567 806 490 806 1567 808 1565 808 490 808 490 1342 1565 1342 939 1342 1565 573 1563 573 939 573 939 1343 1563 1343 941 1343 1563 1344 1561 1344 941 1344 55 2 952 2 56 2 952 2 1387 2 56 2 1386 3 951 3 50 3 951 3 54 3 50 3 21 3 20 3 51 3 20 3 52 3 51 3 24 0 60 0 25 0 60 0 66 0 25 0</p>
        </triangles>
      </mesh>
    </geometry>
    <geometry id="Pata_Rollers-mesh" name="Pata Rollers">
      <mesh>
        <source id="Pata_Rollers-mesh-positions">
          <float_array id="Pata_Rollers-mesh-positions-array" count="96">-79.5 -6 -6 -72.5 -6 -6 -79.5 0 -6 -72.5 0 -6 -72.5 0 0 -72.5 -6 0 -85 0 0 -85 -6 0 -79.5 0 0 -79.5 -6 0 79.5 0 -6 79.5 0 0 85 0 0 -70 0 -14.5 -70 0 -34.5 -85 0 -34.5 72.5 0 0 72.5 0 -6 85 0 -34.5 70 0 -34.5 70 0 -14.5 70 -6 -14.5 70 -6 -34.5 85 -6 -34.5 72.5 -6 0 -85 -6 -34.5 -70 -6 -14.5 -70 -6 -34.5 79.5 -6 -6 85 -6 0 79.5 -6 0 72.5 -6 -6</float_array>
          <technique_common>
            <accessor source="#Pata_Rollers-mesh-positions-array" count="32" stride="3">
              <param name="X" type="float"/>
              <param name="Y" type="float"/>
              <param name="Z" type="float"/>
            </accessor>
          </technique_common>
        </source>
        <source id="Pata_Rollers-mesh-normals">
          <float_array id="Pata_Rollers-mesh-normals-array" count="30">0 0 1 -1 0 0 0 0 1 0 1 0 0 0 -1 0 0 1 0 0 1 0 -1 0 0 0 1 1 0 0</float_array>
          <technique_common>
            <accessor source="#Pata_Rollers-mesh-normals-array" count="10" stride="3">
              <param name="X" type="float"/>
              <param name="Y" type="float"/>
              <param name="Z" type="float"/>
            </accessor>
          </technique_common>
        </source>
        <vertices id="Pata_Rollers-mesh-vertices">
          <input semantic="POSITION" source="#Pata_Rollers-mesh-positions"/>
        </vertices>
        <triangles material="Material_001-material" count="60">
          <input semantic="VERTEX" source="#Pata_Rollers-mesh-vertices" offset="0"/>
          <input semantic="NORMAL" source="#Pata_Rollers-mesh-normals" offset="1"/>
          <p>0 0 1 0 2 0 1 0 3 0 2 0 3 1 1 1 4 1 1 1 5 1 4 1 6 2 7 2 8 2 7 2 9 2 8 2 10 3 11 3 12 3 13 3 14 3 15 3 4 3 16 3 3 3 16 3 17 3 3 3 18 3 19 3 20 3 12 3 18 3 10 3 18 3 20 3 10 3 10 3 20 3 17 3 20 3 13 3 17 3 17 3 13 3 3 3 13 3 15 3 3 3 3 3 15 3 2 3 15 3 6 3 2 3 2 3 6 3 8 3 20 1 19 1 21 1 19 1 22 1 21 1 18 4 23 4 19 4 23 4 22 4 19 4 5 5 24 5 4 5 24 6 16 6 4 6 9 7 7 7 0 7 7 7 25 7 0 7 0 7 25 7 26 7 25 7 27 7 26 7 22 7 23 7 28 7 23 7 29 7 28 7 28 7 29 7 30 7 31 7 24 7 1 7 24 7 5 7 1 7 22 7 28 7 21 7 28 7 31 7 21 7 21 7 31 7 26 7 31 7 1 7 26 7 26 7 1 7 0 7 30 8 29 8 11 8 29 8 12 8 11 8 27 4 25 4 14 4 25 4 15 4 14 4 25 1 7 1 15 1 7 1 6 1 15 1 29 9 23 9 12 9 23 9 18 9 12 9 13 4 20 4 26 4 20 4 21 4 26 4 31 9 17 9 24 9 17 9 16 9 24 9 14 9 13 9 27 9 13 9 26 9 27 9 10 1 28 1 11 1 28 1 30 1 11 1 31 0 28 0 17 0 28 0 10 0 17 0 0 9 2 9 9 9 2 9 8 9 9 9</p>
        </triangles>
      </mesh>
    </geometry>
  </library_geometries>
  <library_visual_scenes>
    <visual_scene id="Scene" name="Scene">
      <node id="Pata_Rollers_001" name="Pata Rollers.001" type="NODE">
        <matrix sid="transform">1 0 0 2.718634 0 1 0 -104.2596 0 0 1 29.76288 0 0 0 1</matrix>
        <instance_geometry url="#Pata_Rollers_001-mesh" name="Pata Rollers.001">
          <bind_material>
            <technique_common>
              <instance_material symbol="Material_001-material" target="#Material_001-material"/>
            </technique_common>
          </bind_material>
        </instance_geometry>
      </node>
      <node id="Roller_Main" name="Roller Main" type="NODE">
        <matrix sid="transform">1 0 0 0 0 1 0 0 0 0 1 -2.705987 0 0 0 1</matrix>
        <instance_geometry url="#Roller_Main-mesh" name="Roller Main">
          <bind_material>
            <technique_common>
              <instance_material symbol="Material_003-material" target="#Material_003-material"/>
            </technique_common>
          </bind_material>
        </instance_geometry>
      </node>
      <node id="Pata_Rollers" name="Pata Rollers" type="NODE">
        <matrix sid="transform">1 0 0 2.718634 0 1 0 4.843217 0 0 1 29.76288 0 0 0 1</matrix>
        <instance_geometry url="#Pata_Rollers-mesh" name="Pata Rollers">
          <bind_material>
            <technique_common>
              <instance_material symbol="Material_001-material" target="#Material_001-material"/>
            </technique_common>
          </bind_material>
        </instance_geometry>
      </node>
      <node id="Camera" name="Camera" type="NODE">
        <matrix sid="transform">0.6859207 -0.3240135 0.6515582 7.358891 0.7276763 0.3054208 -0.6141704 -6.925791 0 0.8953956 0.4452714 4.958309 0 0 0 1</matrix>
        <instance_camera url="#Camera-camera"/>
      </node>
      <node id="Light" name="Light" type="NODE">
        <matrix sid="transform">-0.2908646 -0.7711008 0.5663932 4.076245 0.9551712 -0.1998834 0.2183912 1.005454 -0.05518906 0.6045247 0.7946723 5.903862 0 0 0 1</matrix>
        <instance_light url="#Light-light"/>
      </node>
    </visual_scene>
  </library_visual_scenes>
  <scene>
    <instance_visual_scene url="#Scene"/>
  </scene>
</COLLADA>